permit_record_id,permit_address,permit_date,permit_est_cost,mls_list_no,mls_address,mls_list_date,mls_settled_date,mls_sale_price,match_type,match_score,time_to_list_days,time_to_sale_days,sale_to_cost_ratio
"RES-25-860","489A WORCESTER STREET, WELLESLEY, MA 02481","+251540-10","","","365 WORCESTER STREET, WELLESLEY, MA 02481","","","","fuzzy","0.9343915343915343","","",""
"RES-25-667","489 WORCESTER STREET, WELLESLEY, MA 02481","+251754-08","","","365 WORCESTER STREET, WELLESLEY, MA 02481","","","","fuzzy","0.9428571428571427","","",""
"RES-25-860","489A WORCESTER STREET, WELLESLEY, MA 02481","+251540-10","1400000","","365 WORCESTER STREET, WELLESLEY, MA 02481","","","","fuzzy","0.9343915343915343","","",""
"RES-25-667","489 WORCESTER STREET, WELLESLEY, MA 02481","+251754-08","1300000","","365 WORCESTER STREET, WELLESLEY, MA 02481","","","","fuzzy","0.9428571428571427","","",""
"","38 Parker,","","","","38 PARKER ROAD","","","","fuzzy","0.95","","",""
"","15 Lafayette","","","73368427","15 Lafayette Cir 3 1","2025-04-30","2025-07-24","","fuzzy","0.92","","",""
"","345 Linden,","","","73074917","345 Linden 3 1","2023-01-30","2023-05-09","","fuzzy","0.9428571428571428","","",""
"","23 Wareland,","","","73389515","23 Wareland Rd 3 2","2025-06-10","2025-07-13","","fuzzy","0.9222222222222222","","",""
"","91 Prospect,","","","","91 PROSPECT STREET","","","","fuzzy","0.9571428571428571","","",""
"","23 Priscilla,","","","73307224","23 Priscilla Cir 3 2","2024-10-28","2025-05-01","","fuzzy","0.92","","",""
"","206 Bristol,","","","","206 BRISTOL ROAD","","","","fuzzy","0.9571428571428571","","",""
"","201 Lowell,","","","73102988","201 Lowell Road","2023-04-24","2023-08-08","","fuzzy","0.9538461538461538","","",""
"","38 Woodcliff,","","","","38 WOODCLIFF ROAD","","","","fuzzy","0.96","","",""
"","222 Grove,","","","","222 GROVE STREET","","","","fuzzy","0.95","","",""
"","40 Radcliffe,","","","73314492","40 Radcliffe 5 2","2024-11-19","2025-04-24","","fuzzy","0.95","","",""
"","52 Valley","","","73292242","52 Valley Rd","2024-09-18","2025-03-23","","fuzzy","0.95","","",""
"","184 Cliff Road 6 6","","","73353510","184 Cliff Road 6 6","2025-04-01","2025-09-29","","exact","1","","",""
"","15 Valley Road 6 8","","","73077635","15 Valley Road 6 8","2023-02-08","2023-05-14","","exact","1","","",""
"","121 Livingston Road 6 7","","","73295182","121 Livingston Road 6 7","2024-09-25","2025-01-08","","exact","1","","",""
"","42 Cranmore Road 6 6","","","73285093","42 Cranmore Road 6 6","2024-09-03","2025-01-14","","exact","1","","",""
"","15 Croton Street 5 6","","","73221156","15 Croton Street 5 6","2024-04-07","2024-05-29","","exact","1","","",""
"","55 Old Farm Road 6 8","","","73332851","55 Old Farm Road 6 8","2025-02-04","2025-05-28","","exact","1","","",""
"","108 Abbott Road 6 6","","","73435262","108 Abbott Road 6 6","2025-09-23","2025-11-11","","exact","1","","",""
"","9 Bellevue Road 6 6","","","73365607","9 Bellevue Road 6 6","2025-04-27","2025-08-21","","exact","1","","",""
"","15 Lathrop Rd 6 5","","","73382950","15 Lathrop Rd 6 5","2025-05-29","2025-06-29","","exact","1","","",""
"","1 Old Farm Rd 6 4","","","73371325","1 Old Farm Rd 6 4","2025-05-06","2025-08-03","","exact","1","","",""
"","115 Woodlawn Ave 5 5","","","73153553","115 Woodlawn Ave 5 5","2023-08-28","2023-12-17","","exact","1","","",""
"","7 Mountview Rd 6 5","","","73426351","7 Mountview Rd 6 5","2025-09-03","2025-12-10","","exact","1","","",""
"","89 Monadnock Road 6 6","","","73034524","89 Monadnock Road 6 6","2022-09-07","2023-09-07","","exact","1","","",""
"","11 Falmouth Rd 6 7","","","73365348","11 Falmouth Rd 6 7","2025-04-27","2025-08-17","","exact","1","","",""
"","55 Ridge Hill Farm Rd 5 5","","","73088905","55 Ridge Hill Farm Rd 5 5","2023-03-16","2023-06-25","","exact","1","","",""
"","31 Cranmore Road 6 5","","","73045783","31 Cranmore Road 6 5","2022-10-06","2023-08-20","","exact","1","","",""
"","149 Benvenue 5 6","","","73206848","149 Benvenue 5 6","2024-02-28","2024-08-07","","exact","1","","",""
"","236 Grove Street 6 7","","","73383236","236 Grove Street 6 7","2025-05-30","2025-08-14","","exact","1","","",""
"","120 Dover Road 6 6","","","73075343","120 Dover Road 6 6","2023-01-31","2023-06-12","","exact","1","","",""
"","26 Yarmouth Rd 6 6","","","72977903","26 Yarmouth Rd 6 6","2022-05-06","2024-01-01","","exact","1","","",""
"","37 Cypress Road 6 6","","","73126432","37 Cypress Road 6 6","2023-06-18","2024-04-10","","exact","1","","",""
"","39 Cypress Road 6 6","","","73082401","39 Cypress Road 6 6","2023-02-27","2023-10-26","","exact","1","","",""
"","78 Arnold Road 6 6","","","73131961","78 Arnold Road 6 6","2023-07-04","2023-08-31","","exact","1","","",""
"","15 Sumner Road 6 5","","","73351020","15 Sumner Road 6 5","2025-03-26","2025-08-10","","exact","1","","",""
"","123 Abbott Road 6 6","","","73204119","123 Abbott Road 6 6","2024-02-20","2024-06-16","","exact","1","","",""
"","182 Bristol Rd 7 6","","","73253479","182 Bristol Rd 7 6","2024-06-16","2024-11-07","","exact","1","","",""
"","18 Old Colony Rd 5 6","","","73215620","18 Old Colony Rd 5 6","2024-03-21","2025-06-10","","exact","1","","",""
"","165 Cliff Rd 6 5","","","73297001","165 Cliff Rd 6 5","2024-09-30","2025-01-14","","exact","1","","",""
"","38 Old Farm Rd 6 6","","","73286562","38 Old Farm Rd 6 6","2024-09-05","2024-10-22","","exact","1","","",""
"","80 Hundreds Road 6 7","","","73200930","80 Hundreds Road 6 7","2024-02-07","2024-05-22","","exact","1","","",""
"","11 Greylock Rd 4 5","","","73374644","11 Greylock Rd 4 5","2025-05-13","2025-06-23","","exact","1","","",""
"","60 Abbott Rd 6 5","","","73200340","60 Abbott Rd 6 5","2024-02-06","2024-06-02","","exact","1","","",""
"","51 Radcliffe Road 6 7","","","73306394","51 Radcliffe Road 6 7","2024-10-24","2025-05-29","","exact","1","","",""
"","36 Oakridge Rd 6 6","","","73340360","36 Oakridge Rd 6 6","2025-03-02","2025-12-03","","exact","1","","",""
"","56 Ledgeways 6 6","","","73445125","56 Ledgeways 6 6","2025-10-16","2025-11-30","","exact","1","","",""
"","6 Southgate Road 6 6","","","73425728","6 Southgate Road 6 6","2025-09-03","2025-10-29","","exact","1","","",""
"","15 Woodcliff Rd 6 6","","","73092766","15 Woodcliff Rd 6 6","2023-03-28","2023-05-29","","exact","1","","",""
"","17 Arden Rd 6 5","","","73069870","17 Arden Rd 6 5","2023-01-10","2023-04-26","","exact","1","","",""
"","18 Valley Road 4 3","","","73139408","18 Valley Road 4 3","2023-07-20","2024-04-15","","exact","1","","",""
"","26 White Oak Road 5 4","","","73425349","26 White Oak Road 5 4","2025-09-02","2025-10-13","","exact","1","","",""
"","30 Hobart Rd 7 6","","","73345670","30 Hobart Rd 7 6","2025-03-13","2025-11-11","","exact","1","","",""
"","77 Forest St 5 6","","","73198420","77 Forest St 5 6","2024-01-31","2024-06-10","","exact","1","","",""
"","22 Suffolk Rd 7 6","","","73123150","22 Suffolk Rd 7 6","2023-06-08","2023-12-18","","exact","1","","",""
"","76 Bristol Road 6 6","","","72973384","76 Bristol Road 6 6","2022-04-27","2023-06-29","","exact","1","","",""
"","117 Abbott Road 6 6","","","73073458","117 Abbott Road 6 6","2023-01-24","2023-04-12","","exact","1","","",""
"","15 Essex Rd 6 6","","","73425035","15 Essex Rd 6 6","2025-09-02","2025-12-10","","exact","1","","",""
"","22 Temple Road 5 5","","","73366917","22 Temple Road 5 5","2025-04-29","2025-07-13","","exact","1","","",""
"","55 Edmunds Rd 6 6","","","73102928","55 Edmunds Rd 6 6","2023-04-24","2023-07-31","","exact","1","","",""
"","5 Sabrina Rd 7 7","","","73342045","5 Sabrina Rd 7 7","2025-03-05","2025-05-15","","exact","1","","",""
"","85 Benvenue Street 6 6","","","73222141","85 Benvenue Street 6 6","2024-04-09","2024-06-25","","exact","1","","",""
"","19 Longmeadow Rd 6 7","","","73097780","19 Longmeadow Rd 6 7","2023-04-11","2023-09-07","","exact","1","","",""
"","6 Norwich Rd 6 7","","","73432485","6 Norwich Rd 6 7","2025-09-17","2025-12-02","","exact","1","","",""
"","91 Hundreds Road 4 5","","","73218121","91 Hundreds Road 4 5","2024-03-31","2024-07-25","","exact","1","","",""
"","193 Winding River Road 5 4","","","73426617","193 Winding River Road 5 4","2025-09-04","2025-11-16","","exact","1","","",""
"","241 Bristol Rd 5 6","","","73225526","241 Bristol Rd 5 6","2024-04-17","2024-05-29","","exact","1","","",""
"","10 Lanark Road 6 3","","","73345077","10 Lanark Road 6 3","2025-03-12","2025-07-09","","exact","1","","",""
"","10 Taylor Road 7 5","","","73359268","10 Taylor Road 7 5","2025-04-13","2025-07-22","","exact","1","","",""
"","8 Hampshire Road 5 6","","","73102933","8 Hampshire Road 5 6","2023-04-24","2023-11-02","","exact","1","","",""
"","10 Clark Rd 6 6","","","73086484","10 Clark Rd 6 6","2023-03-09","2023-07-26","","exact","1","","",""
"","111 Livingston Rd 5 6","","","73069968","111 Livingston Rd 5 6","2023-01-10","2023-05-29","","exact","1","","",""
"","22 Oakridge 5 5","","","73124828","22 Oakridge 5 5","2023-06-13","2023-11-29","","exact","1","","",""
"","110 Hundreds Road 5 4","","","73102935","110 Hundreds Road 5 4","2023-04-24","2023-11-12","","exact","1","","",""
"","39 Temple Road 5 6","","","73179298","39 Temple Road 5 6","2023-11-08","2024-01-17","","exact","1","","",""
"","78 Hundreds Road 6 7","","","73348574","78 Hundreds Road 6 7","2025-03-20","2025-05-08","","exact","1","","",""
"","10 Bird Hill Ave 5 5","","","73424442","10 Bird Hill Ave 5 5","2025-09-01","2025-12-02","","exact","1","","",""
"","14 Bird Hill Ave 5 5","","","73418637","14 Bird Hill Ave 5 5","2025-08-14","2025-10-23","","exact","1","","",""
"","17 Ravine Road 5 4","","","73219678","17 Ravine Road 5 4","2024-04-02","2024-06-27","","exact","1","","",""
"","53 Maugus Hill Road 6 8","","","73103597","53 Maugus Hill Road 6 8","2023-04-25","2023-05-31","","exact","1","","",""
"","20 Wedgwood Rd 5 4","","","73062761","20 Wedgwood Rd 5 4","2022-12-03","2023-07-11","","exact","1","","",""
"","143 Brook St 6 5","","","73340295","143 Brook St 6 5","2025-03-02","2025-04-29","","exact","1","","",""
"","9 Ravine 1 1","","","73427632","9 Ravine 1 1","2025-09-07","2025-10-02","","exact","1","","",""
"","50 Temple Rd 5 5","","","73375457","50 Temple Rd 5 5","2025-05-14","2025-08-11","","exact","1","","",""
"","92 Old Colony Road 5 4","","","73092774","92 Old Colony Road 5 4","2023-03-28","2023-07-31","","exact","1","","",""
"","36 Ridge Hill Farm 5 4","","","73073817","36 Ridge Hill Farm 5 4","2023-01-25","2023-04-02","","exact","1","","",""
"","21 Cushing Road 5 4","","","73346403","21 Cushing Road 5 4","2025-03-16","2025-04-30","","exact","1","","",""
"","36 Old Farm Rd 5 5","","","73382873","36 Old Farm Rd 5 5","2025-05-29","2025-07-30","","exact","1","","",""
"","22 Priscilla Cir 6 5","","","73397608","22 Priscilla Cir 6 5","2025-06-26","2025-10-21","","exact","1","","",""
"","10 Livingston Rd 5 5","","","73339644","10 Livingston Rd 5 5","2025-02-27","2025-04-02","","exact","1","","",""
"","14 Plymouth Rd 5 4","","","73219274","14 Plymouth Rd 5 4","2024-04-02","2024-08-08","","exact","1","","",""
"","178 Lowell Road 5 4","","","73082877","178 Lowell Road 5 4","2023-02-28","2023-06-04","","exact","1","","",""
"","45 Westgate Rd 5 4","","","73079494","45 Westgate Rd 5 4","2023-02-22","2023-05-02","","exact","1","","",""
"","7 Ingersoll Rd 5 5","","","73189546","7 Ingersoll Rd 5 5","2023-12-30","2024-02-29","","exact","1","","",""
"","18 Park Avenue 5 6","","","73357594","18 Park Avenue 5 6","2025-04-08","2025-06-12","","exact","1","","",""
"","10 Great Plain Ave 6 6","","","73310161","10 Great Plain Ave 6 6","2024-11-05","2025-05-27","","exact","1","","",""
"","19 Sheridan Rd 5 5","","","73293901","19 Sheridan Rd 5 5","2024-09-23","2024-11-25","","exact","1","","",""
"","105 Elmwood Road 4 4","","","73272350","105 Elmwood Road 4 4","2024-07-31","2024-08-30","","exact","1","","",""
"","16 Upland Road 6 5","","","73240509","16 Upland Road 6 5","2024-05-19","2024-08-28","","exact","1","","",""
"","10 Benton Street 5 5","","","73288356","10 Benton Street 5 5","2024-09-10","2024-11-05","","exact","1","","",""
"","5 Beard Way 7 6","","","73283930","5 Beard Way 7 6","2024-09-02","2024-10-24","","exact","1","","",""
"","21 Colburn Rd 6 6","","","73280465","21 Colburn Rd 6 6","2024-08-20","2025-03-06","","exact","1","","",""
"","130 Great Plain Ave 5 5","","","73227294","130 Great Plain Ave 5 5","2024-04-22","2024-06-25","","exact","1","","",""
"","60 Damien Rd 5 6","","","73121912","60 Damien Rd 5 6","2023-06-06","2023-09-18","","exact","1","","",""
"","5 Rockridge Road 5 4","","","73088117","5 Rockridge Road 5 4","2023-03-14","2023-03-30","","exact","1","","",""
"","196 Washington St 5 4","","","73206758","196 Washington St 5 4","2024-02-27","2024-05-29","","exact","1","","",""
"","34 Chesterton Road 5 4","","","73207063","34 Chesterton Road 5 4","2024-02-28","2024-04-30","","exact","1","","",""
"","14 Rockridge Rd 6 5","","","73209281","14 Rockridge Rd 6 5","2024-03-05","2024-06-27","","exact","1","","",""
"","1 Beard Way 5 5","","","73363105","1 Beard Way 5 5","2025-04-22","2025-07-17","","exact","1","","",""
"","202 Bristol Road 6 7","","","73350340","202 Bristol Road 6 7","2025-03-25","2025-07-13","","exact","1","","",""
"","23 Wall Street 4 4","","","73233761","23 Wall Street 4 4","2024-05-05","2024-07-28","","exact","1","","",""
"","7 Appian Dr 5 6","","","73091519","7 Appian Dr 5 6","2023-03-26","2023-05-24","","exact","1","","",""
"","149 Bristol Road 5 4","","","73073849","149 Bristol Road 5 4","2023-01-25","2023-03-21","","exact","1","","",""
"","21 Cushing Rd 5 4","","","73346403","21 Cushing Road 5 4","2025-03-16","2025-04-30","","exact","1","","",""
"","32 Twitchell St 6 4","","","73452790","32 Twitchell St 6 4","2025-11-06","2026-01-07","","exact","1","","",""
"","27 College Road 6 5","","","73213037","27 College Road 6 5","2024-03-14","2024-06-12","","exact","1","","",""
"","51 Boulder Brook Rd 5 4","","","73444537","51 Boulder Brook Rd 5 4","2025-10-15","2025-12-08","","exact","1","","",""
"","32 S. Woodside Ave 5 4","","","73431026","32 S. Woodside Ave 5 4","2025-09-14","2025-10-07","","exact","1","","",""
"","38 Fuller Brook Rd 6 5","","","73425312","38 Fuller Brook Rd 6 5","2025-09-02","2025-11-04","","exact","1","","",""
"","1 Fletcher Rd 6 5","","","73373138","1 Fletcher Rd 6 5","2025-05-11","2025-08-07","","exact","1","","",""
"","69 Forest St 4 4","","","73356909","69 Forest St 4 4","2025-04-08","2025-07-31","","exact","1","","",""
"","5 Cliff Road 5 4","","","73348039","5 Cliff Road 5 4","2025-03-19","2025-07-01","","exact","1","","",""
"","24 Jackson Rd 6 4","","","73347550","24 Jackson Rd 6 4","2025-03-18","2025-06-15","","exact","1","","",""
"","19 Abbott Rd 5 4","","","73326568","19 Abbott Rd 5 4","2025-01-14","2025-02-17","","exact","1","","",""
"","64 Yarmouth Rd 5 3","","","73268773","64 Yarmouth Rd 5 3","2024-07-23","2024-09-29","","exact","1","","",""
"","68 Crest Road 6 3","","","73212488","68 Crest Road 6 3","2024-03-13","2024-07-17","","exact","1","","",""
"","11 Alba Road 5 5","","","73199071","11 Alba Road 5 5","2024-02-01","2024-11-17","","exact","1","","",""
"","19 Radcliffe Rd 4 3","","","73171921","19 Radcliffe Rd 4 3","2023-10-17","2023-12-14","","exact","1","","",""
"","198 Winding River Rd 5 3","","","73108853","198 Winding River Rd 5 3","2023-05-08","2023-07-13","","exact","1","","",""
"","33 Maugus Hill Road 5 5","","","73338729","33 Maugus Hill Road 5 5","2025-02-25","2025-04-14","","exact","1","","",""
"","86 Parker 5 4","","","73284082","86 Parker 5 4","2024-09-02","2025-01-02","","exact","1","","",""
"","10 Ingersoll Road 5 5","","","73316755","10 Ingersoll Road 5 5","2024-12-01","2025-01-30","","exact","1","","",""
"","65 Pleasant Street 5 4","","","73075178","65 Pleasant Street 5 4","2023-01-31","2023-08-20","","exact","1","","",""
"","26 Edmunds Road 4 3","","","73443645","26 Edmunds Road 4 3","2025-10-14","2026-01-08","","exact","1","","",""
"","9 Smith Street 5 6","","","73365472","9 Smith Street 5 6","2025-04-27","2025-06-05","","exact","1","","",""
"","91 Seaver Street 5 5","","","73351786","91 Seaver Street 5 5","2025-03-27","2025-08-14","","exact","1","","",""
"","34 Garrison Rd 5 4","","","73302170","34 Garrison Rd 5 4","2024-10-14","2025-02-10","","exact","1","","",""
"","21 Pine Ridge Rd 5 4","","","73287168","21 Pine Ridge Rd 5 4","2024-09-08","2024-11-12","","exact","1","","",""
"","51 Beverly Rd 5 4","","","73255076","51 Beverly Rd 5 4","2024-06-19","2024-09-22","","exact","1","","",""
"","7 Kipling Road 7 6","","","73230674","7 Kipling Road 7 6","2024-04-29","2024-08-21","","exact","1","","",""
"","11 Winding River Cir 5 4","","","73194496","11 Winding River Cir 5 4","2024-01-16","2024-03-05","","exact","1","","",""
"","10 Longfellow Rd 4 3","","","73176592","10 Longfellow Rd 4 3","2023-11-01","2024-01-18","","exact","1","","",""
"","3 Ordway Rd 6 4","","","73114049","3 Ordway Rd 6 4","2023-05-18","2023-08-29","","exact","1","","",""
"","47 Cypress Rd 5 6","","","73092759","47 Cypress Rd 5 6","2023-03-28","2023-08-24","","exact","1","","",""
"","46 Garden Rd 4 4","","","73293153","46 Garden Rd 4 4","2024-09-19","2024-12-03","","exact","1","","",""
"","169 Grove St 4 4","","","73337824","169 Grove St 4 4","2025-02-23","2025-04-29","","exact","1","","",""
"","60 Halsey Ave 5 4","","","73302933","60 Halsey Ave 5 4","2024-10-15","2024-12-11","","exact","1","","",""
"","68 Parker Rd 5 4","","","73229048","68 Parker Rd 5 4","2024-04-24","2024-06-13","","exact","1","","",""
"","52 Ridge Hill Farm Rd 5 4","","","73069127","52 Ridge Hill Farm Rd 5 4","2023-01-08","2023-04-12","","exact","1","","",""
"","14 Oakencroft Road 4 3","","","73243342","14 Oakencroft Road 4 3","2024-05-27","2024-10-29","","exact","1","","",""
"","250 Weston Rd 5 4","","","73366725","250 Weston Rd 5 4","2025-04-29","2025-06-24","","exact","1","","",""
"","7 Beard Way 4 5","","","73044171","7 Beard Way 4 5","2022-10-03","2023-01-24","","exact","1","","",""
"","53 Park Avenue 5 6","","","73266756","53 Park Avenue 5 6","2024-07-17","2024-12-30","","exact","1","","",""
"","70 Old Farm Rd 2 1","","","73427631","70 Old Farm Rd 2 1","2025-09-07","2025-10-14","","exact","1","","",""
"","2 Kenilworth Road 5 3","","","73419087","2 Kenilworth Road 5 3","2025-08-17","2025-10-14","","exact","1","","",""
"","18 Patton Road 6 6","","","73417291","18 Patton Road 6 6","2025-08-12","2025-11-30","","exact","1","","",""
"","24 Hampden St 6 5","","","73394573","24 Hampden St 6 5","2025-06-19","2025-07-28","","exact","1","","",""
"","24 Summit Road 6 4","","","73393020","24 Summit Road 6 4","2025-06-17","2025-08-18","","exact","1","","",""
"","14 Princeton Rd 5 4","","","73368386","14 Princeton Rd 5 4","2025-04-30","2025-06-23","","exact","1","","",""
"","50 Crestwood Dr 5 5","","","73367047","50 Crestwood Dr 5 5","2025-04-29","2025-07-01","","exact","1","","",""
"","229 Bristol Rd 4 4","","","73354421","229 Bristol Rd 4 4","2025-04-02","2025-05-01","","exact","1","","",""
"","11 Crown Ridge Road 5 4","","","73353835","11 Crown Ridge Road 5 4","2025-04-01","2025-06-22","","exact","1","","",""
"","27 Boulevard Rd 5 5","","","73347322","27 Boulevard Rd 5 5","2025-03-18","2025-08-07","","exact","1","","",""
"","45 Old Colony Road 5 3","","","73300636","45 Old Colony Road 5 3","2024-10-08","2024-12-05","","exact","1","","",""
"","21 Sterling Rd 4 3","","","73258072","21 Sterling Rd 4 3","2024-06-26","2024-07-28","","exact","1","","",""
"","46 Pilgrim Rd 5 4","","","73254724","46 Pilgrim Rd 5 4","2024-06-18","2024-08-04","","exact","1","","",""
"","15 Longmeadow Rd 5 4","","","73235648","15 Longmeadow Rd 5 4","2024-05-08","2024-07-10","","exact","1","","",""
"","29 Woodcliff Rd 4 4","","","73225692","29 Woodcliff Rd 4 4","2024-04-17","2024-06-19","","exact","1","","",""
"","56 White Oak Road 5 4","","","73212063","56 White Oak Road 5 4","2024-03-12","2024-05-12","","exact","1","","",""
"","11 Cypress Road 6 4","","","73201251","11 Cypress Road 6 4","2024-02-08","2024-04-17","","exact","1","","",""
"","120 Hampshire Rd 4 4","","","73197145","120 Hampshire Rd 4 4","2024-01-26","2024-03-04","","exact","1","","",""
"","68 Pleasant St 5 4","","","73149256","68 Pleasant St 5 4","2023-08-15","2023-10-15","","exact","1","","",""
"","20 Marshall Rd 5 5","","","73078392","20 Marshall Rd 5 5","2023-02-20","2023-04-10","","exact","1","","",""
"","36 Sheridan Road 5 4","","","73076915","36 Sheridan Road 5 4","2023-02-06","2023-08-24","","exact","1","","",""
"","24 Lincoln Road 4 4","","","73070397","24 Lincoln Road 4 4","2023-01-11","2023-03-27","","exact","1","","",""
"","130 Great Plain Avenue 5 5","","","73227294","130 Great Plain Ave 5 5","2024-04-22","2024-06-25","","exact","1","","",""
"","15 Rockridge Road 4 3","","","73258989","15 Rockridge Road 4 3","2024-06-28","2024-08-11","","exact","1","","",""
"","21 Mansfield Rd 6 4","","","73133460","21 Mansfield Rd 6 4","2023-07-06","2023-08-10","","exact","1","","",""
"","265 Weston Rd 5 5","","","73281065","265 Weston Rd 5 5","2024-08-21","2024-12-02","","exact","1","","",""
"","11 Shaw Road 5 4","","","73215555","11 Shaw Road 5 4","2024-03-21","2024-04-24","","exact","1","","",""
"","23 Colgate Road 5 5","","","73082831","23 Colgate Road 5 5","2023-02-28","2023-05-18","","exact","1","","",""
"","29 Tennyson Rd 5 4","","","73113099","29 Tennyson Rd 5 4","2023-05-16","2023-08-21","","exact","1","","",""
"","110 Hampshire Rd 5 3","","","73329612","110 Hampshire Rd 5 3","2025-01-26","2025-05-27","","exact","1","","",""
"","36 Avon Road 5 3","","","73266948","36 Avon Road 5 3","2024-07-18","2024-11-21","","exact","1","","",""
"","28 Wall St 5 4","","","73424748","28 Wall St 5 4","2025-09-02","2025-11-16","","exact","1","","",""
"","88 Hopkinson Street 5 5","","","73332536","88 Hopkinson Street 5 5","2025-02-04","2025-03-05","","exact","1","","",""
"","460 Weston Road 5 5","","","73306117","460 Weston Road 5 5","2024-10-23","2024-12-11","","exact","1","","",""
"","37 Oakridge Rd 5 3","","","73231476","37 Oakridge Rd 5 3","2024-04-30","2024-08-06","","exact","1","","",""
"","169 Hampshire Rd 4 3","","","73230427","169 Hampshire Rd 4 3","2024-04-29","2024-06-16","","exact","1","","",""
"","36 Patton Rd 5 4","","","73098953","36 Patton Rd 5 4","2023-04-13","2023-04-26","","exact","1","","",""
"","11 Rockridge Road 5 4","","","73098075","11 Rockridge Road 5 4","2023-04-11","2023-05-18","","exact","1","","",""
"","112 Lowell Road 4 3","","","73075276","112 Lowell Road 4 3","2023-01-31","2023-04-10","","exact","1","","",""
"","35 Albion Rd 5 4","","","73197875","35 Albion Rd 5 4","2024-01-30","2024-03-14","","exact","1","","",""
"","7 Atwood St 6 4","","","73408229","7 Atwood St 6 4","2025-07-22","2025-08-24","","exact","1","","",""
"","53 Windsor Rd 4 4","","","73381532","53 Windsor Rd 4 4","2025-05-27","2025-07-23","","exact","1","","",""
"","41 Chesterton Rd 5 4","","","73239042","41 Chesterton Rd 5 4","2024-05-15","2024-07-31","","exact","1","","",""
"","121 Glen Rd 5 5","","","73200399","121 Glen Rd 5 5","2024-02-06","2024-04-15","","exact","1","","",""
"","135 Glen Road 5 3","","","73198831","135 Glen Road 5 3","2024-02-01","2024-04-30","","exact","1","","",""
"","5 Greenbough Lane 5 3","","","73282764","5 Greenbough Lane 5 3","2024-08-28","2024-10-21","","exact","1","","",""
"","35 Halsey Ave 4 4","","","73296981","35 Halsey Ave 4 4","2024-09-30","2024-12-01","","exact","1","","",""
"","45 Marshall Road 4 4","","","73222696","45 Marshall Road 4 4","2024-04-09","2024-06-03","","exact","1","","",""
"","173 Benvenue Street 5 5","","","73435303","173 Benvenue Street 5 5","2025-09-23","2025-10-27","","exact","1","","",""
"","34 Bay View Rd 4 4","","","73362449","34 Bay View Rd 4 4","2025-04-21","2025-06-12","","exact","1","","",""
"","23 Lawrence Rd 5 3","","","73255080","23 Lawrence Rd 5 3","2024-06-19","2025-01-30","","exact","1","","",""
"","8 Beverly Road 4 4","","","73238825","8 Beverly Road 4 4","2024-05-14","2024-07-22","","exact","1","","",""
"","93 Sagamore Rd 6 4","","","73219596","93 Sagamore Rd 6 4","2024-04-02","2024-05-20","","exact","1","","",""
"","30 Colburn Rd 5 3","","","73206520","30 Colburn Rd 5 3","2024-02-27","2024-04-10","","exact","1","","",""
"","9 Patton Rd 4 4","","","73206387","9 Patton Rd 4 4","2024-02-27","2024-06-19","","exact","1","","",""
"","6 Halsey Avenue 4 4","","","73169170","6 Halsey Avenue 4 4","2023-10-10","2023-12-14","","exact","1","","",""
"","106 Bristol Rd 5 3","","","73162435","106 Bristol Rd 5 3","2023-09-20","2023-11-26","","exact","1","","",""
"","40 Oakridge Road 5 4","","","73112861","40 Oakridge Road 5 4","2023-05-16","2023-07-13","","exact","1","","",""
"","One Crown Ridge Rd 5 4","","","73109943","One Crown Ridge Rd 5 4","2023-05-09","2023-07-13","","exact","1","","",""
"","68 Old Colony Rd 5 3","","","73106812","68 Old Colony Rd 5 3","2023-05-02","2023-08-07","","exact","1","","",""
"","11 Shaw Rd 5 4","","","73215555","11 Shaw Road 5 4","2024-03-21","2024-04-24","","exact","1","","",""
"","16 Nantucket Rd 4 2","","","73357644","16 Nantucket Rd 4 2","2025-04-08","2025-07-27","","exact","1","","",""
"","45 Stanford Rd. 4 4","","","73367363","45 Stanford Rd. 4 4","2025-04-29","2025-07-30","","exact","1","","",""
"","133 Hampshire Rd 5 4","","","73363651","133 Hampshire Rd 5 4","2025-04-22","2025-06-25","","exact","1","","",""
"","25 Crescent St 5 5","","","73347460","25 Crescent St 5 5","2025-03-18","2025-05-13","","exact","1","","",""
"","21 Rockridge Rd 5 3","","","73313922","21 Rockridge Rd 5 3","2024-11-18","2025-01-09","","exact","1","","",""
"","73 Ledgeways 6 5","","","73236961","73 Ledgeways 6 5","2024-05-12","2024-08-08","","exact","1","","",""
"","169 Washington Street 5 4","","","73184267","169 Washington Street 5 4","2023-11-30","2024-01-29","","exact","1","","",""
"","10 Oakland Street 5 4","","","73176224","10 Oakland Street 5 4","2023-10-31","2024-02-11","","exact","1","","",""
"","19 Turner Rd 4 4","","","73174641","19 Turner Rd 4 4","2023-10-25","2024-02-28","","exact","1","","",""
"","91 Old Colony Road 4 3","","","73168230","91 Old Colony Road 4 3","2023-10-08","2023-12-28","","exact","1","","",""
"","23 Bobolink Rd 5 5","","","73122921","23 Bobolink Rd 5 5","2023-06-08","2023-12-14","","exact","1","","",""
"","51 Abbott Road 6 4","","","73373260","51 Abbott Road 6 4","2025-05-11","2025-09-02","","exact","1","","",""
"","194 Grove St 4 2","","","73380798","194 Grove St 4 2","2025-05-27","2025-08-20","","exact","1","","",""
"","22 Oakencroft Rd 5 4","","","73354346","22 Oakencroft Rd 5 4","2025-04-02","2025-06-15","","exact","1","","",""
"","24 Birch Rd 5 4","","","73232615","24 Birch Rd 5 4","2024-05-01","2024-07-21","","exact","1","","",""
"","103 Westgate Rd 4 3","","","73231055","103 Westgate Rd 4 3","2024-04-30","2024-06-24","","exact","1","","",""
"","12 Parker Road 5 5","","","73224491","12 Parker Road 5 5","2024-04-15","2024-06-06","","exact","1","","",""
"","43 MacArthur Road 4 4","","","73093831","43 MacArthur Road 4 4","2023-03-30","2023-06-15","","exact","1","","",""
"","19 Turner Road 4 4","","","73174641","19 Turner Rd 4 4","2023-10-25","2024-02-28","","exact","1","","",""
"","12 Wildon Road 5 4","","","73336462","12 Wildon Road 5 4","2025-02-18","2025-04-30","","exact","1","","",""
"","2 Summit Road 4 4","","","73405935","2 Summit Road 4 4","2025-07-16","2025-10-13","","exact","1","","",""
"","46 Lincoln Rd 4 3","","","73423858","46 Lincoln Rd 4 3","2025-08-31","2026-01-08","","exact","1","","",""
"","17 Paine St. 5 3","","","73106541","17 Paine St. 5 3","2023-05-02","2023-06-29","","exact","1","","",""
"","59 Madison Road 4 3","","","73334608","59 Madison Road 4 3","2025-02-11","2025-04-02","","exact","1","","",""
"","34 Bradford Road 5 3","","","73161481","34 Bradford Road 5 3","2023-09-19","2023-11-16","","exact","1","","",""
"","15 Colgate Rd 5 4","","","73104058","15 Colgate Rd 5 4","2023-04-26","2023-06-22","","exact","1","","",""
"","228 Grove St 4 3","","","73097987","228 Grove St 4 3","2023-04-11","2023-07-16","","exact","1","","",""
"","15 The Water Way 5 4","","","73195136","15 The Water Way 5 4","2024-01-18","2024-04-04","","exact","1","","",""
"","81 Hampshire Rd 4 2","","","73371461","81 Hampshire Rd 4 2","2025-05-06","2025-08-04","","exact","1","","",""
"","11 Roanoke Rd 5 5","","","73340801","11 Roanoke Rd 5 5","2025-03-03","2025-04-15","","exact","1","","",""
"","25 Brookdale Ave 4 3","","","73328263","25 Brookdale Ave 4 3","2025-01-21","2025-05-29","","exact","1","","",""
"","56 Woodcliff Rd 5 3","","","73284777","56 Woodcliff Rd 5 3","2024-09-03","2025-01-07","","exact","1","","",""
"","37 Garden Road 6 4","","","73238045","37 Garden Road 6 4","2024-05-14","2024-10-30","","exact","1","","",""
"","30 Stanford Road 5 2","","","73077434","30 Stanford Road 5 2","2023-02-07","2023-04-24","","exact","1","","",""
"","10 Cartwright Road 4 4","","","73424766","10 Cartwright Road 4 4","2025-09-02","2025-10-30","","exact","1","","",""
"","88 Albion Road 4 2","","","73284393","88 Albion Road 4 2","2024-09-02","2024-09-29","","exact","1","","",""
"","21 Windsor Rd 6 3","","","73146566","21 Windsor Rd 6 3","2023-08-08","2023-11-02","","exact","1","","",""
"","93 Seaver Street 5 5","","","73423978","93 Seaver Street 5 5","2025-09-01","2026-01-15","","exact","1","","",""
"","71 Maugus Ave 5 3","","","73290677","71 Maugus Ave 5 3","2024-09-15","2025-01-14","","exact","1","","",""
"","33 Damien Rd 4 2","","","73176336","33 Damien Rd 4 2","2023-10-31","2024-01-17","","exact","1","","",""
"","74 Oak Street 5 4","","","73185802","74 Oak Street 5 4","2023-12-06","2024-02-19","","exact","1","","",""
"","4 Arden Road 5 3","","","73357350","4 Arden Road 5 3","2025-04-08","2025-07-14","","exact","1","","",""
"","16 Hobart Rd 5 3","","","73047305","16 Hobart Rd 5 3","2022-10-11","2023-05-18","","exact","1","","",""
"","28 Clovelly 4 4","","","73444251","28 Clovelly 4 4","2025-10-14","2025-12-23","","exact","1","","",""
"","10 Allen Road 4 3","","","73432208","10 Allen Road 4 3","2025-09-16","2025-11-02","","exact","1","","",""
"","73 Greylock Rd 4 3","","","73385649","73 Greylock Rd 4 3","2025-06-03","2025-08-04","","exact","1","","",""
"","15 Barnstable Rd 4 4","","","73363613","15 Barnstable Rd 4 4","2025-04-22","2025-08-13","","exact","1","","",""
"","72 Great Plain Ave 4 4","","","73357165","72 Great Plain Ave 4 4","2025-04-08","2025-08-28","","exact","1","","",""
"","26 Cottage St. 5 3","","","73356755","26 Cottage St. 5 3","2025-04-07","2025-05-11","","exact","1","","",""
"","12 Cypress Rd 5 3","","","73353429","12 Cypress Rd 5 3","2025-04-01","2025-06-01","","exact","1","","",""
"","54 Fiske Road 4 3","","","73341262","54 Fiske Road 4 3","2025-03-04","2025-08-19","","exact","1","","",""
"","24 Arnold Road 3 2","","","73327189","24 Arnold Road 3 2","2025-01-16","2025-02-26","","exact","1","","",""
"","33 Chatham Cir 4 4","","","73251108","33 Chatham Cir 4 4","2024-06-11","2024-08-29","","exact","1","","",""
"","15 Ridge Hill Farm Rd 3 2","","","73245156","15 Ridge Hill Farm Rd 3 2","2024-05-29","2024-09-17","","exact","1","","",""
"","30 Park Avenue 5 3","","","73238402","30 Park Avenue 5 3","2024-05-14","2024-07-14","","exact","1","","",""
"","5 Caroline Street 3 3","","","73210342","5 Caroline Street 3 3","2024-03-07","2024-05-29","","exact","1","","",""
"","5 Eisenhower Circle 5 3","","","73090167","5 Eisenhower Circle 5 3","2023-03-21","2023-06-25","","exact","1","","",""
"","75 Maugus Ave 5 5","","","73325785","75 Maugus Ave 5 5","2025-01-12","2025-03-23","","exact","1","","",""
"","7 Turner Rd 5 3","","","73289132","7 Turner Rd 5 3","2024-09-11","2024-10-15","","exact","1","","",""
"","20 Manor Ave 4 5","","","73216552","20 Manor Ave 4 5","2024-03-25","2024-06-13","","exact","1","","",""
"","49 Longfellow Road 4 3","","","73372482","49 Longfellow Road 4 3","2025-05-08","2025-06-30","","exact","1","","",""
"","61 Eisenhower Cir 5 3","","","73366491","61 Eisenhower Cir 5 3","2025-04-29","2025-06-29","","exact","1","","",""
"","106 Wellesley Ave 5 3","","","73341631","106 Wellesley Ave 5 3","2025-03-04","2025-04-30","","exact","1","","",""
"","153 Lowell Road 5 3","","","73195038","153 Lowell Road 5 3","2024-01-18","2024-03-21","","exact","1","","",""
"","67 Maugus Ave 5 3","","","73174589","67 Maugus Ave 5 3","2023-10-25","2024-01-31","","exact","1","","",""
"","115 Woodlawn Ave 4 3","","","73057717","115 Woodlawn Ave 4 3","2022-11-10","2023-02-20","","exact","1","","",""
"","287 Oakland Street 5 5","","","73308980","287 Oakland Street 5 5","2024-11-01","2025-01-09","","exact","1","","",""
"","40 Wildon Rd 5 3","","","73357645","40 Wildon Rd 5 3","2025-04-08","2025-05-05","","exact","1","","",""
"","32 Standish Cir 2 2","","","73351929","32 Standish Cir 2 2","2025-04-02","2025-05-27","","exact","1","","",""
"","14 Haven Road 5 5","","","73208545","14 Haven Road 5 5","2024-03-04","2024-03-28","","exact","1","","",""
"","67 Overbrook Dr 5 4","","","73324463","67 Overbrook Dr 5 4","2025-01-07","2025-05-28","","exact","1","","",""
"","16 Woodfield Rd 5 4","","","73316529","16 Woodfield Rd 5 4","2024-12-01","2025-02-02","","exact","1","","",""
"","65 Temple Rd 5 3","","","73208152","65 Temple Rd 5 3","2024-03-03","2024-06-20","","exact","1","","",""
"","8 Lincoln Cir 4 3","","","73194963","8 Lincoln Cir 4 3","2024-01-18","2024-03-07","","exact","1","","",""
"","35 Grantland Road 5 4","","","73188174","35 Grantland Road 5 4","2023-12-18","2024-04-18","","exact","1","","",""
"","20 Summit Rd 4 4","","","72994542","20 Summit Rd 4 4","2022-06-07","2023-01-23","","exact","1","","",""
"","30 Southgate Road 4 2","","","73429178","30 Southgate Road 4 2","2025-09-09","2025-11-02","","exact","1","","",""
"","40 Carver Rd 4 4","","","73395333","40 Carver Rd 4 4","2025-06-22","2025-07-29","","exact","1","","",""
"","6 Dunedin Rd 4 4","","","73392925","6 Dunedin Rd 4 4","2025-06-17","2025-09-16","","exact","1","","",""
"","2 Woodway Rd 5 3","","","73379871","2 Woodway Rd 5 3","2025-05-25","2025-08-13","","exact","1","","",""
"","15 Swarthmore Rd 5 3","","","73290861","15 Swarthmore Rd 5 3","2024-09-16","2024-11-07","","exact","1","","",""
"","61 Beechwood Rd 5 4","","","73255934","61 Beechwood Rd 5 4","2024-06-20","2024-08-18","","exact","1","","",""
"","268 Grove St 4 4","","","73209680","268 Grove St 4 4","2024-03-06","2024-06-02","","exact","1","","",""
"","28 Clifford Street 4 5","","","73122794","28 Clifford Street 4 5","2023-06-07","2023-08-06","","exact","1","","",""
"","177 Hampshire Rd 5 2","","","73112641","177 Hampshire Rd 5 2","2023-05-16","2023-08-02","","exact","1","","",""
"","20 Dover Rd 4 3","","","73096992","20 Dover Rd 4 3","2023-04-10","2023-05-25","","exact","1","","",""
"","20 Hunnewell St 4 4","","","73094306","20 Hunnewell St 4 4","2023-04-01","2023-07-30","","exact","1","","",""
"","49 Tanglewood Rd 5 3","","","73090708","49 Tanglewood Rd 5 3","2023-03-22","2023-04-30","","exact","1","","",""
"","12 Longfellow Rd 4 3","","","73351451","12 Longfellow Rd 4 3","2025-03-26","2025-05-12","","exact","1","","",""
"","8 Hampden Street 4 3","","","73344695","8 Hampden Street 4 3","2025-03-11","2025-05-29","","exact","1","","",""
"","26 Thomas Rd 5 4","","","73232673","26 Thomas Rd 5 4","2024-05-02","2024-06-26","","exact","1","","",""
"","2 Roanoke Road 5 2","","","73230982","2 Roanoke Road 5 2","2024-04-30","2024-06-27","","exact","1","","",""
"","3 High Meadow Cir 5 3","","","73228338","3 High Meadow Cir 5 3","2024-04-23","2024-08-27","","exact","1","","",""
"","50 Upson Rd 4 3","","","73429146","50 Upson Rd 4 3","2025-09-09","2025-12-02","","exact","1","","",""
"","6 Marigold Avenue 4 4","","","73277988","6 Marigold Avenue 4 4","2024-08-13","2024-10-06","","exact","1","","",""
"","23 Louis Drive 4 3","","","73087171","23 Louis Drive 4 3","2023-03-12","2023-04-10","","exact","1","","",""
"","9 Claflin Rd 4 4","","","73083917","9 Claflin Rd 4 4","2023-03-02","2023-06-08","","exact","1","","",""
"","108 Forest St 5 3","","","73365450","108 Forest St 5 3","2025-04-27","2025-06-30","","exact","1","","",""
"","11 Fife Road 4 4","","","73178554","11 Fife Road 4 4","2023-11-07","2024-03-05","","exact","1","","",""
"","106 Great Plain Ave 4 4","","","73122387","106 Great Plain Ave 4 4","2023-06-07","2023-08-13","","exact","1","","",""
"","19 Ridge Hill Farm Road 2 3","","","73087183","19 Ridge Hill Farm Road 2 3","2023-03-12","2023-07-19","","exact","1","","",""
"","9 Pinewood Rd 4 4","","","73235701","9 Pinewood Rd 4 4","2024-05-08","2024-12-05","","exact","1","","",""
"","53 Abbott Road 3 2","","","73426838","53 Abbott Road 3 2","2025-06-01","2025-09-02","","exact","1","","",""
"","32 Standish Circle 6 4","","","73235543","32 Standish Circle 6 4","2024-03-03","2024-04-24","","exact","1","","",""
"","60 Chesterton Road 5 4","","","73134358","60 Chesterton Road 5 4","2023-07-09","2023-08-17","","exact","1","","",""
"","19 Marvin Road 4 3","","","73427595","19 Marvin Road 4 3","2025-09-07","2025-11-17","","exact","1","","",""
"","26 Harris Ave 5 4","","","73250791","26 Harris Ave 5 4","2024-06-10","2024-10-02","","exact","1","","",""
"","116 Glen Rd 4 4","","","73390453","116 Glen Rd 4 4","2025-06-11","2025-09-02","","exact","1","","",""
"","12 Pine Ridge Rd 5 3","","","73367547","12 Pine Ridge Rd 5 3","2025-04-29","2025-08-13","","exact","1","","",""
"","86 Abbott Rd 4 3","","","73313091","86 Abbott Rd 4 3","2024-11-14","2025-02-19","","exact","1","","",""
"","43 Elm St 4 3","","","73312130","43 Elm St 4 3","2024-11-12","2024-12-10","","exact","1","","",""
"","26 South Woodside Ave 4 3","","","73291417","26 South Woodside Ave 4 3","2024-09-17","2024-12-10","","exact","1","","",""
"","37 Hillside Rd 5 3","","","73235469","37 Hillside Rd 5 3","2024-05-08","2024-06-13","","exact","1","","",""
"","24 Forest Street 5 3","","","73235148","24 Forest Street 5 3","2024-05-07","2024-08-15","","exact","1","","",""
"","19 Bryn Mawr Road 4 4","","","73228682","19 Bryn Mawr Road 4 4","2024-04-24","2024-05-16","","exact","1","","",""
"","15 Shelley Road 4 5","","","73206684","15 Shelley Road 4 5","2024-02-27","2024-05-05","","exact","1","","",""
"","6 Cottage Street 5 3","","","73206294","6 Cottage Street 5 3","2024-02-27","2024-04-10","","exact","1","","",""
"","37 Boulder Rd 4 3","","","73183275","37 Boulder Rd 4 3","2023-11-27","2024-01-31","","exact","1","","",""
"","7 Pinevale Ave 4 4","","","73171402","7 Pinevale Ave 4 4","2023-10-17","2024-01-24","","exact","1","","",""
"","47 Audubon Rd 5 4","","","73166674","47 Audubon Rd 5 4","2023-10-03","2023-11-30","","exact","1","","",""
"","46 Fiske Road 5 3","","","73128823","46 Fiske Road 5 3","2023-06-22","2023-08-31","","exact","1","","",""
"","19 Brookdale Ave 4 3","","","73118323","19 Brookdale Ave 4 3","2023-05-30","2023-06-29","","exact","1","","",""
"","77 Audubon Road 4 2","","","73081055","77 Audubon Road 4 2","2023-02-21","2023-06-29","","exact","1","","",""
"","18 Halsey Ave 4 4","","","73071923","18 Halsey Ave 4 4","2023-01-17","2023-05-14","","exact","1","","",""
"","81 Garden Rd 5 3","","","73369835","81 Garden Rd 5 3","2025-05-04","2025-06-18","","exact","1","","",""
"","90 Brook St 5 3","","","73340340","90 Brook St 5 3","2025-03-02","2025-04-03","","exact","1","","",""
"","25 Bryn Mawr Rd 5 3","","","73405220","25 Bryn Mawr Rd 5 3","2025-07-15","2025-08-17","","exact","1","","",""
"","125 Manor Ave 4 3","","","73298438","125 Manor Ave 4 3","2024-10-02","2024-12-01","","exact","1","","",""
"","26 Pembroke Rd 4 2","","","73245528","26 Pembroke Rd 4 2","2024-05-30","2024-08-14","","exact","1","","",""
"","1 Richland Rd 4 2","","","73231820","1 Richland Rd 4 2","2024-04-30","2024-06-20","","exact","1","","",""
"","34 Bancroft Rd 4 3","","","73138433","34 Bancroft Rd 4 3","2023-07-18","2023-10-03","","exact","1","","",""
"","9 Oakland Street 5 2","","","73371220","9 Oakland Street 5 2","2025-05-06","2025-07-21","","exact","1","","",""
"","58 Norwich Road 4 3","","","73295964","58 Norwich Road 4 3","2024-09-26","2024-11-19","","exact","1","","",""
"","14 Meadowbrook Road 4 2","","","73228403","14 Meadowbrook Road 4 2","2024-04-23","2024-08-04","","exact","1","","",""
"","234 Lowell Rd 4 3","","","73378783","234 Lowell Rd 4 3","2025-05-21","2025-07-30","","exact","1","","",""
"","78 Forest Street 6 3","","","73212559","78 Forest Street 6 3","2024-03-13","2024-06-23","","exact","1","","",""
"","48 Jackson Rd 4 2","","","73206678","48 Jackson Rd 4 2","2024-02-27","2024-08-07","","exact","1","","",""
"","6 Bryn Mawr Rd 4 3","","","73196567","6 Bryn Mawr Rd 4 3","2024-01-24","2024-04-04","","exact","1","","",""
"","24 Arnold Rd 3 2","","","73327189","24 Arnold Road 3 2","2025-01-16","2025-02-26","","exact","1","","",""
"","Lot 53 Prospect St 4 3","","","73351269","Lot 53 Prospect St 4 3","2025-03-26","2025-06-09","","exact","1","","",""
"","1 Lafayette Circle 5 3","","","73366905","1 Lafayette Circle 5 3","2025-04-29","2025-05-28","","exact","1","","",""
"","47 Norwich Rd 5 3","","","73350183","47 Norwich Rd 5 3","2025-03-24","2025-05-22","","exact","1","","",""
"","58 Cottage Street 4 2","","","73349985","58 Cottage Street 4 2","2025-03-24","2025-06-24","","exact","1","","",""
"","23 Howe St 5 3","","","73345524","23 Howe St 5 3","2025-03-13","2025-06-11","","exact","1","","",""
"","23 McLean Street 4 3","","","73287892","23 McLean Street 4 3","2024-09-09","2024-10-24","","exact","1","","",""
"","21 Alden Rd 4 3","","","73225079","21 Alden Rd 4 3","2024-04-16","2024-07-14","","exact","1","","",""
"","42 Northgate Rd 4 2","","","73214325","42 Northgate Rd 4 2","2024-03-19","2024-06-30","","exact","1","","",""
"","20 Fells Rd 4 4","","","73112960","20 Fells Rd 4 4","2023-05-16","2023-07-13","","exact","1","","",""
"","60 Manor Avenue 5 4","","","73093056","60 Manor Avenue 5 4","2023-03-29","2023-07-11","","exact","1","","",""
"","2 Wildon Road 4 2","","","73238938","2 Wildon Road 4 2","2024-05-15","2024-08-15","","exact","1","","",""
"","78 Hunnewell St 5 4","","","73424991","78 Hunnewell St 5 4","2025-09-02","2026-01-01","","exact","1","","",""
"","85 Cedar Street 5 4","","","73362180","85 Cedar Street 5 4","2025-04-20","2025-07-30","","exact","1","","",""
"","66 Suffolk Road 4 4","","","73314811","66 Suffolk Road 4 4","2024-11-20","2025-01-07","","exact","1","","",""
"","53 Woodlawn Ave 5 3","","","73284589","53 Woodlawn Ave 5 3","2024-09-03","2024-10-16","","exact","1","","",""
"","19 Whittier Rd 4 3","","","73381440","19 Whittier Rd 4 3","2025-05-27","2025-07-30","","exact","1","","",""
"","40 Radcliffe 5 2","","","73314492","40 Radcliffe 5 2","2024-11-19","2025-04-24","","exact","1","","",""
"","3 Strathmore Road 3 2","","","73339377","3 Strathmore Road 3 2","2025-02-26","2025-07-20","","exact","1","","",""
"","145 Great Plain Avenue 4 4","","","73372283","145 Great Plain Avenue 4 4","2025-05-08","2025-07-02","","exact","1","","",""
"","77 Arnold Rd 4 3","","","73357718","77 Arnold Rd 4 3","2025-04-08","2025-05-08","","exact","1","","",""
"","15 Allen Rd 4 2","","","73313276","15 Allen Rd 4 2","2024-11-28","2025-03-02","","exact","1","","",""
"","16 Clifton Rd 4 3","","","73178655","16 Clifton Rd 4 3","2023-11-07","2024-01-04","","exact","1","","",""
"","19 River Glen Rd 4 2","","","73103148","19 River Glen Rd 4 2","2023-04-25","2023-07-27","","exact","1","","",""
"","45 White Oak Road 4 3","","","73040579","45 White Oak Road 4 3","2022-09-23","2023-03-30","","exact","1","","",""
"","51 Avon Rd 3 2","","","73234581","51 Avon Rd 3 2","2024-05-07","2024-07-14","","exact","1","","",""
"","33 Hunnewell St 4 3","","","73123293","33 Hunnewell St 4 3","2023-06-09","2023-08-17","","exact","1","","",""
"","33 Upwey Road 4 2","","","73353824","33 Upwey Road 4 2","2025-04-01","2025-07-30","","exact","1","","",""
"","201 Bristol Road 4 2","","","73343445","201 Bristol Road 4 2","2025-03-09","2025-06-29","","exact","1","","",""
"","44 Whittier Road 4 3","","","73287517","44 Whittier Road 4 3","2024-09-08","2024-11-07","","exact","1","","",""
"","39 Ingraham Road 4 3","","","73249364","39 Ingraham Road 4 3","2024-06-06","2024-07-30","","exact","1","","",""
"","14 Colgate Rd 4 3","","","73230146","14 Colgate Rd 4 3","2024-04-28","2024-07-17","","exact","1","","",""
"","21 Washburn Ave 3 3","","","73214445","21 Washburn Ave 3 3","2024-03-19","2024-05-09","","exact","1","","",""
"","76 McLean St 5 3","","","73159268","76 McLean St 5 3","2023-09-12","2023-12-14","","exact","1","","",""
"","94 Suffolk Rd 4 3","","","73106813","94 Suffolk Rd 4 3","2023-05-02","2023-06-21","","exact","1","","",""
"","61 Eisenhower Cir 5 3","","","73366491","61 Eisenhower Cir 5 3","2025-04-29","2025-06-29","","exact","1","","",""
"","28 Mansfield Rd 5 4","","","73355213","28 Mansfield Rd 5 4","2025-04-03","2025-04-03","","exact","1","","",""
"","55 High Ledge Ave 4 3","","","73348474","55 High Ledge Ave 4 3","2025-03-20","2025-05-15","","exact","1","","",""
"","17 Russell Road 4 2","","","73060756","17 Russell Road 4 2","2022-11-25","2023-01-25","","exact","1","","",""
"","155 Cedar Street 4 3","","","73337626","155 Cedar Street 4 3","2025-02-23","2025-05-27","","exact","1","","",""
"","50 Northgate Rd 4 3","","","73338907","50 Northgate Rd 4 3","2025-02-25","2025-05-01","","exact","1","","",""
"","56 Edgemoor Ave 7 4","","","73298846","56 Edgemoor Ave 7 4","2024-10-03","2025-01-22","","exact","1","","",""
"","3 Colby Rd 4 4","","","73103477","3 Colby Rd 4 4","2023-04-25","2023-07-05","","exact","1","","",""
"","7 Crescent Street 4 2","","","73431936","7 Crescent Street 4 2","2025-09-16","2025-12-09","","exact","1","","",""
"","8 Old Town Rd 5 3","","","73429057","8 Old Town Rd 5 3","2025-09-09","2026-01-05","","exact","1","","",""
"","11 Brookmere Avenue 4 2","","","73380984","11 Brookmere Avenue 4 2","2025-05-27","2025-07-20","","exact","1","","",""
"","131 Brook St 4 2","","","73375249","131 Brook St 4 2","2025-05-13","2025-07-16","","exact","1","","",""
"","3 Dukes Rd 4 3","","","73347608","3 Dukes Rd 4 3","2025-03-18","2025-04-28","","exact","1","","",""
"","79 Donizetti St 5 4","","","73341751","79 Donizetti St 5 4","2025-03-04","2025-07-14","","exact","1","","",""
"","86 Whittier Rd 4 3","","","73338921","86 Whittier Rd 4 3","2025-02-25","2025-06-15","","exact","1","","",""
"","33 Thackeray Rd 5 3","","","73285175","33 Thackeray Rd 5 3","2024-09-03","2024-11-18","","exact","1","","",""
"","30 Eisenhower Cir 4 2","","","73285124","30 Eisenhower Cir 4 2","2024-09-03","2024-11-14","","exact","1","","",""
"","27 Appleby Rd 4 3","","","73249895","27 Appleby Rd 4 3","2024-06-09","2024-08-14","","exact","1","","",""
"","55 Arnold Rd 3 2","","","73243924","55 Arnold Rd 3 2","2024-05-28","2024-06-19","","exact","1","","",""
"","31 College Road 5 3","","","73236833","31 College Road 5 3","2024-05-12","2024-07-16","","exact","1","","",""
"","109 Suffolk Rd 4 2","","","73234161","109 Suffolk Rd 4 2","2024-05-06","2024-06-27","","exact","1","","",""
"","46 Overbrook Dr 4 3","","","73226868","46 Overbrook Dr 4 3","2024-04-21","2024-06-19","","exact","1","","",""
"","96 Bristol Road 4 2","","","73224956","96 Bristol Road 4 2","2024-04-16","2024-06-20","","exact","1","","",""
"","40 Audubon Rd 4 2","","","73219987","40 Audubon Rd 4 2","2024-04-03","2024-05-29","","exact","1","","",""
"","51 Overbrook Dr 4 3","","","73174055","51 Overbrook Dr 4 3","2023-10-24","2024-01-16","","exact","1","","",""
"","25 Francis Rd 4 3","","","73171428","25 Francis Rd 4 3","2023-10-17","2023-12-12","","exact","1","","",""
"","759 Worcester Street 5 3","","","73155582","759 Worcester Street 5 3","2023-09-05","2024-03-05","","exact","1","","",""
"","106 Benvenue St 5 3","","","73139549","106 Benvenue St 5 3","2023-07-21","2023-08-20","","exact","1","","",""
"","3 Bryn Mawr Road 5 5","","","73118431","3 Bryn Mawr Road 5 5","2023-05-30","2023-07-19","","exact","1","","",""
"","59 Standish Rd 7 6","","","73104344","59 Standish Rd 7 6","2023-04-26","2024-01-21","","exact","1","","",""
"","27 Boulder Brook Road 4 2","","","73104064","27 Boulder Brook Road 4 2","2023-04-26","2023-07-09","","exact","1","","",""
"","19 Elmwood Road 4 2","","","73096701","19 Elmwood Road 4 2","2023-04-09","2023-05-24","","exact","1","","",""
"","22 Park Ave 5 3","","","73234569","22 Park Ave 5 3","2024-05-07","2024-09-12","","exact","1","","",""
"","65 Kingsbury Street 4 3","","","73234781","65 Kingsbury Street 4 3","2024-05-07","2024-08-14","","exact","1","","",""
"","20 Colburn Rd 3 2","","","73220537","20 Colburn Rd 3 2","2024-04-03","2024-08-20","","exact","1","","",""
"","39 Grantland Road 4 3","","","73110754","39 Grantland Road 4 3","2023-05-11","2023-07-17","","exact","1","","",""
"","53 Mayo Rd 4 3","","","73429402","53 Mayo Rd 4 3","2025-09-10","2025-10-14","","exact","1","","",""
"","39 Twitchell St 4 3","","","73428834","39 Twitchell St 4 3","2025-09-09","2025-11-25","","exact","1","","",""
"","4 Middlesex St 5 3","","","73350913","4 Middlesex St 5 3","2025-03-26","2025-05-15","","exact","1","","",""
"","20 Westerly Street U:A 4 3","","","73324454","20 Westerly Street U:A 4 3","2025-01-07","2025-03-18","","exact","1","","",""
"","22 Willow Park 4 4","","","73393133","22 Willow Park 4 4","2025-06-17","2025-08-12","","exact","1","","",""
"","30 Audubon Road 4 2","","","73368024","30 Audubon Road 4 2","2025-04-30","2025-06-11","","exact","1","","",""
"","42 Calvin Road 5 4","","","73438196","42 Calvin Road 5 4","2025-09-30","2025-12-04","","exact","1","","",""
"","8 Commonwealth Park 4 4","","","73141404","8 Commonwealth Park 4 4","2023-07-26","2023-09-20","","exact","1","","",""
"","75 Leighton Rd 4 2","","","73344961","75 Leighton Rd 4 2","2025-03-12","2025-04-17","","exact","1","","",""
"","34 Upwey Rd 4 3","","","73164271","34 Upwey Rd 4 3","2023-09-26","2023-11-14","","exact","1","","",""
"","17 Crown Ridge Rd 4 2","","","73155788","17 Crown Ridge Rd 4 2","2023-09-05","2023-10-22","","exact","1","","",""
"","47 Summit Road 4 2","","","73326600","47 Summit Road 4 2","2025-01-14","2025-04-13","","exact","1","","",""
"","29 Sheridan Rd 4 3","","","73170945","29 Sheridan Rd 4 3","2023-10-16","2024-04-15","","exact","1","","",""
"","28 Bancroft Road 5 4","","","73199754","28 Bancroft Road 5 4","2024-02-05","2024-04-28","","exact","1","","",""
"","13 Cavanaugh Rd 4 2","","","73446579","13 Cavanaugh Rd 4 2","2025-10-21","2025-12-01","","exact","1","","",""
"","3 Pine Plain Rd 4 3","","","73357631","3 Pine Plain Rd 4 3","2025-04-08","2025-05-22","","exact","1","","",""
"","64 Shore Road 6 5","","","73288268","64 Shore Road 6 5","2024-09-10","2025-01-28","","exact","1","","",""
"","25 Thomas Rd 4 4","","","73284671","25 Thomas Rd 4 4","2024-09-03","2024-10-24","","exact","1","","",""
"","28 S River Street 4 2","","","73253826","28 S River Street 4 2","2024-06-17","2024-07-14","","exact","1","","",""
"","3 Dudley Rd 4 3","","","73247639","3 Dudley Rd 4 3","2024-06-04","2024-08-13","","exact","1","","",""
"","35 Pinewood 4 3","","","73189776","35 Pinewood 4 3","2024-01-01","2024-03-14","","exact","1","","",""
"","6 Appleby Rd 5 3","","","73116926","6 Appleby Rd 5 3","2023-05-28","2023-07-26","","exact","1","","",""
"","14 Oakland Circle 4 3","","","73103793","14 Oakland Circle 4 3","2023-04-25","2023-06-15","","exact","1","","",""
"","137 Grove St 5 3","","","73082879","137 Grove St 5 3","2023-02-28","2023-05-01","","exact","1","","",""
"","87 Parker Rd 4 4","","","73070038","87 Parker Rd 4 4","2023-01-10","2023-02-16","","exact","1","","",""
"","25 Geraldine Drive 4 4","","","73332955","25 Geraldine Drive 4 4","2025-02-05","2025-03-26","","exact","1","","",""
"","8 Heckle St 3 3","","","73367412","8 Heckle St 3 3","2025-04-29","2025-07-09","","exact","1","","",""
"","4 Hampden Street 4 2","","","73362592","4 Hampden Street 4 2","2025-04-21","2025-07-20","","exact","1","","",""
"","50 Fuller Brook Rd 4 3","","","73333889","50 Fuller Brook Rd 4 3","2025-02-09","2025-04-06","","exact","1","","",""
"","264 Wellesley Ave 4 3","","","73109985","264 Wellesley Ave 4 3","2023-05-09","2023-06-04","","exact","1","","",""
"","61 Mayo Road 3 2","","","73425280","61 Mayo Road 3 2","2025-09-02","2025-09-29","","exact","1","","",""
"","29 Brook Street 4 3","","","73385625","29 Brook Street 4 3","2025-06-03","2025-08-14","","exact","1","","",""
"","9 Lafayette Cir 4 2","","","73370824","9 Lafayette Cir 4 2","2025-05-06","2025-08-06","","exact","1","","",""
"","112 Woodside Ave 4 2","","","73387605","112 Woodside Ave 4 2","2025-06-07","2025-07-20","","exact","1","","",""
"","96 Glen Rd 4 2","","","73347026","96 Glen Rd 4 2","2025-03-17","2025-07-15","","exact","1","","",""
"","4 Carver Road 4 2","","","73238890","4 Carver Road 4 2","2024-05-14","2024-06-17","","exact","1","","",""
"","76 Crest Road 5 3","","","73214223","76 Crest Road 5 3","2024-03-19","2024-05-02","","exact","1","","",""
"","51 Radcliffe Road 5 3","","","73116617","51 Radcliffe Road 5 3","2023-05-25","2023-09-28","","exact","1","","",""
"","14 Benvenue Street 5 3","","","73079332","14 Benvenue Street 5 3","2023-02-14","2023-03-12","","exact","1","","",""
"","7 Benton St 4 2","","","73254439","7 Benton St 4 2","2024-06-18","2024-09-08","","exact","1","","",""
"","209 Bristol Rd 4 2","","","73250011","209 Bristol Rd 4 2","2024-06-09","2025-03-24","","exact","1","","",""
"","16 Fuller Brook Rd 4 4","","","73090333","16 Fuller Brook Rd 4 4","2023-03-21","2023-06-01","","exact","1","","",""
"","40 Haven Road 4 2","","","73057507","40 Haven Road 4 2","2022-11-09","2023-02-13","","exact","1","","",""
"","4 Arnold Rd 4 2","","","73411281","4 Arnold Rd 4 2","2025-07-29","2025-09-22","","exact","1","","",""
"","4 Stevens Road 3 2","","","73341375","4 Stevens Road 3 2","2025-03-04","2025-04-22","","exact","1","","",""
"","111 Pilgrim Rd 4 2","","","73305702","111 Pilgrim Rd 4 2","2024-10-22","2025-01-14","","exact","1","","",""
"","96 Elmwood Rd. 4 2","","","73265696","96 Elmwood Rd. 4 2","2024-07-16","2024-09-04","","exact","1","","",""
"","5 Durant Rd 4 3","","","73246390","5 Durant Rd 4 3","2024-06-02","2024-07-28","","exact","1","","",""
"","95 Crest Rd 4 4","","","73238555","95 Crest Rd 4 4","2024-05-14","2024-07-31","","exact","1","","",""
"","52 Denton Rd 4 2","","","73231577","52 Denton Rd 4 2","2024-04-30","2024-07-08","","exact","1","","",""
"","24 Standish Road 4 3","","","73231255","24 Standish Road 4 3","2024-04-30","2024-06-23","","exact","1","","",""
"","33 Benvenue Street 5 3","","","73214683","33 Benvenue Street 5 3","2024-03-19","2024-05-19","","exact","1","","",""
"","170 Benvenue Street 5 3","","","73204330","170 Benvenue Street 5 3","2024-02-20","2024-04-07","","exact","1","","",""
"","76 Washington Street 4 2","","","73200477","76 Washington Street 4 2","2024-02-06","2024-04-08","","exact","1","","",""
"","104 Westgate Rd 4 2","","","73123115","104 Westgate Rd 4 2","2023-06-08","2023-07-05","","exact","1","","",""
"","37 Glen Road 6 3","","","73115905","37 Glen Road 6 3","2023-05-23","2023-07-17","","exact","1","","",""
"","18 Elm Street 4 2","","","73075796","18 Elm Street 4 2","2023-02-01","2023-05-04","","exact","1","","",""
"","59 Avon Rd 4 2","","","73237947","59 Avon Rd 4 2","2024-05-14","2024-06-30","","exact","1","","",""
"","99 Parker Road 4 3","","","73191596","99 Parker Road 4 3","2024-01-07","2024-02-29","","exact","1","","",""
"","26 Woodridge Rd 4 2","","","73055653","26 Woodridge Rd 4 2","2022-11-03","2023-03-07","","exact","1","","",""
"","55 Atwood St 6 4","","","73083704","55 Atwood St 6 4","2023-03-01","2023-06-15","","exact","1","","",""
"","21 Hickory Road 4 2","","","73401053","21 Hickory Road 4 2","2025-07-07","2025-08-25","","exact","1","","",""
"","7 Madison Rd 5 2","","","73357858","7 Madison Rd 5 2","2025-04-09","2025-06-08","","exact","1","","",""
"","97 Elmwood Rd 5 3","","","73252555","97 Elmwood Rd 5 3","2024-06-18","2024-07-31","","exact","1","","",""
"","9 Berkeley Rd 4 2","","","73244404","9 Berkeley Rd 4 2","2024-05-28","2024-07-31","","exact","1","","",""
"","6 Crestwood Drive 4 2","","","73231815","6 Crestwood Drive 4 2","2024-04-30","2024-06-04","","exact","1","","",""
"","37 Maugus Hill Rd 4 3","","","73226126","37 Maugus Hill Rd 4 3","2024-04-18","2024-06-16","","exact","1","","",""
"","46 Leewood Rd 4 2","","","73214484","46 Leewood Rd 4 2","2024-03-19","2024-05-05","","exact","1","","",""
"","4 Granite St 4 3","","","73374277","4 Granite St 4 3","2025-05-13","2025-08-13","","exact","1","","",""
"","4 Strathmore Road 4 2","","","73299831","4 Strathmore Road 4 2","2024-10-07","2024-11-14","","exact","1","","",""
"","3 Garrison Rd 4 3","","","73171298","3 Garrison Rd 4 3","2023-10-16","2023-12-12","","exact","1","","",""
"","50 Cartwright Road 4 2","","","73127568","50 Cartwright Road 4 2","2023-06-20","2023-10-05","","exact","1","","",""
"","36 S River 3 2","","","73142991","36 S River 3 2","2023-07-31","2023-12-05","","exact","1","","",""
"","324 Linden St 6 5","","","73285171","324 Linden St 6 5","2024-09-03","2024-10-14","","exact","1","","",""
"","89 Beechwood Rd 4 2","","","73194187","89 Beechwood Rd 4 2","2024-01-16","2024-03-27","","exact","1","","",""
"","29 Denton Rd 4 2","","","73418977","29 Denton Rd 4 2","2025-08-31","2025-10-15","","exact","1","","",""
"","25 Upson Rd 4 3","","","73124492","25 Upson Rd 4 3","2023-06-13","2023-09-25","","exact","1","","",""
"","6 Wilde Rd 3 2","","","73432093","6 Wilde Rd 3 2","2025-09-16","2026-01-05","","exact","1","","",""
"","6 Willow Park 5 4","","","73380712","6 Willow Park 5 4","2025-05-26","2025-07-01","","exact","1","","",""
"","24 Garrison Rd 4 2","","","73209279","24 Garrison Rd 4 2","2024-03-05","2024-05-30","","exact","1","","",""
"","45 Upson Road 4 3","","","73125023","45 Upson Road 4 3","2023-06-13","2023-08-27","","exact","1","","",""
"","80 Kingsbury Street 5 2","","","73103579","80 Kingsbury Street 5 2","2023-04-25","2023-06-14","","exact","1","","",""
"","93 Woodlawn Ave 3 2","","","73103140","93 Woodlawn Ave 3 2","2023-04-25","2023-06-04","","exact","1","","",""
"","29 Brook Street 4 3","","","73385625","29 Brook Street 4 3","2025-06-03","2025-08-14","","exact","1","","",""
"","145 Grove St 4 2","","","73373337","145 Grove St 4 2","2025-05-11","2025-08-03","","exact","1","","",""
"","117 Elmwood Rd 4 2","","","73371164","117 Elmwood Rd 4 2","2025-05-06","2025-06-29","","exact","1","","",""
"","10 Springdale Ave 4 2","","","73347614","10 Springdale Ave 4 2","2025-03-18","2025-05-21","","exact","1","","",""
"","66 Denton Rd 5 3","","","73250495","66 Denton Rd 5 3","2024-06-10","2024-07-01","","exact","1","","",""
"","27 Forest Street 5 3","","","73247923","27 Forest Street 5 3","2024-06-04","2024-08-25","","exact","1","","",""
"","2 Longfellow Rd 4 3","","","73244048","2 Longfellow Rd 4 3","2024-05-28","2024-07-25","","exact","1","","",""
"","5 Middlesex St 6 3","","","73072042","5 Middlesex St 6 3","2023-01-18","2023-03-14","","exact","1","","",""
"","66 Audubon Rd 3 2","","","73107009","66 Audubon Rd 3 2","2023-05-02","2023-08-17","","exact","1","","",""
"","6 Spruce Park 3 2","","","73241523","6 Spruce Park 3 2","2024-05-21","2024-08-14","","exact","1","","",""
"","19 Louis Drive 4 3","","","73425270","19 Louis Drive 4 3","2025-09-02","2025-12-02","","exact","1","","",""
"","21 Madison Rd 4 3","","","73248316","21 Madison Rd 4 3","2024-06-05","2024-08-11","","exact","1","","",""
"","52 Beverly 4 2","","","73083476","52 Beverly 4 2","2023-03-01","2023-04-30","","exact","1","","",""
"","11 Vane St 3 2","","","73071557","11 Vane St 3 2","2023-01-17","2023-03-14","","exact","1","","",""
"","17 Longfellow Road 4 2","","","73441844","17 Longfellow Road 4 2","2025-10-08","2025-10-22","","exact","1","","",""
"","53 Madison Rd 4 2","","","73374835","53 Madison Rd 4 2","2025-05-13","2025-06-24","","exact","1","","",""
"","20 Bryn Mawr Rd 3 3","","","73247053","20 Bryn Mawr Rd 3 3","2024-06-03","2024-07-24","","exact","1","","",""
"","110 Glen Rd 4 3","","","73103814","110 Glen Rd 4 3","2023-04-25","2023-06-01","","exact","1","","",""
"","8 Pine Ridge Rd 4 3","","","73093116","8 Pine Ridge Rd 4 3","2023-03-29","2023-06-27","","exact","1","","",""
"","10 Longfellow Rd 4 1","","","73051015","10 Longfellow Rd 4 1","2022-10-20","2023-02-23","","exact","1","","",""
"","14 Audubon Road 4 3","","","73200463","14 Audubon Road 4 3","2024-02-06","2024-03-19","","exact","1","","",""
"","31 Bay State Rd 3 2","","","73180693","31 Bay State Rd 3 2","2023-11-14","2024-03-04","","exact","1","","",""
"","29 Brookfield Road 4 2","","","73262629","29 Brookfield Road 4 2","2024-07-09","2024-08-29","","exact","1","","",""
"","14 Sunset 3 2","","","73405389","14 Sunset 3 2","2025-07-15","2025-10-23","","exact","1","","",""
"","10 Paine St 3 2","","","73366833","10 Paine St 3 2","2025-04-29","2025-06-22","","exact","1","","",""
"","65 Audubon Rd 3 2","","","73112426","65 Audubon Rd 3 2","2023-05-16","2023-06-26","","exact","1","","",""
"","42 Fuller Brook Rd 4 2","","","73103136","42 Fuller Brook Rd 4 2","2023-04-25","2023-06-22","","exact","1","","",""
"","50 Parker Road 4 2","","","73428859","50 Parker Road 4 2","2025-09-09","2025-11-13","","exact","1","","",""
"","90 Edgemoor Ave 4 2","","","73367329","90 Edgemoor Ave 4 2","2025-04-29","2025-07-10","","exact","1","","",""
"","19 Orchard St 4 2","","","73357757","19 Orchard St 4 2","2025-04-09","2025-06-25","","exact","1","","",""
"","7 Southwick Cir 5 2","","","73257377","7 Southwick Cir 5 2","2024-06-25","2024-08-22","","exact","1","","",""
"","17 Abbott Street 5 2","","","73214132","17 Abbott Street 5 2","2024-03-19","2024-05-14","","exact","1","","",""
"","200 Washington Street 4 3","","","73147983","200 Washington Street 4 3","2023-08-12","2024-01-31","","exact","1","","",""
"","5 Vane Street 4 3","","","73125043","5 Vane Street 4 3","2023-06-13","2023-09-05","","exact","1","","",""
"","54 Northgate Rd 4 2","","","73112687","54 Northgate Rd 4 2","2023-05-16","2023-07-11","","exact","1","","",""
"","10 Laurel Terrace 5 3","","","73088011","10 Laurel Terrace 5 3","2023-03-14","2023-06-08","","exact","1","","",""
"","6 Pilgrim Rd 4 2","","","73085803","6 Pilgrim Rd 4 2","2023-03-07","2023-06-29","","exact","1","","",""
"","4 Southwick Cir 3 1","","","73442600","4 Southwick Cir 3 1","2025-10-10","2025-11-19","","exact","1","","",""
"","17 Midland Rd 4 3","","","73333753","17 Midland Rd 4 3","2025-02-08","2025-03-30","","exact","1","","",""
"","41 Sawyer Rd 4 2","","","73096761","41 Sawyer Rd 4 2","2023-04-09","2023-07-20","","exact","1","","",""
"","28 Lantern Lane 4 3","","","73219834","28 Lantern Lane 4 3","2024-04-02","2024-08-08","","exact","1","","",""
"","120 Crest Rd 3 1","","","73277551","120 Crest Rd 3 1","2024-08-13","2024-09-02","","exact","1","","",""
"","106 Edgemoor Ave 3 2","","","73390286","106 Edgemoor Ave 3 2","2025-06-11","2025-08-07","","exact","1","","",""
"","447 Weston Road 4 3","","","73151639","447 Weston Road 4 3","2023-08-22","2023-10-22","","exact","1","","",""
"","428 Weston Road 5 3","","","73422486","428 Weston Road 5 3","2025-08-26","2025-12-08","","exact","1","","",""
"","112 Wellesley Ave 4 1","","","73350117","112 Wellesley Ave 4 1","2025-03-25","2025-06-05","","exact","1","","",""
"","6 Earle Rd. 4 2","","","73341778","6 Earle Rd. 4 2","2025-03-04","2025-05-01","","exact","1","","",""
"","39 Standish Road 3 2","","","73432274","39 Standish Road 3 2","2025-09-16","2025-11-11","","exact","1","","",""
"","19 Wall St 3 2","","","73208187","19 Wall St 3 2","2024-03-03","2024-04-17","","exact","1","","",""
"","3 Dexter Road 3 2","","","73183834","3 Dexter Road 3 2","2023-11-28","2024-01-17","","exact","1","","",""
"","31 Bancroft 5 3","","","73371534","31 Bancroft 5 3","2025-05-06","2025-06-29","","exact","1","","",""
"","6 Saunders Ter 3 2","","","73353228","6 Saunders Ter 3 2","2025-04-01","2025-05-18","","exact","1","","",""
"","11 Durant Rd 3 3","","","73347906","11 Durant Rd 3 3","2025-03-19","2025-06-29","","exact","1","","",""
"","47 Colburn Rd 3 2","","","73303014","47 Colburn Rd 3 2","2024-10-15","2024-12-02","","exact","1","","",""
"","52 Cottonwood Rd. 3 2","","","73130590","52 Cottonwood Rd. 3 2","2023-07-05","2024-04-29","","exact","1","","",""
"","77 Parker Rd 4 2","","","73357500","77 Parker Rd 4 2","2025-04-08","2025-06-19","","exact","1","","",""
"","12 Intervale Rd 3 2","","","73353723","12 Intervale Rd 3 2","2025-04-01","2025-05-19","","exact","1","","",""
"","14 Curve Street 4 2","","","73347429","14 Curve Street 4 2","2025-03-18","2025-06-25","","exact","1","","",""
"","2 Twitchell St 4 2","","","73290953","2 Twitchell St 4 2","2024-09-16","2024-10-21","","exact","1","","",""
"","98 Parker Rd 3 3","","","73168164","98 Parker Rd 3 3","2023-10-08","2023-11-30","","exact","1","","",""
"","410 School St 5 3","","","73128015","410 School St 5 3","2023-06-20","2023-08-24","","exact","1","","",""
"","31 Woodfield Rd 3 2","","","73113242","31 Woodfield Rd 3 2","2023-05-17","2023-06-26","","exact","1","","",""
"","97 Crest Rd 4 3","","","73092550","97 Crest Rd 4 3","2023-03-28","2023-05-31","","exact","1","","",""
"","25 Crown Ridge Rd 4 2","","","73076182","25 Crown Ridge Rd 4 2","2023-02-02","2023-04-13","","exact","1","","",""
"","56 Pine Plain Road 4 3","","","73428820","56 Pine Plain Road 4 3","2025-09-09","2025-10-29","","exact","1","","",""
"","5 Ivy Road 3 2","","","73295020","5 Ivy Road 3 2","2024-09-24","2024-12-12","","exact","1","","",""
"","92 Parker Rd 3 2","","","73238300","92 Parker Rd 3 2","2024-05-14","2024-08-13","","exact","1","","",""
"","1 Brookfield Cir 4 2","","","73159174","1 Brookfield Cir 4 2","2023-09-12","2023-10-23","","exact","1","","",""
"","36 Laurel Ave 3 2","","","73117713","36 Laurel Ave 3 2","2023-05-30","2023-07-09","","exact","1","","",""
"","30 Colby Rd 4 2","","","73446654","30 Colby Rd 4 2","2025-10-21","2025-12-10","","exact","1","","",""
"","115 Parker Rd 4 1","","","73432157","115 Parker Rd 4 1","2025-09-16","2025-11-20","","exact","1","","",""
"","23 Priscilla Cir 3 2","","","73307224","23 Priscilla Cir 3 2","2024-10-28","2025-05-01","","exact","1","","",""
"","61 Kirkland Circle 4 2","","","73287872","61 Kirkland Circle 4 2","2024-09-09","2024-10-27","","exact","1","","",""
"","57 Cottage St 3 1","","","73444423","57 Cottage St 3 1","2025-10-15","2025-11-30","","exact","1","","",""
"","500 Worcester Street 4 2","","","73403473","500 Worcester Street 4 2","2025-07-10","2025-08-27","","exact","1","","",""
"","17 Oakland Street 3 2","","","73198336","17 Oakland Street 3 2","2024-01-31","2024-03-14","","exact","1","","",""
"","30 S River Street 3 2","","","73110218","30 S River Street 3 2","2023-05-10","2023-07-27","","exact","1","","",""
"","45 Shirley Rd 4 1","","","73381837","45 Shirley Rd 4 1","2025-05-28","2025-08-13","","exact","1","","",""
"","7 Bacon St 4 2","","","73156213","7 Bacon St 4 2","2023-09-05","2023-11-21","","exact","1","","",""
"","31-B Oak St 3 2","","","73144429","31-B Oak St 3 2","2023-08-02","2023-10-05","","exact","1","","",""
"","3 Sprague 5 5","","","73092281","3 Sprague 5 5","2023-03-27","2023-05-09","","exact","1","","",""
"","679 Worcester St 6 3","","","73274562","679 Worcester St 6 3","2024-08-05","2025-01-30","","exact","1","","",""
"","9 Damien Rd 4 2","","","73140461","9 Damien Rd 4 2","2023-07-24","2023-10-01","","exact","1","","",""
"","11 Maurice Rd 3 1","","","73339277","11 Maurice Rd 3 1","2025-02-26","2025-04-10","","exact","1","","",""
"","225 Walnut St 6 3","","","73231419","225 Walnut St 6 3","2024-04-30","2024-08-01","","exact","1","","",""
"","17 Upwey Rd 3 1","","","73178547","17 Upwey Rd 3 1","2023-11-07","2024-02-08","","exact","1","","",""
"","2 Shirley Rd 3 2","","","73148921","2 Shirley Rd 3 2","2023-08-15","2023-10-26","","exact","1","","",""
"","7 Summit Rd 4 2","","","73082912","7 Summit Rd 4 2","2023-02-28","2023-06-04","","exact","1","","",""
"","23 Cottonwood Rd 4 3","","","73443656","23 Cottonwood Rd 4 3","2025-10-14","2025-12-01","","exact","1","","",""
"","1 Roberts Rd 3 3","","","73424867","1 Roberts Rd 3 3","2025-09-02","2025-10-23","","exact","1","","",""
"","40 Upson Rd 3 2","","","73378392","40 Upson Rd 3 2","2025-05-20","2025-06-29","","exact","1","","",""
"","15 Lafayette Cir 3 1","","","73368427","15 Lafayette Cir 3 1","2025-04-30","2025-07-24","","exact","1","","",""
"","20 Morses Pond Road 3 2","","","73258894","20 Morses Pond Road 3 2","2024-06-28","2024-08-08","","exact","1","","",""
"","22 Priscilla Cir 4 2","","","73238353","22 Priscilla Cir 4 2","2024-05-14","2024-07-07","","exact","1","","",""
"","71 Smith St. 4 2","","","73085559","71 Smith St. 4 2","2023-03-07","2023-05-30","","exact","1","","",""
"","109 Elmwood Rd 3 3","","","73388056","109 Elmwood Rd 3 3","2025-06-10","2025-08-14","","exact","1","","",""
"","39 Park Avenue 3 1","","","73390215","39 Park Avenue 3 1","2025-06-11","2025-09-29","","exact","1","","",""
"","20 Sunset Road 3 2","","","73323987","20 Sunset Road 3 2","2025-01-06","2025-03-16","","exact","1","","",""
"","39 Mayo Road 3 2","","","73307616","39 Mayo Road 3 2","2024-10-29","2024-12-11","","exact","1","","",""
"","4 High Ledge Avenue 3 1","","","73219450","4 High Ledge Avenue 3 1","2024-04-02","2024-06-02","","exact","1","","",""
"","37 Kirkland Cir 4 2","","","73211989","37 Kirkland Cir 4 2","2024-03-12","2024-04-22","","exact","1","","",""
"","82 Beechwood Rd 4 3","","","73170817","82 Beechwood Rd 4 3","2023-10-15","2023-11-06","","exact","1","","",""
"","118 Parker Road 3 2","","","73141158","118 Parker Road 3 2","2023-07-25","2023-09-14","","exact","1","","",""
"","25 Columbia St 6 3","","","73432294","25 Columbia St 6 3","2025-09-16","2025-12-10","","exact","1","","",""
"","20 Garrison Rd 3 2","","","73375167","20 Garrison Rd 3 2","2025-05-13","2025-06-23","","exact","1","","",""
"","27 Lexington Rd 4 2","","","73244390","27 Lexington Rd 4 2","2024-05-28","2024-09-22","","exact","1","","",""
"","30 Overbrook Drive 5 2","","","73161364","30 Overbrook Drive 5 2","2023-09-19","2023-11-16","","exact","1","","",""
"","11 Wilde Rd 4 2","","","73159178","11 Wilde Rd 4 2","2023-09-12","2023-10-19","","exact","1","","",""
"","51 Boulder Brook Rd 3 1","","","73111666","51 Boulder Brook Rd 3 1","2023-05-15","2024-07-31","","exact","1","","",""
"","25 Francis Rd 6 3","","","73092567","25 Francis Rd 6 3","2023-03-28","2023-05-11","","exact","1","","",""
"","11 Oakencroft Road 4 3","","","73083391","11 Oakencroft Road 4 3","2023-02-28","2023-04-05","","exact","1","","",""
"","75 Curve St 4 2","","","73080910","75 Curve St 4 2","2023-02-21","2023-03-28","","exact","1","","",""
"","36 Summit Rd 3 2","","","73074499","36 Summit Rd 3 2","2023-01-29","2023-03-12","","exact","1","","",""
"","15 Oriole Rd 3 2","","","73344945","15 Oriole Rd 3 2","2025-03-12","2025-04-23","","exact","1","","",""
"","39 Prospect Street 5 3","","","73237933","39 Prospect Street 5 3","2024-05-14","2024-07-31","","exact","1","","",""
"","120 Crest Rd 3 1","","","73277551","120 Crest Rd 3 1","2024-08-13","2024-09-02","","exact","1","","",""
"","17 Colburn Rd 3 1","","","73274901","17 Colburn Rd 3 1","2024-08-06","2024-09-22","","exact","1","","",""
"","8 Oakdale Ave 3 2","","","73279524","8 Oakdale Ave 3 2","2024-08-22","2024-09-30","","exact","1","","",""
"","41 Rice St 3 3","","","73221170","41 Rice St 3 3","2024-04-07","2024-05-23","","exact","1","","",""
"","57 Cottage St 3 1","","","73444423","57 Cottage St 3 1","2025-10-15","2025-11-30","","exact","1","","",""
"","3 Claflin Road 3 2","","","73118032","3 Claflin Road 3 2","2023-05-30","2023-07-16","","exact","1","","",""
"","45 Mayo Rd 3 2","","","73385685","45 Mayo Rd 3 2","2025-06-03","2026-01-07","","exact","1","","",""
"","24 Hampden St 6 2","","","73289792","24 Hampden St 6 2","2024-09-12","2024-10-27","","exact","1","","",""
"","374 Weston Rd 4 1","","","73202470","374 Weston Rd 4 1","2024-02-13","2024-04-25","","exact","1","","",""
"","14 Ivy Rd 3 1","","","73198121","14 Ivy Rd 3 1","2024-01-30","2024-03-10","","exact","1","","",""
"","15 Cedar Street 4 3","","","73169181","15 Cedar Street 4 3","2023-10-10","2023-11-21","","exact","1","","",""
"","24 Fuller Brook Road 3 2","","","73168906","24 Fuller Brook Road 3 2","2023-10-10","2023-12-21","","exact","1","","",""
"","74 Curve St 3 1","","","73380382","74 Curve St 3 1","2025-05-26","2025-07-15","","exact","1","","",""
"","25 Glen Road 4 2","","","73288360","25 Glen Road 4 2","2024-09-10","2024-11-03","","exact","1","","",""
"","12 Curve St 4 1","","","73173656","12 Curve St 4 1","2023-10-23","2023-12-26","","exact","1","","",""
"","16 Abbott Street 3 2","","","73097565","16 Abbott Street 3 2","2023-04-11","2023-05-07","","exact","1","","",""
"","42 Cottage St 4 1","","","73082400","42 Cottage St 4 1","2023-02-27","2023-04-26","","exact","1","","",""
"","28 Cunningham Road 3 2","","","73400131","28 Cunningham Road 3 2","2025-07-06","2025-09-02","","exact","1","","",""
"","35 Windemere Rd 3 2","","","73358438","35 Windemere Rd 3 2","2025-04-09","2025-07-29","","exact","1","","",""
"","35 Garrison Rd 3 2","","","73310819","35 Garrison Rd 3 2","2024-11-06","2025-01-23","","exact","1","","",""
"","298 Weston Rd 3 2","","","73292069","298 Weston Rd 3 2","2024-09-17","2024-11-21","","exact","1","","",""
"","7 Hastings Street 4 2","","","73287342","7 Hastings Street 4 2","2024-09-08","2024-10-27","","exact","1","","",""
"","10 Strathmore Road 4 2","","","73278012","10 Strathmore Road 4 2","2024-08-14","2024-10-27","","exact","1","","",""
"","25 Curve St 3 2","","","73240233","25 Curve St 3 2","2024-05-17","2024-05-29","","exact","1","","",""
"","73 Prospect St 4 1","","","73235463","73 Prospect St 4 1","2024-05-08","2024-06-25","","exact","1","","",""
"","397 Linden Street 5 1","","","73228384","397 Linden Street 5 1","2024-04-23","2024-06-25","","exact","1","","",""
"","48 Fuller Brook Rd 3 2","","","73108620","48 Fuller Brook Rd 3 2","2023-05-07","2023-07-10","","exact","1","","",""
"","36 Sunset Road 2 3","","","73092225","36 Sunset Road 2 3","2023-03-27","2023-05-04","","exact","1","","",""
"","33 Avon Road 3 1","","","73078834","33 Avon Road 3 1","2023-02-13","2023-04-18","","exact","1","","",""
"","3 Bobolink Rd 4 3","","","73350724","3 Bobolink Rd 4 3","2025-03-25","2025-06-15","","exact","1","","",""
"","27 Heckle St 5 3","","","73174639","27 Heckle St 5 3","2023-10-25","2023-12-26","","exact","1","","",""
"","81 River Street 6 2","","","73432697","81 River Street 6 2","2025-09-17","2025-11-16","","exact","1","","",""
"","36 Donizetti St 3 2","","","73408678","36 Donizetti St 3 2","2025-07-22","2025-08-25","","exact","1","","",""
"","1 Bow Street 3 2","","","73390306","1 Bow Street 3 2","2025-06-11","2025-08-06","","exact","1","","",""
"","12 Durant Road 3 2","","","73222397","12 Durant Road 3 2","2024-04-09","2024-07-29","","exact","1","","",""
"","6 Fisher Ave 4 3","","","73154181","6 Fisher Ave 4 3","2023-08-30","2024-04-30","","exact","1","","",""
"","16 Granite Street 4 1","","","73075842","16 Granite Street 4 1","2023-02-01","2023-05-04","","exact","1","","",""
"","11 Sessions St 3 2","","","73365688","11 Sessions St 3 2","2025-04-27","2025-05-27","","exact","1","","",""
"","64 Curve Street 4 2","","","73338960","64 Curve Street 4 2","2025-02-25","2025-04-23","","exact","1","","",""
"","5 Bow St 3 2","","","73332354","5 Bow St 3 2","2025-02-03","2025-03-30","","exact","1","","",""
"","11 Bryn Mawr Rd 3 1","","","73263782","11 Bryn Mawr Rd 3 1","2024-07-10","2024-10-10","","exact","1","","",""
"","58 Curve St 3 1","","","73206673","58 Curve St 3 1","2024-02-27","2024-04-17","","exact","1","","",""
"","42 Summit Road 3 1","","","73170252","42 Summit Road 3 1","2023-10-12","2024-01-29","","exact","1","","",""
"","19 Edgemoor Ave 4 3","","","73127494","19 Edgemoor Ave 4 3","2023-06-20","2023-08-15","","exact","1","","",""
"","43 College Road 2 2","","","73081434","43 College Road 2 2","2023-02-22","2023-04-17","","exact","1","","",""
"","23 Lexington Rd 4 2","","","73287378","23 Lexington Rd 4 2","2024-09-08","2025-04-02","","exact","1","","",""
"","31 Kingsbury St 3 1","","","73435446","31 Kingsbury St 3 1","2025-09-23","2025-11-11","","exact","1","","",""
"","241 Weston Rd 3 1","","","73366638","241 Weston Rd 3 1","2025-04-29","2025-06-29","","exact","1","","",""
"","23 Wareland Rd 3 2","","","73389515","23 Wareland Rd 3 2","2025-06-10","2025-07-13","","exact","1","","",""
"","298 Weston Rd 3 2","","","73292069","298 Weston Rd 3 2","2024-09-17","2024-11-21","","exact","1","","",""
"","17 Pleasant Street U:17 4 3","","","73072379","17 Pleasant Street U:17 4 3","2023-01-19","2023-04-09","","exact","1","","",""
"","62 Pleasant 2 2","","","73231460","62 Pleasant 2 2","2024-04-30","2024-06-27","","exact","1","","",""
"","21 Wellesley Ave 4 3","","","73397204","21 Wellesley Ave 4 3","2025-06-25","2025-07-17","","exact","1","","",""
"","282 Oakland Street 3 2","","","73341416","282 Oakland Street 3 2","2025-03-04","2025-05-20","","exact","1","","",""
"","8 Hastings St 3 1","","","73322316","8 Hastings St 3 1","2025-01-01","2025-02-13","","exact","1","","",""
"","15 Cunningham Road 3 1","","","73159254","15 Cunningham Road 3 1","2023-09-12","2023-10-23","","exact","1","","",""
"","19 Northgate Road 3 1","","","73140489","19 Northgate Road 3 1","2023-07-15","2023-09-25","","exact","1","","",""
"","73 Brook St 2 1","","","73217027","73 Brook St 2 1","2024-03-26","2024-04-18","","exact","1","","",""
"","26 Cottage St 4 2","","","73211830","26 Cottage St 4 2","2024-03-12","2024-04-17","","exact","1","","",""
"","1 Bancroft Road 4 1","","","73182938","1 Bancroft Road 4 1","2023-11-26","2024-01-21","","exact","1","","",""
"","37 River Ridge Road 3 2","","","73117687","37 River Ridge Road 3 2","2023-05-30","2023-10-03","","exact","1","","",""
"","5 Intervale Rd 2 2","","","73443551","5 Intervale Rd 2 2","2025-10-14","2025-11-20","","exact","1","","",""
"","365 Weston Road 4 2","","","73441314","365 Weston Road 4 2","2025-10-07","2025-12-02","","exact","1","","",""
"","14 Intervale Road 3 2","","","73363807","14 Intervale Road 3 2","2025-04-22","2025-07-13","","exact","1","","",""
"","3 Rockland St 3 2","","","73355996","3 Rockland St 3 2","2025-04-06","2025-07-31","","exact","1","","",""
"","3 Vista Rd 3 2","","","73306515","3 Vista Rd 3 2","2024-10-24","2024-12-16","","exact","1","","",""
"","346 Linden Street 3 2","","","73219703","346 Linden Street 3 2","2024-04-02","2024-06-16","","exact","1","","",""
"","14 Bird Hill Avenue 3 2","","","73200394","14 Bird Hill Avenue 3 2","2024-02-06","2024-03-28","","exact","1","","",""
"","144 Oakland Street 4 2","","","73097575","144 Oakland Street 4 2","2023-04-11","2023-06-27","","exact","1","","",""
"","432 Weston Road 3 2","","","73077404","432 Weston Road 3 2","2023-02-07","2023-03-13","","exact","1","","",""
"","91 Prospect 4 2","","","73244032","91 Prospect 4 2","2024-05-28","2024-07-11","","exact","1","","",""
"","3 BOBOLINK ROAD 4 3","","","73350724","3 Bobolink Rd 4 3","2025-03-25","2025-06-15","","exact","1","","",""
"","2 Brookdale Ave 4 2","","","73043235","2 Brookdale Ave 4 2","2022-09-29","2023-01-23","","exact","1","","",""
"","35 Overbrook Dr 3 2","","","73100620","35 Overbrook Dr 3 2","2023-04-18","2023-06-01","","exact","1","","",""
"","21 Intervale Road 3 1","","","73332655","21 Intervale Road 3 1","2025-02-04","2025-03-17","","exact","1","","",""
"","19 Wareland Rd 4 2","","","73266762","19 Wareland Rd 4 2","2024-07-17","2024-09-30","","exact","1","","",""
"","77 Wellesley Ave 4 2","","","73231685","77 Wellesley Ave 4 2","2024-04-30","2024-06-13","","exact","1","","",""
"","17 Roberts Rd 3 1","","","73231381","17 Roberts Rd 3 1","2024-04-30","2024-06-06","","exact","1","","",""
"","4 Earle Road 3 2","","","73261560","4 Earle Road 3 2","2024-07-08","2024-09-18","","exact","1","","",""
"","66 River Street 3 1","","","73263781","66 River Street 3 1","2024-07-10","2024-09-08","","exact","1","","",""
"","12 Wildon Rd 3 1","","","73117977","12 Wildon Rd 3 1","2023-05-30","2023-08-14","","exact","1","","",""
"","19 Eaton Ct 6 1","","","73056942","19 Eaton Ct 6 1","2022-11-08","2023-01-30","","exact","1","","",""
"","9 Stonecleve Rd 3 2","","","73405722","9 Stonecleve Rd 3 2","2025-07-15","2025-11-18","","exact","1","","",""
"","38 Riverdale Road 4 1","","","73251361","38 Riverdale Road 4 1","2024-06-11","2024-08-27","","exact","1","","",""
"","13 Fells Rd 3 1","","","73357422","13 Fells Rd 3 1","2025-04-08","2025-06-05","","exact","1","","",""
"","721 Worcester St 4 2","","","73314224","721 Worcester St 4 2","2024-11-19","2025-01-16","","exact","1","","",""
"","21 Fuller Brook Rd 3 1","","","73108898","21 Fuller Brook Rd 3 1","2023-05-08","2023-06-28","","exact","1","","",""
"","44 Chesterton Rd 4 2","","","73081271","44 Chesterton Rd 4 2","2023-02-21","2023-03-30","","exact","1","","",""
"","28 Poplar Rd 3 2","","","73422944","28 Poplar Rd 3 2","2025-08-27","2025-10-30","","exact","1","","",""
"","373 Worcester Street 3 1","","","73238244","373 Worcester Street 3 1","2024-05-14","2024-07-08","","exact","1","","",""
"","401 Weston Rd 3 1","","","73161885","401 Weston Rd 3 1","2023-09-20","2023-10-31","","exact","1","","",""
"","392 Wellesley Ave 4 2","","","73119323","392 Wellesley Ave 4 2","2023-05-31","2023-08-14","","exact","1","","",""
"","16 Woodfield Rd 3 1","","","73121965","16 Woodfield Rd 3 1","2023-06-06","2023-07-18","","exact","1","","",""
"","421 Weston Road 3 1","","","73084781","421 Weston Road 3 1","2023-03-05","2023-04-17","","exact","1","","",""
"","312 Linden St 3 3","","","73287751","312 Linden St 3 3","2024-09-09","2025-02-18","","exact","1","","",""
"","26 Kimlo Rd 3 2","","","73417325","26 Kimlo Rd 3 2","2025-08-12","2025-12-01","","exact","1","","",""
"","155 Cedar St 4 2","","","73087909","155 Cedar St 4 2","2023-03-14","2023-05-24","","exact","1","","",""
"","9 Wiswall Circle U:9 2 2","","","73347789","9 Wiswall Circle U:9 2 2","2025-03-18","2025-04-14","","exact","1","","",""
"","19 Harris Ave 4 3","","","73171795","19 Harris Ave 4 3","2023-10-17","2023-11-29","","exact","1","","",""
"","27 Boulevard Rd 4 1","","","73157753","27 Boulevard Rd 4 1","2023-09-09","2023-10-26","","exact","1","","",""
"","33 Bay View Rd 3 2","","","73109560","33 Bay View Rd 3 2","2023-05-09","2023-06-29","","exact","1","","",""
"","345 Linden 3 1","","","73074917","345 Linden 3 1","2023-01-30","2023-05-09","","exact","1","","",""
"","94 Great Plain Ave 4 1","","","73047288","94 Great Plain Ave 4 1","2022-10-11","2023-02-27","","exact","1","","",""
"","294 Weston Rd 3 1","","","73055287","294 Weston Rd 3 1","2022-11-02","2023-02-16","","exact","1","","",""
"","75 Russell Rd 2 2","","","73269063","75 Russell Rd 2 2","2024-07-23","2024-12-09","","exact","1","","",""
"","62 Donizetti St 2 1","","","73261257","62 Donizetti St 2 1","2024-07-07","2024-08-13","","exact","1","","",""
"","85 Cedar Street 3 1","","","73277412","85 Cedar Street 3 1","2024-08-13","2024-09-22","","exact","1","","",""
"","32 Cavanaugh Road 3 1","","","73329527","32 Cavanaugh Road 3 1","2025-01-26","2025-02-26","","exact","1","","",""
"","44 Hundreds Road 3 2","","","73287451","44 Hundreds Road 3 2","2024-09-08","2024-10-24","","exact","1","","",""
"","6 Oakland Street 3 2","","","73228414","6 Oakland Street 3 2","2024-04-23","2024-05-30","","exact","1","","",""
"","32 S Woodside Avenue 3 1","","","73220526","32 S Woodside Avenue 3 1","2024-04-03","2024-07-09","","exact","1","","",""
"","17 Schaller St 4 1","","","73349678","17 Schaller St 4 1","2025-03-26","2025-05-15","","exact","1","","",""
"","22 Stonecleve Rd 3 1","","","73271675","22 Stonecleve Rd 3 1","2024-07-30","2025-03-20","","exact","1","","",""
"","10 Fife Rd 3 1","","","73216646","10 Fife Rd 3 1","2024-03-25","2024-10-24","","exact","1","","",""
"","731 Worcester St 3 2","","","73136302","731 Worcester St 3 2","2023-07-12","2024-04-04","","exact","1","","",""
"","22 Kimlo Rd 3 2","","","73394326","22 Kimlo Rd 3 2","2025-06-19","2025-09-30","","exact","1","","",""
"","46 Upson Rd 2 1","","","73319552","46 Upson Rd 2 1","2024-12-11","2025-01-23","","exact","1","","",""
"","31 Charles St 3 2","","","73149830","31 Charles St 3 2","2023-08-16","2023-10-01","","exact","1","","",""
"","27 Kirkland Circle 4 1","","","73005674","27 Kirkland Circle 4 1","2022-06-27","2023-03-14","","exact","1","","",""
"","25 Shaw Rd 2 1","","","73004933","25 Shaw Rd 2 1","2022-06-27","2023-07-24","","exact","1","","",""
"","24 Edgemoor Ave 2 1","","","73351951","24 Edgemoor Ave 2 1","2025-03-29","2025-04-29","","exact","1","","",""
"","41 Park Ave 2 1","","","73277345","41 Park Ave 2 1","2024-08-12","2024-12-01","","exact","1","","",""
"","15 Hill Top Road 2 1","","","73266150","15 Hill Top Road 2 1","2024-07-16","2024-08-28","","exact","1","","",""
"","44 Cottonwood Road 3 1","","","73091006","44 Cottonwood Road 3 1","2023-03-23","2023-05-24","","exact","1","","",""
"","12 Stonecleve Rd 2 2","","","73350619","12 Stonecleve Rd 2 2","2025-03-25","2025-10-23","","exact","1","","",""
"","11 Alba Road 3 1","","","73102941","11 Alba Road 3 1","2023-04-24","2023-06-05","","exact","1","","",""
"","814 Worcester Street 3 2","","","73159219","814 Worcester Street 3 2","2023-09-12","2024-01-28","","exact","1","","",""
"","6 Intervale Rd 2 1","","","73265931","6 Intervale Rd 2 1","2024-07-16","2024-10-24","","exact","1","","",""
"","25 Thomas Rd 3 1","","","73141827","25 Thomas Rd 3 1","2023-07-27","2023-08-30","","exact","1","","",""
"","847 Worcester St 3 2","","","73406758","847 Worcester St 3 2","2025-07-17","2025-11-11","","exact","1","","",""
"","368 Worcester Street 6 3","","","73346339","368 Worcester Street 6 3","2025-03-16","2025-04-20","","exact","1","","",""
"","855 Worcester St 3 2","","","73156047","855 Worcester St 3 2","2023-09-05","2023-10-25","","exact","1","","",""
"","838 Worcester 4 2","","","73264824","838 Worcester 4 2","2024-07-14","2024-11-06","","exact","1","","",""
"","63 Russell Rd 4 1","","","73048856","63 Russell Rd 4 1","2022-10-18","2023-02-16","","exact","1","","",""
"","61 Beechwood Rd 3 2","","","73081486","61 Beechwood Rd 3 2","2023-03-01","2023-03-21","","exact","1","","",""
"","603 Worcester St 3 2","","","73173994","603 Worcester St 3 2","2023-10-24","2024-08-14","","exact","1","","",""
"","6 Walnut Place 3 1","","","73113870","6 Walnut Place 3 1","2023-05-17","2023-06-19","","exact","1","","",""
"","32 Rockland St 3 1","","","73353888","32 Rockland St 3 1","2025-04-01","2025-05-07","","exact","1","","",""
"","1 Dale St 3 2","","","73028177","1 Dale St 3 2","2022-08-21","2023-08-16","","exact","1","","",""
"","40 Cedar St 2 1","","","73313042","40 Cedar St 2 1","2024-11-14","2025-03-09","","exact","1","","",""
"","51 Riverdale Road 3 2","","","73085558","51 Riverdale Road 3 2","2023-03-07","2023-04-27","","exact","1","","",""
"","17 Pine Plain Road 1 1","","","73300894","17 Pine Plain Road 1 1","2024-10-09","2025-01-06","","exact","1","","",""
"","460 WORCESTER STREET 1 1","","","73115057","460 WORCESTER STREET 1 1","2023-05-21","2023-06-13","","exact","1","","",""
"","87 Hundreds Rd","","","73426863","87 Hundreds Rd","2025-09-04","2025-10-15","","exact","1","","",""
"","52 Valley Rd","","","73292242","52 Valley Rd","2024-09-18","2025-03-23","","exact","1","","",""
"","15 Lathrop Rd","","","73163127","15 Lathrop Rd","2023-09-24","2024-05-21","","exact","1","","",""
"","222 Grove - Land","","","73187344","222 Grove - Land","2023-12-12","2024-05-28","","exact","1","","",""
"","17 Suffolk Rd","","","73240714","17 Suffolk Rd","2024-05-19","2024-10-03","","exact","1","","",""
"","67 Old Colony Rd","","","73402960","67 Old Colony Rd","2025-07-09","2025-08-28","","exact","1","","",""
"","201 Lowell Road","","","73102988","201 Lowell Road","2023-04-24","2023-08-08","","exact","1","","",""
"","25 Oak St","","","73076749","25 Oak St","2023-02-05","2023-03-14","","exact","1","","",""
"","22-24 Edgemoor Ave","","","73327221","22-24 Edgemoor Ave","2025-01-17","2025-03-06","","exact","1","","",""
"","51 Scotch Pine Road 6 8","","","72810980","51 Scotch Pine Road 6 8","2021-04-07","2022-12-28","","exact","1","","",""
"","166 Edmunds Rd 4 7","","","72829319","166 Edmunds Rd 4 7","2021-05-10","2021-09-14","","exact","1","","",""
"","209 Cliff Rd 7 6","","","72676691","209 Cliff Rd 7 6","2020-06-17","2020-08-11","","exact","1","","",""
"","1 & 11 Kenilworth Rd 7 8","","","72617745","1 & 11 Kenilworth Rd 7 8","2020-02-09","2020-07-30","","exact","1","","",""
"","14 Monadnock Road 5 5","","","73045983","14 Monadnock Road 5 5","2022-10-07","2022-11-29","","exact","1","","",""
"","103 Livingston Rd 7 7","","","72583851","103 Livingston Rd 7 7","2019-10-22","2020-08-30","","exact","1","","",""
"","9 Peirce Rd 7 5","","","72856388","9 Peirce Rd 7 5","2021-06-23","2021-09-14","","exact","1","","",""
"","45 Ravine Rd 6 8","","","72855796","45 Ravine Rd 6 8","2021-06-23","2021-08-12","","exact","1","","",""
"","30 Falmouth Rd 6 6","","","72944961","30 Falmouth Rd 6 6","2022-02-21","2022-12-12","","exact","1","","",""
"","62 Carisbrooke Road 8 5","","","72816315","62 Carisbrooke Road 8 5","2021-04-15","2021-06-15","","exact","1","","",""
"","159 Dover Rd and 38 Livingston Rd 7 7","","","72769338","159 Dover Rd and 38 Livingston Rd 7 7","2020-12-26","2021-02-24","","exact","1","","",""
"","28 Sturbridge Rd 6 6","","","73052485","28 Sturbridge Rd 6 6","2022-10-26","2023-01-12","","exact","1","","",""
"","89 Ledgeways 6 7","","","72934492","89 Ledgeways 6 7","2022-01-16","2022-03-08","","exact","1","","",""
"","77 Woodcliff Road 5 4","","","72957188","77 Woodcliff Road 5 4","2022-03-23","2022-06-29","","exact","1","","",""
"","8 Lowell Rd 6 6","","","72781427","8 Lowell Rd 6 6","2021-02-01","2021-08-31","","exact","1","","",""
"","38 Windsor Road 5 6","","","72685493","38 Windsor Road 5 6","2020-07-05","2020-11-12","","exact","1","","",""
"","10 Albion Rd 6 6","","","72584090","10 Albion Rd 6 6","2019-10-22","2020-08-10","","exact","1","","",""
"","92 Hundreds Rd 6 7","","","72945333","92 Hundreds Rd 6 7","2022-02-22","2022-06-22","","exact","1","","",""
"","21 Greylock Road 7 7","","","72696249","21 Greylock Road 7 7","2020-07-21","2022-01-27","","exact","1","","",""
"","62 Hampshire Road 7 6","","","72665035","62 Hampshire Road 7 6","2020-05-31","2020-09-22","","exact","1","","",""
"","15 Falmouth Circle 7 6","","","72440081","15 Falmouth Circle 7 6","2019-01-10","2020-05-04","","exact","1","","",""
"","190 Pond Rd 5 6","","","72854444","190 Pond Rd 5 6","2021-06-21","2022-01-27","","exact","1","","",""
"","62 & 66 Temple Rd 5 5","","","72729066","62 & 66 Temple Rd 5 5","2020-09-17","2021-01-05","","exact","1","","",""
"","43 Highgate 5 4","","","72668836","43 Highgate 5 4","2020-06-05","2020-12-03","","exact","1","","",""
"","146 Lowell Road 6 5","","","72995949","146 Lowell Road 6 5","2022-06-09","2022-08-09","","exact","1","","",""
"","60 White Oak Rd 5 6","","","72681765","60 White Oak Rd 5 6","2020-06-26","2020-09-01","","exact","1","","",""
"","47 Royalston Road 5 6","","","72520847","47 Royalston Road 5 6","2019-06-17","2020-02-27","","exact","1","","",""
"","58 Ridge Hill Farm Rd 5 7","","","72829868","58 Ridge Hill Farm Rd 5 7","2021-05-11","2021-06-29","","exact","1","","",""
"","68 Woodcliff Rd 5 6","","","72947862","68 Woodcliff Rd 5 6","2022-03-01","2022-05-03","","exact","1","","",""
"","15 Winding River Cir 6 7","","","72906189","15 Winding River Cir 6 7","2021-10-07","2021-12-15","","exact","1","","",""
"","12 Mountview Rd 5 6","","","72772343","12 Mountview Rd 5 6","2021-01-06","2021-03-31","","exact","1","","",""
"","16 Ridge Hill Farm Rd 5 5","","","72600449","16 Ridge Hill Farm Rd 5 5","2019-12-12","2021-02-28","","exact","1","","",""
"","68 Woodcliff 5 6","","","72822358","68 Woodcliff 5 6","2021-04-27","2021-07-13","","exact","1","","",""
"","15 Woodcliff Rd 6 6","","","73092766","15 Woodcliff Rd 6 6","2023-03-28","2023-05-29","","exact","1","","",""
"","95 Albion Rd 7 6","","","72508818","95 Albion Rd 7 6","2019-05-29","2020-04-01","","exact","1","","",""
"","17 Clark Road 6 8","","","72675447","17 Clark Road 6 8","2020-06-16","2020-11-30","","exact","1","","",""
"","29 Croton St 5 4","","","73054319","29 Croton St 5 4","2022-11-01","2022-12-22","","exact","1","","",""
"","124 Dover Rd 6 6","","","72674152","124 Dover Rd 6 6","2020-06-14","2020-08-30","","exact","1","","",""
"","64 Cartwright Road 7 6","","","72954326","64 Cartwright Road 7 6","2022-03-16","2022-07-14","","exact","1","","",""
"","37 Royalston Rd 6 6","","","72792698","37 Royalston Rd 6 6","2021-03-02","2021-06-09","","exact","1","","",""
"","60 Audubon Rd 6 7","","","72920133","60 Audubon Rd 6 7","2021-11-14","2022-05-22","","exact","1","","",""
"","36 Oakridge 5 5","","","72915276","36 Oakridge 5 5","2021-11-01","2021-12-29","","exact","1","","",""
"","8 Deerfield Road 6 6","","","72873943","8 Deerfield Road 6 6","2021-07-28","2022-01-31","","exact","1","","",""
"","71 Carisbrooke Rd 5 4","","","72989699","71 Carisbrooke Rd 5 4","2022-05-31","2022-08-14","","exact","1","","",""
"","44 Sabrina Road 6 7","","","72694417","44 Sabrina Road 6 7","2020-07-19","2021-01-04","","exact","1","","",""
"","211 Grove St 7 7","","","72621345","211 Grove St 7 7","2020-02-18","2020-05-31","","exact","1","","",""
"","21 Sturbridge Road 6 6","","","72967414","21 Sturbridge Road 6 6","2022-04-15","2022-04-27","","exact","1","","",""
"","19 Sawyer Rd 6 5","","","72723231","19 Sawyer Rd 6 5","2020-09-08","2020-11-09","","exact","1","","",""
"","35 Cliff Rd 8 4","","","72659939","35 Cliff Rd 8 4","2020-05-20","2020-07-16","","exact","1","","",""
"","190 Winding River Rd 5 6","","","72619429","190 Winding River Rd 5 6","2020-02-12","2020-05-28","","exact","1","","",""
"","68 Woodcliff Rd 5 6","","","72947862","68 Woodcliff Rd 5 6","2022-03-01","2022-05-03","","exact","1","","",""
"","71 Hundreds Rd 6 6","","","72579097","71 Hundreds Rd 6 6","2019-10-10","2020-04-27","","exact","1","","",""
"","11 Lehigh Rd 6 5","","","72963173","11 Lehigh Rd 6 5","2022-04-05","2022-05-19","","exact","1","","",""
"","9 Franklin 5 5","","","72936582","9 Franklin 5 5","2022-01-23","2022-07-25","","exact","1","","",""
"","59 Hundreds Circle 5 6","","","72825022","59 Hundreds Circle 5 6","2021-05-03","2021-11-29","","exact","1","","",""
"","152 Lowell Road 5 5","","","72701910","152 Lowell Road 5 5","2020-07-30","2020-10-14","","exact","1","","",""
"","140 Wellesley Ave 6 6","","","72853527","140 Wellesley Ave 6 6","2021-06-20","2022-01-06","","exact","1","","",""
"","190 Pond Road 5 6","","","72854444","190 Pond Rd 5 6","2021-06-21","2022-01-27","","exact","1","","",""
"","84 Old Colony Road 6 6","","","72935373","84 Old Colony Road 6 6","2022-01-18","2022-04-13","","exact","1","","",""
"","34 Livingston Road 6 4","","","72811814","34 Livingston Road 6 4","2021-04-07","2021-06-30","","exact","1","","",""
"","92 Royalston Road 6 4","","","72804395","92 Royalston Road 6 4","2021-03-24","2021-05-12","","exact","1","","",""
"","17 Temple Rd 5 6","","","72796164","17 Temple Rd 5 6","2021-03-09","2021-06-17","","exact","1","","",""
"","165 Cliff Rd 6 5","","","73297001","165 Cliff Rd 6 5","2024-09-30","2025-01-14","","exact","1","","",""
"","90 Hundreds Rd 5 4","","","72847650","90 Hundreds Rd 5 4","2021-06-09","2021-08-12","","exact","1","","",""
"","22 Temple Rd 5 5","","","73366917","22 Temple Road 5 5","2025-04-29","2025-07-13","","exact","1","","",""
"","17 Sturbridge Road 5 5","","","72808629","17 Sturbridge Road 5 5","2021-04-04","2021-06-28","","exact","1","","",""
"","100 Bristol Road 5 5","","","72596665","100 Bristol Road 5 5","2019-11-28","2020-02-20","","exact","1","","",""
"","50 Woodridge Rd 5 5","","","72592940","50 Woodridge Rd 5 5","2019-11-14","2020-10-29","","exact","1","","",""
"","90 Monadnock Road 5 7","","","72497163","90 Monadnock Road 5 7","2019-05-08","2020-05-31","","exact","1","","",""
"","49 Bristol Rd 5 5","","","72626741","49 Bristol Rd 5 5","2020-03-01","2020-07-09","","exact","1","","",""
"","128 Cliff Rd 5 4","","","72936223","128 Cliff Rd 5 4","2022-01-21","2022-04-14","","exact","1","","",""
"","85 Monadnock Rd 5 7","","","72915732","85 Monadnock Rd 5 7","2021-11-02","2021-12-05","","exact","1","","",""
"","22 Livingston Road 6 4","","","72796836","22 Livingston Road 6 4","2021-03-10","2021-05-13","","exact","1","","",""
"","109 Edmunds Road 5 5","","","72708870","109 Edmunds Road 5 5","2020-08-11","2020-09-24","","exact","1","","",""
"","67 Yarmouth Rd 6 6","","","73035318","67 Yarmouth Rd 6 6","2022-09-11","2022-10-27","","exact","1","","",""
"","108 Dover Rd 8 5","","","72724887","108 Dover Rd 8 5","2020-09-10","2021-02-11","","exact","1","","",""
"","42 Old Colony Road 6 5","","","73043609","42 Old Colony Road 6 5","2022-10-02","2022-11-15","","exact","1","","",""
"","65 Royalston Road 7 5","","","72692359","65 Royalston Road 7 5","2020-07-15","2020-10-21","","exact","1","","",""
"","4 Dewing Path 5 5","","","72814701","4 Dewing Path 5 5","2021-04-13","2021-08-22","","exact","1","","",""
"","110 Cliff Road 7 6","","","72582836","110 Cliff Road 7 6","2019-10-20","2020-12-21","","exact","1","","",""
"","2 Springdale Ave 5 6","","","72632044","2 Springdale Ave 5 6","2020-03-10","2020-06-29","","exact","1","","",""
"","30 Cliff Rd 6 3","","","72947860","30 Cliff Rd 6 3","2022-03-01","2022-06-21","","exact","1","","",""
"","4 Wedgwood 5 4","","","72881231","4 Wedgwood 5 4","2021-08-12","2022-05-03","","exact","1","","",""
"","16 Tanglewood Rd 6 6","","","72680670","16 Tanglewood Rd 6 6","2020-06-24","2021-01-14","","exact","1","","",""
"","77 Cliff Rd 5 5","","","72953932","77 Cliff Rd 5 5","2022-03-15","2022-05-19","","exact","1","","",""
"","4 Wynnewood Road 6 6","","","72935156","4 Wynnewood Road 6 6","2022-01-18","2022-04-27","","exact","1","","",""
"","38 Chestnut St 5 4","","","72894059","38 Chestnut St 5 4","2021-09-12","2021-11-17","","exact","1","","",""
"","121 Lowell Rd 6 6","","","72677614","121 Lowell Rd 6 6","2020-06-19","2020-08-13","","exact","1","","",""
"","106 Suffolk Road 6 6","","","72525002","106 Suffolk Road 6 6","2019-06-24","2020-07-19","","exact","1","","",""
"","40 Park Ave 5 6","","","72750965","40 Park Ave 5 6","2020-10-29","2022-02-27","","exact","1","","",""
"","30 Tanglewood Rd 6 6","","","72643149","30 Tanglewood Rd 6 6","2020-04-10","2020-06-10","","exact","1","","",""
"","22 Greylock Rd 5 4","","","72615958","22 Greylock Rd 5 4","2020-02-04","2020-04-30","","exact","1","","",""
"","54 Greylock Road 6 3","","","73003247","54 Greylock Road 6 3","2022-06-22","2022-10-13","","exact","1","","",""
"","15 Livermore Road 5 4","","","72911227","15 Livermore Road 5 4","2021-10-20","2022-01-23","","exact","1","","",""
"","55 Ledgeways 4 3","","","73013579","55 Ledgeways 4 3","2022-07-17","2022-09-28","","exact","1","","",""
"","23 Pembroke Road 5 7","","","72825002","23 Pembroke Road 5 7","2021-05-03","2021-08-25","","exact","1","","",""
"","18 Hawthorne Rd 5 5","","","72782003","18 Hawthorne Rd 5 5","2021-02-02","2021-04-15","","exact","1","","",""
"","97 Arnold Road 4 4","","","72779869","97 Arnold Road 4 4","2021-01-27","2021-04-05","","exact","1","","",""
"","30 Whiting Rd 5 4","","","72855748","30 Whiting Rd 5 4","2021-06-23","2021-10-13","","exact","1","","",""
"","76 Livingston Rd 5 6","","","72851502","76 Livingston Rd 5 6","2021-06-15","2021-08-18","","exact","1","","",""
"","32 Peirce Rd 6 5","","","72772627","32 Peirce Rd 6 5","2021-01-06","2021-05-12","","exact","1","","",""
"","5 Beard Way 7 6","","","73283930","5 Beard Way 7 6","2024-09-02","2024-10-24","","exact","1","","",""
"","10 Scotch Pine Circle 6 5","","","72673905","10 Scotch Pine Circle 6 5","2020-06-14","2020-07-08","","exact","1","","",""
"","29 Whiting Rd 6 4","","","72800942","29 Whiting Rd 6 4","2021-03-18","2021-06-29","","exact","1","","",""
"","84 Ledgeways 4 4","","","73021178","84 Ledgeways 4 4","2022-08-02","2022-11-14","","exact","1","","",""
"","22 Colburn Road 6 6","","","72777801","22 Colburn Road 6 6","2021-01-21","2021-05-04","","exact","1","","",""
"","27 Tanglewood Road 5 5","","","72747491","27 Tanglewood Road 5 5","2020-10-21","2020-12-07","","exact","1","","",""
"","60 Maugus Ave 6 7","","","72803395","60 Maugus Ave 6 7","2021-03-23","2021-06-24","","exact","1","","",""
"","216 Winding River Road 5 3","","","72678570","216 Winding River Road 5 3","2020-06-22","2020-11-18","","exact","1","","",""
"","102 Old Colony Road 5 4","","","72734990","102 Old Colony Road 5 4","2020-09-29","2020-12-02","","exact","1","","",""
"","56 Monadnock 4 3","","","72976290","56 Monadnock 4 3","2022-05-03","2022-06-16","","exact","1","","",""
"","147 Lowell Rd 5 5","","","72834495","147 Lowell Rd 5 5","2021-05-18","2021-08-16","","exact","1","","",""
"","134 Wellesley Ave 5 4","","","72947973","134 Wellesley Ave 5 4","2022-03-01","2022-05-30","","exact","1","","",""
"","64 Halsey Ave 6 4","","","73019318","64 Halsey Ave 6 4","2022-07-29","2022-09-14","","exact","1","","",""
"","174 Bristol Road 5 4","","","73011602","174 Bristol Road 5 4","2022-07-12","2022-09-07","","exact","1","","",""
"","36 Audubon Rd 5 6","","","72994658","36 Audubon Rd 5 6","2022-06-07","2022-07-14","","exact","1","","",""
"","26 Park Ave 5 5","","","72969217","26 Park Ave 5 5","2022-04-19","2022-07-14","","exact","1","","",""
"","189 Cliff Rd 6 5","","","72960211","189 Cliff Rd 6 5","2022-03-30","2022-05-19","","exact","1","","",""
"","30 Maugus Ave 5 5","","","72959722","30 Maugus Ave 5 5","2022-03-29","2022-06-13","","exact","1","","",""
"","123 Albion Rd 4 4","","","72951669","123 Albion Rd 4 4","2022-03-09","2022-05-30","","exact","1","","",""
"","63 Brook Street 5 4","","","72910731","63 Brook Street 5 4","2021-10-19","2022-01-06","","exact","1","","",""
"","317 Grove Street 5 5","","","72843309","317 Grove Street 5 5","2021-06-02","2021-09-02","","exact","1","","",""
"","81 Monadnock Rd 5 4","","","72792521","81 Monadnock Rd 5 4","2021-03-02","2021-05-14","","exact","1","","",""
"","16 Pine St 6 6","","","72789779","16 Pine St 6 6","2021-02-24","2021-06-20","","exact","1","","",""
"","4 Woodcliff Rd 5 5","","","72787935","4 Woodcliff Rd 5 5","2021-02-18","2021-05-20","","exact","1","","",""
"","118 Hundreds Rd 6 3","","","72729458","118 Hundreds Rd 6 3","2020-09-18","2021-03-03","","exact","1","","",""
"","17 Garden Rd 5 6","","","72714041","17 Garden Rd 5 6","2020-08-20","2020-09-20","","exact","1","","",""
"","5 Rockridge Rd 5 4","","","73088117","5 Rockridge Road 5 4","2023-03-14","2023-03-30","","exact","1","","",""
"","94 Edmunds Rd 5 4","","","72631832","94 Edmunds Rd 5 4","2020-03-10","2020-08-02","","exact","1","","",""
"","14 Boulder Road 6 5","","","72586477","14 Boulder Road 6 5","2019-10-29","2020-08-25","","exact","1","","",""
"","41 Highgate 4 4","","","72532017","41 Highgate 4 4","2019-07-09","2020-05-12","","exact","1","","",""
"","18 Lanark Rd 6 4","","","72890279","18 Lanark Rd 6 4","2021-09-05","2021-11-11","","exact","1","","",""
"","14 Sumner Rd 5 5","","","72964206","14 Sumner Rd 5 5","2022-04-06","2022-06-02","","exact","1","","",""
"","15 Kenilworth Rd 5 4","","","72820723","15 Kenilworth Rd 5 4","2021-04-25","2021-07-29","","exact","1","","",""
"","151 Oakland Street 6 4","","","72792831","151 Oakland Street 6 4","2021-03-02","2021-12-29","","exact","1","","",""
"","144 Glen Rd 5 4","","","72624194","144 Glen Rd 5 4","2020-02-25","2020-07-30","","exact","1","","",""
"","54 Abbott Rd 5 3","","","72807533","54 Abbott Rd 5 3","2021-03-31","2021-06-03","","exact","1","","",""
"","1 Dinsmore Rd 5 4","","","72947998","1 Dinsmore Rd 5 4","2022-03-01","2022-05-31","","exact","1","","",""
"","55 Cliff Rd 4 3","","","72744184","55 Cliff Rd 4 3","2020-10-15","2020-12-14","","exact","1","","",""
"","34 Willow Road 5 5","","","73037052","34 Willow Road 5 5","2022-09-14","2022-11-29","","exact","1","","",""
"","24 Priscilla Road 6 6","","","72897670","24 Priscilla Road 6 6","2021-09-19","2022-01-25","","exact","1","","",""
"","30 Lowell Rd 5 4","","","72897546","30 Lowell Rd 5 4","2021-09-19","2021-12-08","","exact","1","","",""
"","80 Fuller Brook Rd 5 5","","","72667273","80 Fuller Brook Rd 5 5","2020-06-02","2021-01-10","","exact","1","","",""
"","84 Whittier Road 5 5","","","72584922","84 Whittier Road 5 5","2019-10-24","2020-04-20","","exact","1","","",""
"","45 Chestnut St 5 5","","","72817332","45 Chestnut St 5 5","2021-04-19","2021-06-20","","exact","1","","",""
"","66 Windsor Rd 5 5","","","72830323","66 Windsor Rd 5 5","2021-05-11","2021-08-02","","exact","1","","",""
"","179 Oakland St 4 3","","","72826246","179 Oakland St 4 3","2021-05-04","2021-06-29","","exact","1","","",""
"","27 Pembroke Rd 6 6","","","72621588","27 Pembroke Rd 6 6","2020-02-18","2020-04-15","","exact","1","","",""
"","15 Mayo Rd. 6 6","","","72932076","15 Mayo Rd. 6 6","2022-01-06","2022-05-30","","exact","1","","",""
"","65 Crest Rd 4 3","","","72985547","65 Crest Rd 4 3","2022-05-19","2022-06-29","","exact","1","","",""
"","55 Pilgrim Rd 4 4","","","73008147","55 Pilgrim Rd 4 4","2022-07-05","2022-09-14","","exact","1","","",""
"","3 Woodland Rd 5 4","","","72953269","3 Woodland Rd 5 4","2022-03-15","2022-04-27","","exact","1","","",""
"","77 Monadnock Road 5 3","","","72953166","77 Monadnock Road 5 3","2022-03-14","2022-05-15","","exact","1","","",""
"","158 Winding River Rd 5 3","","","72941357","158 Winding River Rd 5 3","2022-02-08","2022-04-14","","exact","1","","",""
"","8 Old Farm Rd 5 4","","","72933322","8 Old Farm Rd 5 4","2022-01-11","2022-02-10","","exact","1","","",""
"","15 Longmeadow Rd 5 4","","","73235648","15 Longmeadow Rd 5 4","2024-05-08","2024-07-10","","exact","1","","",""
"","107 Cliff Rd 5 4","","","72908711","107 Cliff Rd 5 4","2021-10-13","2022-02-07","","exact","1","","",""
"","166 Winding River Rd 4 3","","","72662519","166 Winding River Rd 4 3","2020-05-26","2020-08-16","","exact","1","","",""
"","21 Cushing Rd 5 4","","","73346403","21 Cushing Road 5 4","2025-03-16","2025-04-30","","exact","1","","",""
"","27 Livermore Rd 7 5","","","72664241","27 Livermore Rd 7 5","2020-05-28","2020-08-06","","exact","1","","",""
"","8 Monadnock Rd 5 5","","","72650214","8 Monadnock Rd 5 5","2020-04-30","2021-05-11","","exact","1","","",""
"","3 Dewing Path 5 6","","","72570762","3 Dewing Path 5 6","2019-09-24","2020-01-08","","exact","1","","",""
"","7 Allen Road 5 5","","","72610102","7 Allen Road 5 5","2020-01-20","2020-03-10","","exact","1","","",""
"","204 Grove St 5 3","","","72774666","204 Grove St 5 3","2021-01-12","2021-02-28","","exact","1","","",""
"","19 Marshall Rd 4 5","","","72976298","19 Marshall Rd 4 5","2022-05-03","2022-06-28","","exact","1","","",""
"","18 Linwood Rd 5 3","","","72969150","18 Linwood Rd 5 3","2022-04-19","2022-07-21","","exact","1","","",""
"","111 Westgate Rd 5 4","","","72943801","111 Westgate Rd 5 4","2022-02-16","2022-04-20","","exact","1","","",""
"","118 Abbott Road 5 3","","","72605632","118 Abbott Road 5 3","2019-12-17","2020-04-01","","exact","1","","",""
"","2 River Glen Rd 5 5","","","72980329","2 River Glen Rd 5 5","2022-05-10","2022-06-26","","exact","1","","",""
"","15 Orchard St 5 5","","","73028792","15 Orchard St 5 5","2022-08-24","2022-12-19","","exact","1","","",""
"","23 Chestnut St 5 3","","","72971202","23 Chestnut St 5 3","2022-04-24","2022-06-12","","exact","1","","",""
"","50 Washburn Ave 5 4","","","72937543","50 Washburn Ave 5 4","2022-01-26","2022-05-11","","exact","1","","",""
"","150 Glen Rd 5 4","","","72819664","150 Glen Rd 5 4","2021-04-22","2021-06-24","","exact","1","","",""
"","57 Windsor Road 5 5","","","72776946","57 Windsor Road 5 5","2021-01-19","2022-01-11","","exact","1","","",""
"","25 Old Colony Rd 5 4","","","72812218","25 Old Colony Rd 5 4","2021-04-08","2021-08-18","","exact","1","","",""
"","29 Patton Road 5 4","","","72998974","29 Patton Road 5 4","2022-06-15","2022-07-31","","exact","1","","",""
"","25 Emerson Rd 5 4","","","72994279","25 Emerson Rd 5 4","2022-06-07","2022-08-01","","exact","1","","",""
"","7 Massasoit Rd 5 4","","","72923266","7 Massasoit Rd 5 4","2021-11-28","2022-02-27","","exact","1","","",""
"","37 Falmouth Rd 5 3","","","72873507","37 Falmouth Rd 5 3","2021-07-28","2021-11-16","","exact","1","","",""
"","59 Cliff Road 5 4","","","72838344","59 Cliff Road 5 4","2021-05-25","2021-08-30","","exact","1","","",""
"","5 Edgewater Dr 5 5","","","72711892","5 Edgewater Dr 5 5","2020-08-17","2020-09-28","","exact","1","","",""
"","67 Longfellow Road 7 5","","","72669157","67 Longfellow Road 7 5","2020-06-06","2020-06-29","","exact","1","","",""
"","7 Sprague Rd 7 6","","","72646999","7 Sprague Rd 7 6","2020-04-22","2020-08-24","","exact","1","","",""
"","31 Brook St 6 3","","","72561612","31 Brook St 6 3","2019-09-08","2020-05-27","","exact","1","","",""
"","77 Royalston Road 4 5","","","72671466","77 Royalston Road 4 5","2020-06-09","2020-09-13","","exact","1","","",""
"","32 Maugus Ave 7 3","","","72841821","32 Maugus Ave 7 3","2021-06-01","2021-07-15","","exact","1","","",""
"","10 Old Colony 5 4","","","72826693","10 Old Colony 5 4","2021-05-05","2021-07-15","","exact","1","","",""
"","19 Colgate Rd 5 3","","","72983932","19 Colgate Rd 5 3","2022-05-17","2022-07-31","","exact","1","","",""
"","11 Fisher Avenue 5 4","","","72933781","11 Fisher Avenue 5 4","2022-01-12","2022-03-07","","exact","1","","",""
"","10 Sturbridge Road 5 2","","","73007963","10 Sturbridge Road 5 2","2022-07-05","2022-09-06","","exact","1","","",""
"","22 Saunders Ter 4 5","","","72972626","22 Saunders Ter 4 5","2022-04-26","2022-06-22","","exact","1","","",""
"","129 Hampshire Rd 5 5","","","72804018","129 Hampshire Rd 5 5","2021-03-24","2021-05-31","","exact","1","","",""
"","14 Strathmore Rd 5 5","","","72903568","14 Strathmore Rd 5 5","2021-10-01","2022-01-05","","exact","1","","",""
"","46 Garden Road 4 4","","","73293153","46 Garden Rd 4 4","2024-09-19","2024-12-03","","exact","1","","",""
"","60 Windsor Road 3 2","","","73024081","60 Windsor Road 3 2","2022-08-10","2022-08-25","","exact","1","","",""
"","38 Earle Road 5 4","","","73002994","38 Earle Road 5 4","2022-06-22","2022-08-04","","exact","1","","",""
"","7 Kipling Road 7 6","","","73230674","7 Kipling Road 7 6","2024-04-29","2024-08-21","","exact","1","","",""
"","7 Nantucket Road 4 3","","","72963253","7 Nantucket Road 4 3","2022-04-05","2022-06-27","","exact","1","","",""
"","15 Old Town Road 4 4","","","72959625","15 Old Town Road 4 4","2022-03-29","2022-05-25","","exact","1","","",""
"","3R Westminster Cir 5 3","","","72954542","3R Westminster Cir 5 3","2022-03-16","2022-05-26","","exact","1","","",""
"","51 Wareland Road 4 3","","","72951667","51 Wareland Road 4 3","2022-03-09","2022-06-22","","exact","1","","",""
"","115 Great Plain Ave 5 5","","","72950745","115 Great Plain Ave 5 5","2022-03-08","2022-05-24","","exact","1","","",""
"","42 Elm Street 6 5","","","72811269","42 Elm Street 6 5","2021-04-07","2021-06-13","","exact","1","","",""
"","12 Glen Brook Rd 4 3","","","72806250","12 Glen Brook Rd 4 3","2021-03-30","2021-05-31","","exact","1","","",""
"","101 Abbott Rd 6 4","","","72676575","101 Abbott Rd 6 4","2020-06-17","2020-08-27","","exact","1","","",""
"","21 Wedgwood 6 5","","","72657633","21 Wedgwood 6 5","2020-05-17","2020-08-09","","exact","1","","",""
"","66 Standish Cir 5 4","","","72655311","66 Standish Cir 5 4","2020-05-12","2020-07-30","","exact","1","","",""
"","69 Forest St 4 4","","","73356909","69 Forest St 4 4","2025-04-08","2025-07-31","","exact","1","","",""
"","112 Abbott Road 5 4","","","72623247","112 Abbott Road 5 4","2020-02-23","2020-05-31","","exact","1","","",""
"","3 Winding River Cir 5 4","","","72609806","3 Winding River Cir 5 4","2020-01-19","2020-06-14","","exact","1","","",""
"","Lot 25 Leewood 5 6","","","72675815","Lot 25 Leewood 5 6","2020-06-16","2021-06-09","","exact","1","","",""
"","33 MAUGUS HILL ROAD 5 5","","","73338729","33 Maugus Hill Road 5 5","2025-02-25","2025-04-14","","exact","1","","",""
"","39 Sagamore Rd 4 2","","","73018221","39 Sagamore Rd 4 2","2022-07-26","2022-09-22","","exact","1","","",""
"","904 Washington St 6 3","","","72885546","904 Washington St 6 3","2021-08-23","2021-10-21","","exact","1","","",""
"","11 Bradley Ave 5 4","","","72990538","11 Bradley Ave 5 4","2022-05-31","2022-08-04","","exact","1","","",""
"","42 Chestnut Street 5 3","","","72694046","42 Chestnut Street 5 3","2020-07-17","2020-09-13","","exact","1","","",""
"","38 Kenilworth Road 5 4","","","72623469","38 Kenilworth Road 5 4","2020-03-01","2020-08-23","","exact","1","","",""
"","19 Indian Springs Way 6 3","","","72973346","19 Indian Springs Way 6 3","2022-04-27","2022-08-01","","exact","1","","",""
"","116 Hampshire Rd 5 3","","","72797893","116 Hampshire Rd 5 3","2021-03-12","2021-05-02","","exact","1","","",""
"","26 Croton 4 4","","","72596519","26 Croton 4 4","2019-11-26","2021-04-06","","exact","1","","",""
"","138 Hampshire Rd 5 3","","","72913479","138 Hampshire Rd 5 3","2021-10-24","2021-12-09","","exact","1","","",""
"","31 Atwood Street 5 4","","","73037491","31 Atwood Street 5 4","2022-09-14","2023-01-11","","exact","1","","",""
"","200-202 Washington Street 5 5","","","72954577","200-202 Washington Street 5 5","2022-03-16","2022-07-20","","exact","1","","",""
"","40 Hampshire Rd 4 3","","","72953993","40 Hampshire Rd 4 3","2022-03-15","2022-06-15","","exact","1","","",""
"","7 Edmunds Rd 6 5","","","72950808","7 Edmunds Rd 6 5","2022-03-08","2022-06-15","","exact","1","","",""
"","35 Lehigh Rd 5 4","","","72948138","35 Lehigh Rd 5 4","2022-03-01","2022-05-25","","exact","1","","",""
"","44 Norwich Road 4 3","","","72939165","44 Norwich Road 4 3","2022-02-01","2022-05-31","","exact","1","","",""
"","7 Chestnut St 6 3","","","72937619","7 Chestnut St 6 3","2022-01-27","2022-06-20","","exact","1","","",""
"","5 Wynnewood Road 4 4","","","72935733","5 Wynnewood Road 4 4","2022-01-19","2022-03-14","","exact","1","","",""
"","2 Burnett Ln 5 5","","","72821159","2 Burnett Ln 5 5","2021-04-26","2021-07-22","","exact","1","","",""
"","11 Mountview Rd 5 3","","","72743151","11 Mountview Rd 5 3","2020-10-13","2020-12-29","","exact","1","","",""
"","11 Scotch Pine Cir 4 4","","","72716342","11 Scotch Pine Cir 4 4","2020-08-25","2020-11-16","","exact","1","","",""
"","8 Sumner Rd. 5 2","","","72681372","8 Sumner Rd. 5 2","2020-06-25","2020-08-11","","exact","1","","",""
"","14 Plymouth Road 5 4","","","73219274","14 Plymouth Rd 5 4","2024-04-02","2024-08-08","","exact","1","","",""
"","151 Cliff Rd 6 3","","","72604775","151 Cliff Rd 6 3","2020-01-05","2020-03-10","","exact","1","","",""
"","117 Grove St 5 4","","","72597642","117 Grove St 5 4","2019-12-02","2020-01-29","","exact","1","","",""
"","1 Hickory Rd 4 4","","","72984322","1 Hickory Rd 4 4","2022-05-17","2022-07-06","","exact","1","","",""
"","24 Mayo Road 4 4","","","72994461","24 Mayo Road 4 4","2022-06-07","2022-08-08","","exact","1","","",""
"","31 Lathrop Rd 5 3","","","72944398","31 Lathrop Rd 5 3","2022-02-17","2022-05-16","","exact","1","","",""
"","193 Bristol Rd 4 3","","","72855315","193 Bristol Rd 4 3","2021-06-22","2021-08-31","","exact","1","","",""
"","38 Lehigh Rd 4 4","","","72759642","38 Lehigh Rd 4 4","2020-11-19","2021-04-08","","exact","1","","",""
"","90 Dover Rd 4 4","","","72861474","90 Dover Rd 4 4","2021-07-06","2021-09-30","","exact","1","","",""
"","1 Edmunds Road 8 7","","","72684019","1 Edmunds Road 8 7","2020-07-01","2021-08-16","","exact","1","","",""
"","23 Plymouth Road 5 4","","","72777741","23 Plymouth Road 5 4","2021-01-21","2021-02-25","","exact","1","","",""
"","8 Old Farm Rd 5 4","","","72933322","8 Old Farm Rd 5 4","2022-01-11","2022-02-10","","exact","1","","",""
"","43 Tanglewood Rd 5 3","","","73033632","43 Tanglewood Rd 5 3","2022-09-06","2022-11-29","","exact","1","","",""
"","6 Clifford St 5 6","","","72909040","6 Clifford St 5 6","2021-10-14","2021-11-08","","exact","1","","",""
"","8 Great Plain Ave 5 5","","","72890463","8 Great Plain Ave 5 5","2021-09-06","2021-11-29","","exact","1","","",""
"","84 Pleasant Street 5 4","","","73035351","84 Pleasant Street 5 4","2022-09-11","2022-10-16","","exact","1","","",""
"","10 Hawthorne Rd 5 3","","","73033380","10 Hawthorne Rd 5 3","2022-09-06","2022-10-27","","exact","1","","",""
"","22 Northgate Rd 5 4","","","73007723","22 Northgate Rd 5 4","2022-07-05","2022-08-28","","exact","1","","",""
"","1 Brookdale Ave 4 4","","","72994734","1 Brookdale Ave 4 4","2022-06-07","2022-07-25","","exact","1","","",""
"","9 Old Town Road 4 3","","","72989028","9 Old Town Road 4 3","2022-05-30","2022-08-01","","exact","1","","",""
"","9 Livermore Rd 6 4","","","72916776","9 Livermore Rd 6 4","2021-11-03","2021-12-15","","exact","1","","",""
"","238 Oakland Street 5 5","","","72839810","238 Oakland Street 5 5","2021-05-30","2021-07-28","","exact","1","","",""
"","15 Marshall Rd 5 5","","","72797202","15 Marshall Rd 5 5","2021-03-10","2021-06-27","","exact","1","","",""
"","2 Simpson Rd 4 4","","","72677617","2 Simpson Rd 4 4","2020-06-19","2021-07-22","","exact","1","","",""
"","47 MacArthur 5 4","","","72648862","47 MacArthur 5 4","2020-04-28","2020-07-08","","exact","1","","",""
"","37 Woodcliff Rd 4 3","","","72605837","37 Woodcliff Rd 4 3","2020-01-07","2020-03-17","","exact","1","","",""
"","23 Plymouth 5 4","","","72740433","23 Plymouth 5 4","2020-10-08","2020-12-03","","exact","1","","",""
"","4 Beebe Way 5 3","","","72710026","4 Beebe Way 5 3","2020-08-13","2020-10-05","","exact","1","","",""
"","2 Shadow Lane 4 4","","","72984175","2 Shadow Lane 4 4","2022-05-17","2022-07-27","","exact","1","","",""
"","34 Livermore Rd 6 3","","","72940535","34 Livermore Rd 6 3","2022-02-07","2022-04-13","","exact","1","","",""
"","112 Great Plain Ave 4 6","","","72917731","112 Great Plain Ave 4 6","2021-11-07","2022-03-23","","exact","1","","",""
"","84 Hopkinson 5 4","","","72831917","84 Hopkinson 5 4","2021-05-13","2021-06-29","","exact","1","","",""
"","56 Arnold Rd 4 3","","","72785499","56 Arnold Rd 4 3","2021-02-11","2021-05-16","","exact","1","","",""
"","65 Old Farm Rd 5 3","","","72715992","65 Old Farm Rd 5 3","2020-08-25","2020-10-12","","exact","1","","",""
"","19 Dunedin Road 4 4","","","73006595","19 Dunedin Road 4 4","2022-07-05","2022-10-06","","exact","1","","",""
"","139 Overbrook Dr 5 5","","","73005532","139 Overbrook Dr 5 5","2022-07-18","2022-09-01","","exact","1","","",""
"","75 Old Farm Road 5 2","","","72557548","75 Old Farm Road 5 2","2019-09-02","2021-01-07","","exact","1","","",""
"","119 Brook St 4 3","","","73047660","119 Brook St 4 3","2022-10-12","2023-01-17","","exact","1","","",""
"","489 Worcester Street 6 4","","","72959882","489 Worcester Street 6 4","2022-03-29","2022-07-13","","exact","1","","",""
"","43 Greylock Rd 5 3","","","72614059","43 Greylock Rd 5 3","2020-01-30","2020-03-30","","exact","1","","",""
"","129 Washington St 5 4","","","73044909","129 Washington St 5 4","2022-10-04","2022-12-06","","exact","1","","",""
"","38 Halsey Avenue 4 4","","","72846482","38 Halsey Avenue 4 4","2021-06-08","2021-08-08","","exact","1","","",""
"","20 Dean Rd 5 3","","","72824248","20 Dean Rd 5 3","2021-05-01","2021-07-22","","exact","1","","",""
"","16 College Rd 5 5","","","72761204","16 College Rd 5 5","2020-11-24","2021-03-04","","exact","1","","",""
"","58 Norwich Road 4 3","","","73295964","58 Norwich Road 4 3","2024-09-26","2024-11-19","","exact","1","","",""
"","12 Tennyson Road 6 4","","","73042456","12 Tennyson Road 6 4","2022-09-28","2022-10-10","","exact","1","","",""
"","24 Damien Road 6 4","","","72994611","24 Damien Road 6 4","2022-06-07","2022-08-07","","exact","1","","",""
"","197 Grove Street 4 3","","","72990560","197 Grove Street 4 3","2022-05-31","2022-09-06","","exact","1","","",""
"","21 Arnold Road 4 4","","","72956462","21 Arnold Road 4 4","2022-03-22","2022-05-18","","exact","1","","",""
"","11 Dunedin Rd 4 5","","","72895974","11 Dunedin Rd 4 5","2021-09-15","2021-11-08","","exact","1","","",""
"","12 Swarthmore Rd 4 3","","","72890649","12 Swarthmore Rd 4 3","2021-09-06","2021-10-18","","exact","1","","",""
"","36 Hodges Ave 4 3","","","72871789","36 Hodges Ave 4 3","2021-07-26","2021-09-29","","exact","1","","",""
"","10 Sturbridge Rd 5 2","","","73007963","10 Sturbridge Road 5 2","2022-07-05","2022-09-06","","exact","1","","",""
"","5 Claflin Road 5 5","","","72755985","5 Claflin Road 5 5","2020-11-10","2021-02-25","","exact","1","","",""
"","5 Cliff Road 6 4","","","72733543","5 Cliff Road 6 4","2020-09-27","2021-02-09","","exact","1","","",""
"","16 Mayo Rd 5 4","","","72731401","16 Mayo Rd 5 4","2020-09-22","2020-11-12","","exact","1","","",""
"","8 Garden Road 6 3","","","72728986","8 Garden Road 6 3","2020-09-17","2021-03-14","","exact","1","","",""
"","112 Westgate Road 5 4","","","72717640","112 Westgate Road 5 4","2020-08-27","2020-10-18","","exact","1","","",""
"","14 Peirce Rd 6 5","","","72714981","14 Peirce Rd 6 5","2020-08-23","2021-04-04","","exact","1","","",""
"","19 Ridge Hill Farm Rd 2 3","","","73087183","19 Ridge Hill Farm Road 2 3","2023-03-12","2023-07-19","","exact","1","","",""
"","36 Edmunds Rd 5 3","","","72696732","36 Edmunds Rd 5 3","2020-07-22","2020-09-29","","exact","1","","",""
"","46 Pilgrim Rd 5 4","","","73254724","46 Pilgrim Rd 5 4","2024-06-18","2024-08-04","","exact","1","","",""
"","26 Yarmouth Rd 6 4","","","72836002","26 Yarmouth Rd 6 4","2021-05-20","2021-06-29","","exact","1","","",""
"","46 Yarmouth Rd 5 2","","","72797388","46 Yarmouth Rd 5 2","2021-03-11","2021-07-14","","exact","1","","",""
"","8 Hampden St 4 3","","","73344695","8 Hampden Street 4 3","2025-03-11","2025-05-29","","exact","1","","",""
"","61 Arnold Road 4 2","","","72803136","61 Arnold Road 4 2","2021-03-23","2021-05-03","","exact","1","","",""
"","3 Livermore Rd 4 3","","","73004628","3 Livermore Rd 4 3","2022-06-26","2022-07-21","","exact","1","","",""
"","6 Hastings Street 4 5","","","72940939","6 Hastings Street 4 5","2022-02-08","2022-04-24","","exact","1","","",""
"","10 College Rd 5 4","","","72921921","10 College Rd 5 4","2021-11-18","2022-02-27","","exact","1","","",""
"","15 Woodridge Road 5 3","","","72851318","15 Woodridge Road 5 3","2021-06-15","2021-08-15","","exact","1","","",""
"","9 Salem Road 5 3","","","72814769","9 Salem Road 5 3","2021-04-13","2021-06-27","","exact","1","","",""
"","24 Birch Road 5 4","","","73232615","24 Birch Rd 5 4","2024-05-01","2024-07-21","","exact","1","","",""
"","34 Lowell Rd 5 3","","","72573962","34 Lowell Rd 5 3","2019-10-01","2020-05-14","","exact","1","","",""
"","22 Maurice Rd 5 4","","","72438543","22 Maurice Rd 5 4","2019-01-07","2020-12-06","","exact","1","","",""
"","21 Lawrence Road 4 3","","","73051996","21 Lawrence Road 4 3","2022-10-25","2022-12-29","","exact","1","","",""
"","8 Lincoln Circle 4 3","","","73194963","8 Lincoln Cir 4 3","2024-01-18","2024-03-07","","exact","1","","",""
"","37 Hickory Road 5 4","","","72667462","37 Hickory Road 5 4","2020-06-03","2020-09-14","","exact","1","","",""
"","16 Marshall Rd 4 4","","","72662891","16 Marshall Rd 4 4","2020-05-27","2021-02-28","","exact","1","","",""
"","37 Garrison Rd 6 5","","","72855665","37 Garrison Rd 6 5","2021-06-23","2021-10-27","","exact","1","","",""
"","30 Mayo Rd 5 3","","","72950693","30 Mayo Rd 5 3","2022-03-08","2022-05-12","","exact","1","","",""
"","175 Oakland St 4 3","","","72834571","175 Oakland St 4 3","2021-05-18","2021-06-29","","exact","1","","",""
"","48 MacArthur Rd 4 4","","","72777707","48 MacArthur Rd 4 4","2021-01-21","2021-03-30","","exact","1","","",""
"","18 Leighton Rd 6 3","","","72943088","18 Leighton Rd 6 3","2022-02-15","2022-04-18","","exact","1","","",""
"","37 Leewood Rd 4 4","","","72822213","37 Leewood Rd 4 4","2021-04-27","2021-07-07","","exact","1","","",""
"","137 Hampshire Rd 4 2","","","72933373","137 Hampshire Rd 4 2","2022-01-11","2022-03-15","","exact","1","","",""
"","88 Manor Ave 4 4","","","72924288","88 Manor Ave 4 4","2021-11-30","2022-01-10","","exact","1","","",""
"","121 Forest St 5 3","","","72901985","121 Forest St 5 3","2021-09-28","2021-11-30","","exact","1","","",""
"","65 Donizetti St 4 3","","","72861422","65 Donizetti St 4 3","2021-07-06","2021-08-26","","exact","1","","",""
"","41 Leighton Road 5 3","","","72861198","41 Leighton Road 5 3","2021-07-06","2021-08-29","","exact","1","","",""
"","15 Larch Rd 5 3","","","72856373","15 Larch Rd 5 3","2021-06-23","2021-08-19","","exact","1","","",""
"","34 Greenwood Rd 5 4","","","72824462","34 Greenwood Rd 5 4","2021-05-02","2021-08-01","","exact","1","","",""
"","10 Winthrop Rd 4 3","","","72809053","10 Winthrop Rd 4 3","2021-04-05","2021-08-01","","exact","1","","",""
"","9 Durant Road 5 4","","","72790718","9 Durant Road 5 4","2021-02-26","2022-01-10","","exact","1","","",""
"","135 Washington St 5 3","","","72736961","135 Washington St 5 3","2020-10-02","2020-12-06","","exact","1","","",""
"","3 Wilde Rd 4 5","","","72656223","3 Wilde Rd 4 5","2020-05-13","2020-08-30","","exact","1","","",""
"","30 Alba Rd 4 4","","","72652612","30 Alba Rd 4 4","2020-05-05","2020-07-23","","exact","1","","",""
"","21 Old Colony Rd 5 3","","","72609689","21 Old Colony Rd 5 3","2020-01-19","2020-03-03","","exact","1","","",""
"","2 Wildon Road 4 2","","","73238938","2 Wildon Road 4 2","2024-05-15","2024-08-15","","exact","1","","",""
"","11 Sawyer Rd 5 3","","","72620972","11 Sawyer Rd 5 3","2020-02-17","2020-04-22","","exact","1","","",""
"","10 Meadowbrook Road 4 2","","","72959868","10 Meadowbrook Road 4 2","2022-03-29","2022-06-26","","exact","1","","",""
"","35 Halsey Ave 4 4","","","73296981","35 Halsey Ave 4 4","2024-09-30","2024-12-01","","exact","1","","",""
"","68 Lowell Road 4 4","","","72584898","68 Lowell Road 4 4","2019-10-24","2020-02-06","","exact","1","","",""
"","155 Forest Street 6 4","","","72666896","155 Forest Street 6 4","2020-06-02","2020-07-19","","exact","1","","",""
"","11 Bobolink Road 5 4","","","72905162","11 Bobolink Road 5 4","2021-10-05","2021-11-15","","exact","1","","",""
"","33 Hickory Road 5 4","","","72578873","33 Hickory Road 5 4","2019-10-10","2020-08-17","","exact","1","","",""
"","77 Forest St 4 3","","","72990600","77 Forest St 4 3","2022-05-31","2022-07-24","","exact","1","","",""
"","141 Hampshire Rd 5 5","","","72935011","141 Hampshire Rd 5 5","2022-01-18","2022-03-17","","exact","1","","",""
"","8 Hodges 5 3","","","72910901","8 Hodges 5 3","2021-10-19","2021-12-02","","exact","1","","",""
"","39 Crown Ridge Road 4 3","","","72810843","39 Crown Ridge Road 4 3","2021-04-06","2021-05-11","","exact","1","","",""
"","28 Sturbridge Rd 4 2","","","72803748","28 Sturbridge Rd 4 2","2021-03-24","2021-07-14","","exact","1","","",""
"","22 Northgate Rd. 5 4","","","73007723","22 Northgate Rd 5 4","2022-07-05","2022-08-28","","exact","1","","",""
"","11 Appian Dr 5 4","","","72664151","11 Appian Dr 5 4","2020-05-28","2020-10-27","","exact","1","","",""
"","18 Maugus Ave 15 8","","","72893049","18 Maugus Ave 15 8","2021-09-08","2022-01-02","","exact","1","","",""
"","7 Fuller Road 4 2","","","73056963","7 Fuller Road 4 2","2022-11-08","2022-12-29","","exact","1","","",""
"","67 Smith Street 5 3","","","73043031","67 Smith Street 5 3","2022-09-29","2022-11-17","","exact","1","","",""
"","170 Grove Street 4 2","","","72995557","170 Grove Street 4 2","2022-06-08","2022-07-26","","exact","1","","",""
"","283 Walnut St 4 3","","","72970388","283 Walnut St 4 3","2022-04-21","2022-06-14","","exact","1","","",""
"","41 Bradford Rd 4 3","","","72909828","41 Bradford Rd 4 3","2021-10-17","2022-02-15","","exact","1","","",""
"","22 Dunedin Rd 5 4","","","72898951","22 Dunedin Rd 5 4","2021-09-21","2021-12-13","","exact","1","","",""
"","39 Radcliffe Rd 4 3","","","72853689","39 Radcliffe Rd 4 3","2021-06-20","2021-07-27","","exact","1","","",""
"","30 Falmouth Rd 5 3","","","72838292","30 Falmouth Rd 5 3","2021-05-25","2021-08-03","","exact","1","","",""
"","9 Argyle Ave 4 4","","","72822068","9 Argyle Ave 4 4","2021-04-27","2021-07-29","","exact","1","","",""
"","20 Sturbridge Road 4 3","","","72804735","20 Sturbridge Road 4 3","2021-03-25","2021-06-24","","exact","1","","",""
"","15 Homestead Rd 6 4","","","72774876","15 Homestead Rd 6 4","2021-01-13","2021-04-06","","exact","1","","",""
"","17 Colby 6 5","","","72705781","17 Colby 6 5","2020-08-06","2020-11-01","","exact","1","","",""
"","37 Chestnut Street 4 3","","","72705531","37 Chestnut Street 4 3","2020-08-05","2020-10-08","","exact","1","","",""
"","2 Heckle Street 5 4","","","72624189","2 Heckle Street 5 4","2020-02-25","2020-07-07","","exact","1","","",""
"","92 Royalston Rd 3 2","","","72502737","92 Royalston Rd 3 2","2019-05-16","2020-01-15","","exact","1","","",""
"","115 Woodlawn Ave 4 3","","","73057717","115 Woodlawn Ave 4 3","2022-11-10","2023-02-20","","exact","1","","",""
"","79 Manor Ave 4 4","","","72885843","79 Manor Ave 4 4","2021-08-24","2021-10-05","","exact","1","","",""
"","32 Lantern Lane 5 4","","","72921621","32 Lantern Lane 5 4","2021-11-17","2022-04-07","","exact","1","","",""
"","36 Jackson Rd 5 3","","","72749131","36 Jackson Rd 5 3","2020-10-26","2021-01-12","","exact","1","","",""
"","91 Edmunds Rd 5 4","","","73001480","91 Edmunds Rd 5 4","2022-06-21","2022-08-30","","exact","1","","",""
"","52 Wareland Road 5 4","","","72705789","52 Wareland Road 5 4","2020-08-06","2020-09-22","","exact","1","","",""
"","8 HOMESTEAD RD 5 4","","","72999848","8 HOMESTEAD RD 5 4","2022-06-16","2022-09-05","","exact","1","","",""
"","115 Lowell Road 5 4","","","72787587","115 Lowell Road 5 4","2021-02-17","2021-06-17","","exact","1","","",""
"","31 Barnstable Road 5 3","","","72664220","31 Barnstable Road 5 3","2020-05-28","2020-08-02","","exact","1","","",""
"","65 Westgate 4 4","","","72656247","65 Westgate 4 4","2020-05-13","2020-07-14","","exact","1","","",""
"","12 Earle Rd 4 4","","","72720323","12 Earle Rd 4 4","2020-09-02","2020-11-30","","exact","1","","",""
"","40 Boulder Brook Rd 5 4","","","72724576","40 Boulder Brook Rd 5 4","2020-09-09","2020-10-29","","exact","1","","",""
"","32 Mansfield Rd 5 5","","","72662766","32 Mansfield Rd 5 5","2020-05-26","2020-08-16","","exact","1","","",""
"","14 Deerfield Rd 4 2","","","72646968","14 Deerfield Rd 4 2","2020-04-22","2020-05-25","","exact","1","","",""
"","260 Wellesley Ave 5 2","","","72554347","260 Wellesley Ave 5 2","2019-08-22","2020-02-27","","exact","1","","",""
"","83 Westgate Rd 4 2","","","72926460","83 Westgate Rd 4 2","2021-12-07","2022-03-09","","exact","1","","",""
"","345 Worcester Street (Carriage Rd) 4 4","","","72851571","345 Worcester Street (Carriage Rd) 4 4","2021-06-16","2021-08-04","","exact","1","","",""
"","117 Abbott Road 4 2","","","72782072","117 Abbott Road 4 2","2021-02-02","2021-06-29","","exact","1","","",""
"","266 Weston Rd 4 2","","","73007760","266 Weston Rd 4 2","2022-07-05","2022-09-20","","exact","1","","",""
"","72 Great Plain Avenue 4 4","","","73357165","72 Great Plain Ave 4 4","2025-04-08","2025-08-28","","exact","1","","",""
"","150 Oakland Street 4 2","","","72803131","150 Oakland Street 4 2","2021-03-23","2021-06-07","","exact","1","","",""
"","30 Lantern Lane 5 4","","","73029698","30 Lantern Lane 5 4","2022-08-25","2022-11-22","","exact","1","","",""
"","120 Forest Street 5 3","","","72983792","120 Forest Street 5 3","2022-05-17","2022-07-21","","exact","1","","",""
"","15 Norwich Road 4 3","","","72963380","15 Norwich Road 4 3","2022-04-05","2022-06-06","","exact","1","","",""
"","26 Arnold Rd 4 2","","","72955693","26 Arnold Rd 4 2","2022-03-21","2022-05-05","","exact","1","","",""
"","23 Northgate Rd 5 3","","","72947798","23 Northgate Rd 5 3","2022-03-01","2022-06-09","","exact","1","","",""
"","8 Mansfield Rd 4 4","","","72924919","8 Mansfield Rd 4 4","2021-12-01","2022-01-27","","exact","1","","",""
"","72 Fairbanks Ave 5 3","","","72814030","72 Fairbanks Ave 5 3","2021-04-13","2021-08-11","","exact","1","","",""
"","108 Abbott Road 6 3","","","72813749","108 Abbott Road 6 3","2021-04-12","2021-05-06","","exact","1","","",""
"","11 Mansfield Rd 5 4","","","72655422","11 Mansfield Rd 5 4","2020-05-12","2020-08-13","","exact","1","","",""
"","16 Ledyard St 5 4","","","72654494","16 Ledyard St 5 4","2020-05-10","2021-04-01","","exact","1","","",""
"","54 Crown Ridge Road 5 3","","","72622554","54 Crown Ridge Road 5 3","2020-02-20","2020-06-04","","exact","1","","",""
"","26 Edmunds Rd 4 3","","","73443645","26 Edmunds Road 4 3","2025-10-14","2026-01-08","","exact","1","","",""
"","84 Audubon Rd 5 4","","","72580689","84 Audubon Rd 5 4","2019-10-15","2020-03-03","","exact","1","","",""
"","11 Shadow Lane 4 3","","","72819532","11 Shadow Lane 4 3","2021-04-22","2021-06-30","","exact","1","","",""
"","24 Kimlo Road 5 3","","","72971498","24 Kimlo Road 5 3","2022-04-25","2022-07-20","","exact","1","","",""
"","110 Suffolk Rd 5 2","","","73024012","110 Suffolk Rd 5 2","2022-08-09","2022-09-11","","exact","1","","",""
"","3 Auburn Rd 4 2","","","72947865","3 Auburn Rd 4 2","2022-03-01","2022-05-15","","exact","1","","",""
"","43 Fiske Rd 4 2","","","72905896","43 Fiske Rd 4 2","2021-10-06","2021-11-11","","exact","1","","",""
"","66 Oak St 4 3","","","72890850","66 Oak St 4 3","2021-09-07","2021-10-11","","exact","1","","",""
"","46 Overbrook Dr 4 3","","","73226868","46 Overbrook Dr 4 3","2024-04-21","2024-06-19","","exact","1","","",""
"","46 Earle Road 4 3","","","72842162","46 Earle Road 4 3","2021-06-01","2021-07-20","","exact","1","","",""
"","28 Sheridan Rd 5 5","","","72644280","28 Sheridan Rd 5 5","2020-04-16","2020-06-25","","exact","1","","",""
"","171 Benvenue St 4 3","","","73047646","171 Benvenue St 4 3","2022-10-12","2022-11-27","","exact","1","","",""
"","33 Longmeadow Rd 4 3","","","72976478","33 Longmeadow Rd 4 3","2022-05-03","2022-06-26","","exact","1","","",""
"","58 Fiske Road 4 2","","","72969699","58 Fiske Road 4 2","2022-04-20","2022-06-23","","exact","1","","",""
"","35 Sawyer Rd 4 3","","","72940986","35 Sawyer Rd 4 3","2022-02-08","2022-02-24","","exact","1","","",""
"","107 Dover Rd 3 3","","","72896507","107 Dover Rd 3 3","2021-09-15","2022-01-20","","exact","1","","",""
"","98 Beechwood Rd 5 3","","","72822246","98 Beechwood Rd 5 3","2021-04-27","2021-07-18","","exact","1","","",""
"","33 Tennyson Road 4 2","","","72712020","33 Tennyson Road 4 2","2020-08-18","2020-11-29","","exact","1","","",""
"","15 Tennyson Rd 4 3","","","72959095","15 Tennyson Rd 4 3","2022-03-28","2022-05-15","","exact","1","","",""
"","25 Chatham Circle 4 4","","","72899438","25 Chatham Circle 4 4","2021-09-22","2021-12-19","","exact","1","","",""
"","53 Audubon Rd 4 3","","","72963626","53 Audubon Rd 4 3","2022-04-05","2022-06-28","","exact","1","","",""
"","58 Cartwright Road 6 6","","","72594716","58 Cartwright Road 6 6","2019-11-19","2020-02-02","","exact","1","","",""
"","375 Linden St 5 4","","","72646842","375 Linden St 5 4","2020-04-22","2020-06-29","","exact","1","","",""
"","15 Arnold Rd 4 2","","","72959455","15 Arnold Rd 4 2","2022-03-29","2022-05-17","","exact","1","","",""
"","452 Weston Road 4 4","","","72624599","452 Weston Road 4 4","2020-02-25","2020-05-14","","exact","1","","",""
"","32 Forest St 4 2","","","72958982","32 Forest St 4 2","2022-03-28","2022-06-01","","exact","1","","",""
"","14 Birch Rd 4 2","","","72857884","14 Birch Rd 4 2","2021-06-27","2021-10-28","","exact","1","","",""
"","26 Lantern Lane 5 3","","","73055688","26 Lantern Lane 5 3","2022-11-04","2022-12-21","","exact","1","","",""
"","1 Ingleside Road 5 4","","","72570771","1 Ingleside Road 5 4","2019-09-24","2020-11-30","","exact","1","","",""
"","19 Shadow Ln 4 4","","","72681843","19 Shadow Ln 4 4","2020-06-26","2020-08-13","","exact","1","","",""
"","11 Hillside Rd 5 2","","","73049935","11 Hillside Rd 5 2","2022-10-18","2023-01-19","","exact","1","","",""
"","71 Emerson Road 4 2","","","72991253","71 Emerson Road 4 2","2022-06-01","2022-07-10","","exact","1","","",""
"","11 Trinity Ct 4 2","","","72979729","11 Trinity Ct 4 2","2022-05-10","2022-08-31","","exact","1","","",""
"","342 Linden St 4 2","","","72971017","342 Linden St 4 2","2022-04-24","2022-07-25","","exact","1","","",""
"","30 Crestwood Drive 4 3","","","72950706","30 Crestwood Drive 4 3","2022-03-08","2022-05-12","","exact","1","","",""
"","128 Forest Street 4 4","","","72843883","128 Forest Street 4 4","2021-06-03","2021-07-29","","exact","1","","",""
"","159 Glen Rd 5 4","","","72700155","159 Glen Rd 5 4","2020-07-28","2020-09-10","","exact","1","","",""
"","42 Richland Rd 5 3","","","72673348","42 Richland Rd 5 3","2020-06-12","2020-07-29","","exact","1","","",""
"","36 Emerson Rd 4 3","","","72654771","36 Emerson Rd 4 3","2020-05-11","2020-07-29","","exact","1","","",""
"","64 Whittier Rd 4 3","","","72627963","64 Whittier Rd 4 3","2020-03-03","2020-06-07","","exact","1","","",""
"","26 Oakencroft Road 5 3","","","72610667","26 Oakencroft Road 5 3","2020-01-21","2020-03-24","","exact","1","","",""
"","33 Lexington Road 4 4","","","72345493","33 Lexington Road 4 4","2018-06-12","2020-02-27","","exact","1","","",""
"","15 Linwood Road 4 3","","","72994794","15 Linwood Road 4 3","2022-06-07","2022-07-31","","exact","1","","",""
"","60 Dover Rd 5 3","","","72899030","60 Dover Rd 5 3","2021-09-21","2021-11-18","","exact","1","","",""
"","119 Brook St 4 3","","","73047660","119 Brook St 4 3","2022-10-12","2023-01-17","","exact","1","","",""
"","14 Lexington Rd 4 2","","","72963652","14 Lexington Rd 4 2","2022-04-05","2022-06-09","","exact","1","","",""
"","62 Westgate Road 5 3","","","72707373","62 Westgate Road 5 3","2020-08-09","2020-10-04","","exact","1","","",""
"","9 Madison Road 4 4","","","72681512","9 Madison Road 4 4","2020-06-25","2020-08-31","","exact","1","","",""
"","6 Kenilworth Circle 5 3","","","72656524","6 Kenilworth Circle 5 3","2020-05-13","2020-08-23","","exact","1","","",""
"","45 Cartwright Rd 4 2","","","73033975","45 Cartwright Rd 4 2","2022-09-07","2022-11-14","","exact","1","","",""
"","58 Pleasant St 4 2","","","72810620","58 Pleasant St 4 2","2021-04-06","2021-06-29","","exact","1","","",""
"","10 Denton Rd 5 3","","","72793651","10 Denton Rd 5 3","2021-03-03","2021-04-05","","exact","1","","",""
"","43 Woodridge Road 4 3","","","72655474","43 Woodridge Road 4 3","2020-05-12","2020-06-24","","exact","1","","",""
"","10 Vane Street 5 3","","","72649302","10 Vane Street 5 3","2020-04-29","2020-06-30","","exact","1","","",""
"","15 River Glen Road 5 3","","","73039046","15 River Glen Road 5 3","2022-09-20","2022-11-17","","exact","1","","",""
"","5 Clifton Road 6 3","","","72782504","5 Clifton Road 6 3","2021-02-03","2021-05-31","","exact","1","","",""
"","85 Ledgeways 5 2","","","72690465","85 Ledgeways 5 2","2020-07-12","2020-10-14","","exact","1","","",""
"","39 Denton Rd 6 5","","","72630696","39 Denton Rd 6 5","2020-03-08","2020-10-19","","exact","1","","",""
"","46 Windsor Rd 5 3","","","72656792","46 Windsor Rd 5 3","2020-05-14","2020-09-07","","exact","1","","",""
"","18 Webb Ave 4 4","","","72645664","18 Webb Ave 4 4","2020-04-19","2020-06-29","","exact","1","","",""
"","81 Emerson Rd 5 4","","","72565938","81 Emerson Rd 5 4","2019-10-03","2020-02-26","","exact","1","","",""
"","3 Peck Ave 4 4","","","72667985","3 Peck Ave 4 4","2020-06-03","2020-09-10","","exact","1","","",""
"","82 Forest Street 4 3","","","72814164","82 Forest Street 4 3","2021-04-13","2021-06-16","","exact","1","","",""
"","38 Shirley Rd 4 2","","","72980070","38 Shirley Rd 4 2","2022-05-10","2022-06-29","","exact","1","","",""
"","140 Forest Street 5 3","","","72664275","140 Forest Street 5 3","2020-05-28","2020-07-13","","exact","1","","",""
"","119 Hampshire Rd 4 2","","","72635274","119 Hampshire Rd 4 2","2020-03-17","2020-03-30","","exact","1","","",""
"","8 Hodges Avenue 5 3","","","72561828","8 Hodges Avenue 5 3","2019-09-09","2020-03-19","","exact","1","","",""
"","23 Howe St 5 3","","","73345524","23 Howe St 5 3","2025-03-13","2025-06-11","","exact","1","","",""
"","10 Dudley Rd 5 4","","","72950942","10 Dudley Rd 5 4","2022-03-08","2022-05-31","","exact","1","","",""
"","11 Hillside Rd 4 2","","","72899723","11 Hillside Rd 4 2","2021-09-22","2021-11-16","","exact","1","","",""
"","22 Stanford Rd 5 2","","","72795110","22 Stanford Rd 5 2","2021-03-08","2021-07-14","","exact","1","","",""
"","26 Hunnewell Street 4 4","","","72694779","26 Hunnewell Street 4 4","2020-07-19","2020-10-20","","exact","1","","",""
"","3 Benton Street 5 3","","","72685145","3 Benton Street 5 3","2020-07-04","2020-08-20","","exact","1","","",""
"","1 Burnett Lane 5 3","","","72676394","1 Burnett Lane 5 3","2020-06-17","2020-08-03","","exact","1","","",""
"","215 Cedar St 5 3","","","72631528","215 Cedar St 5 3","2020-03-10","2020-08-26","","exact","1","","",""
"","7 Crescent St 4 2","","","73431936","7 Crescent Street 4 2","2025-09-16","2025-12-09","","exact","1","","",""
"","28 Sunset Rd 4 2","","","73036671","28 Sunset Rd 4 2","2022-09-13","2023-01-12","","exact","1","","",""
"","3 Fuller Brook Rd 4 2","","","73000729","3 Fuller Brook Rd 4 2","2022-06-19","2022-09-08","","exact","1","","",""
"","31 Alba 5 3","","","72990604","31 Alba 5 3","2022-05-31","2022-09-07","","exact","1","","",""
"","71 Fuller Brook Rd 4 3","","","72951132","71 Fuller Brook Rd 4 3","2022-03-08","2022-06-01","","exact","1","","",""
"","17 Belair Rd 4 3","","","72946845","17 Belair Rd 4 3","2022-02-27","2022-04-14","","exact","1","","",""
"","33 Upson Rd 5 3","","","72945529","33 Upson Rd 5 3","2022-02-22","2022-04-28","","exact","1","","",""
"","14 Saunders Ter 4 2","","","72944809","14 Saunders Ter 4 2","2022-02-20","2022-05-30","","exact","1","","",""
"","17 Shirley Rd 4 2","","","72854941","17 Shirley Rd 4 2","2021-06-22","2021-08-16","","exact","1","","",""
"","29 Benvenue St 4 3","","","72830791","29 Benvenue St 4 3","2021-05-12","2021-06-23","","exact","1","","",""
"","131 Grove St 4 3","","","72798488","131 Grove St 4 3","2021-03-14","2021-07-01","","exact","1","","",""
"","55 Arnold Rd 3 2","","","73243924","55 Arnold Rd 3 2","2024-05-28","2024-06-19","","exact","1","","",""
"","61 Whittier Rd 5 3","","","72723541","61 Whittier Rd 5 3","2020-09-08","2020-11-17","","exact","1","","",""
"","19 Shelley Road 5 4","","","72716719","19 Shelley Road 5 4","2020-08-26","2020-10-22","","exact","1","","",""
"","28 Hillside Rd 4 3","","","72709112","28 Hillside Rd 4 3","2020-08-12","2021-01-20","","exact","1","","",""
"","55 Cottage St 5 4","","","72627531","55 Cottage St 5 4","2020-03-03","2020-08-02","","exact","1","","",""
"","80 Audubon Road 4 3","","","72620225","80 Audubon Road 4 3","2020-02-16","2020-06-23","","exact","1","","",""
"","19 Woodridge Rd 4 2","","","72600000","19 Woodridge Rd 4 2","2019-12-10","2020-01-29","","exact","1","","",""
"","15 Pleasant St. 4 3","","","72904867","15 Pleasant St. 4 3","2021-10-05","2022-01-10","","exact","1","","",""
"","196 Cedar Street 6 5","","","72777468","196 Cedar Street 6 5","2021-01-20","2021-03-22","","exact","1","","",""
"","21 Appleby Road 4 3","","","72983256","21 Appleby Road 4 3","2022-05-17","2022-06-26","","exact","1","","",""
"","38 Dover Rd 4 3","","","72918596","38 Dover Rd 4 3","2021-11-09","2022-01-13","","exact","1","","",""
"","3 Strathmore Rd 3 2","","","73339377","3 Strathmore Road 3 2","2025-02-26","2025-07-20","","exact","1","","",""
"","3 Garrison Rd 4 3","","","73171298","3 Garrison Rd 4 3","2023-10-16","2023-12-12","","exact","1","","",""
"","7 Hodges Avenue 4 2","","","72835805","7 Hodges Avenue 4 2","2021-05-19","2021-07-22","","exact","1","","",""
"","8 Solon St 5 3","","","72731740","8 Solon St 5 3","2020-09-23","2020-11-16","","exact","1","","",""
"","17 Westwood Rd 5 3","","","72626988","17 Westwood Rd 5 3","2020-03-02","2020-06-14","","exact","1","","",""
"","49 Longfellow Rd 4 3","","","73372482","49 Longfellow Road 4 3","2025-05-08","2025-06-30","","exact","1","","",""
"","9 Marvin Rd 4 2","","","72945452","9 Marvin Rd 4 2","2022-02-22","2022-04-14","","exact","1","","",""
"","20 Oakland St lot 1 6 3","","","72829181","20 Oakland St lot 1 6 3","2021-05-10","2021-08-16","","exact","1","","",""
"","18 Tennyson Road 5 3","","","72814885","18 Tennyson Road 5 3","2021-04-14","2021-06-27","","exact","1","","",""
"","43 Amherst Road 4 2","","","72746443","43 Amherst Road 4 2","2020-10-20","2020-12-09","","exact","1","","",""
"","22 Cavanaugh Rd 4 3","","","73042025","22 Cavanaugh Rd 4 3","2022-09-27","2022-12-15","","exact","1","","",""
"","117 Albion Road 5 3","","","72736502","117 Albion Road 5 3","2020-10-01","2020-12-02","","exact","1","","",""
"","26 Redwing Road 4 4","","","72694142","26 Redwing Road 4 4","2020-07-17","2020-10-18","","exact","1","","",""
"","78 Westgate Rd 6 4","","","72613251","78 Westgate Rd 6 4","2020-01-28","2020-03-15","","exact","1","","",""
"","10 Seaver St 5 2","","","72778766","10 Seaver St 5 2","2021-01-25","2021-03-17","","exact","1","","",""
"","102 Great Plain Ave 6 4","","","72668571","102 Great Plain Ave 6 4","2020-06-04","2020-08-27","","exact","1","","",""
"","8 Fiske Rd 4 3","","","72624468","8 Fiske Rd 4 3","2020-02-25","2020-07-14","","exact","1","","",""
"","70 High Ledge Ave 5 3","","","72792057","70 High Ledge Ave 5 3","2021-03-01","2021-04-07","","exact","1","","",""
"","35 Haven Road 4 2","","","72862853","35 Haven Road 4 2","2021-07-07","2021-10-07","","exact","1","","",""
"","90 Overbrook Dr 5 4","","","72655427","90 Overbrook Dr 5 4","2020-05-12","2020-09-21","","exact","1","","",""
"","58 Washburn Ave 4 3","","","72696728","58 Washburn Ave 4 3","2020-07-22","2020-09-08","","exact","1","","",""
"","11 Shelley Road 3 2","","","72759185","11 Shelley Road 3 2","2020-11-18","2021-01-14","","exact","1","","",""
"","50 Madison Rd 4 3","","","72742907","50 Madison Rd 4 3","2020-10-13","2020-11-30","","exact","1","","",""
"","40 Pleasant St 4 4","","","72722941","40 Pleasant St 4 4","2020-09-08","2020-10-07","","exact","1","","",""
"","59 Fairbanks Ave 4 3","","","72990061","59 Fairbanks Ave 4 3","2022-05-31","2022-07-20","","exact","1","","",""
"","189 Bristol Rd 4 2","","","72980724","189 Bristol Rd 4 2","2022-05-11","2022-07-14","","exact","1","","",""
"","3 MAPLE RD 4 4","","","72928796","3 MAPLE RD 4 4","2021-12-17","2022-03-27","","exact","1","","",""
"","30 Paine St 4 2","","","72819229","30 Paine St 4 2","2021-04-21","2021-06-30","","exact","1","","",""
"","15 Tanglewood Rd 5 3","","","72500923","15 Tanglewood Rd 5 3","2019-05-14","2020-01-09","","exact","1","","",""
"","4 Arnold Rd 4 3","","","73018081","4 Arnold Rd 4 3","2022-07-26","2022-09-19","","exact","1","","",""
"","48 Shirley Rd 4 2","","","72857750","48 Shirley Rd 4 2","2021-06-27","2021-09-06","","exact","1","","",""
"","17 Berkeley Rd 4 2","","","72830638","17 Berkeley Rd 4 2","2021-05-11","2021-08-11","","exact","1","","",""
"","27 Brookfield Rd 4 2","","","72811776","27 Brookfield Rd 4 2","2021-04-07","2021-06-21","","exact","1","","",""
"","62 Leighton Rd 3 2","","","72732333","62 Leighton Rd 3 2","2020-09-23","2021-01-21","","exact","1","","",""
"","22 Cushing Rd 5 3","","","72728560","22 Cushing Rd 5 3","2020-09-22","2020-10-29","","exact","1","","",""
"","22 Wilde Rd 5 3","","","72664914","22 Wilde Rd 5 3","2020-05-31","2020-08-30","","exact","1","","",""
"","71 Suffolk Rd 4 3","","","72660383","71 Suffolk Rd 4 3","2020-05-21","2020-08-17","","exact","1","","",""
"","64 Oak Street 4 3","","","72637832","64 Oak Street 4 3","2020-03-25","2020-05-28","","exact","1","","",""
"","64 Fuller Brook Rd 4 3","","","72563468","64 Fuller Brook Rd 4 3","2019-09-10","2020-04-29","","exact","1","","",""
"","110 Suffolk Road 5 2","","","73024012","110 Suffolk Rd 5 2","2022-08-09","2022-09-11","","exact","1","","",""
"","81 Bristol Rd 4 2","","","72803287","81 Bristol Rd 4 2","2021-03-23","2021-05-11","","exact","1","","",""
"","71 Westgate Rd 4 2","","","72789794","71 Westgate Rd 4 2","2021-02-24","2021-04-14","","exact","1","","",""
"","6 Boulder Brook Rd 4 3","","","72959620","6 Boulder Brook Rd 4 3","2022-03-29","2022-07-28","","exact","1","","",""
"","36 Skyline Drive 4 2","","","72753917","36 Skyline Drive 4 2","2020-11-05","2020-12-14","","exact","1","","",""
"","39 Fairbanks Ave 3 2","","","73003392","39 Fairbanks Ave 3 2","2022-06-22","2022-08-09","","exact","1","","",""
"","20 Riverdale Rd 3 2","","","72959936","20 Riverdale Rd 3 2","2022-03-29","2022-05-31","","exact","1","","",""
"","20 Durant Road 4 2","","","72941398","20 Durant Road 4 2","2022-02-08","2022-03-24","","exact","1","","",""
"","61 Chesterton Road 4 2","","","72934995","61 Chesterton Road 4 2","2022-01-16","2022-03-03","","exact","1","","",""
"","16 Hickory Rd 5 2","","","72870828","16 Hickory Rd 5 2","2021-07-22","2021-08-29","","exact","1","","",""
"","35 Old Colony Rd 5 3","","","72797149","35 Old Colony Rd 5 3","2021-03-10","2021-03-29","","exact","1","","",""
"","29 Summit Rd 4 2","","","72658917","29 Summit Rd 4 2","2020-05-19","2020-08-13","","exact","1","","",""
"","15 Woodfield Rd 5 2","","","72615996","15 Woodfield Rd 5 2","2020-02-04","2020-04-14","","exact","1","","",""
"","6 Mulherin Lane 4 2","","","72951278","6 Mulherin Lane 4 2","2022-03-09","2022-05-19","","exact","1","","",""
"","2 Cavanagh Road 3 2","","","72825958","2 Cavanagh Road 3 2","2021-05-04","2021-08-26","","exact","1","","",""
"","42 Longfellow Rd 4 3","","","72694775","42 Longfellow Rd 4 3","2020-07-21","2020-09-09","","exact","1","","",""
"","60 Thackeray Rd 4 3","","","72656712","60 Thackeray Rd 4 3","2020-05-13","2020-07-16","","exact","1","","",""
"","72 Emerson Road 4 2","","","72731485","72 Emerson Road 4 2","2020-09-22","2020-12-03","","exact","1","","",""
"","22 Chatham Circle 4 4","","","72558811","22 Chatham Circle 4 4","2019-09-03","2020-01-05","","exact","1","","",""
"","7 Garden Rd 4 2","","","73036124","7 Garden Rd 4 2","2022-09-12","2022-11-27","","exact","1","","",""
"","194 Oakland Street 5 3","","","72947519","194 Oakland Street 5 3","2022-03-01","2022-04-10","","exact","1","","",""
"","266 Weston Rd 3 2","","","72940421","266 Weston Rd 3 2","2022-02-06","2022-03-13","","exact","1","","",""
"","29 Croton Street 6 2","","","72879954","29 Croton Street 6 2","2021-08-10","2021-12-02","","exact","1","","",""
"","8 Deerfield Rd 5 3","","","72804211","8 Deerfield Rd 5 3","2021-03-24","2021-05-03","","exact","1","","",""
"","20 Edgewater Drive 4 2","","","72782662","20 Edgewater Drive 4 2","2021-02-03","2021-05-05","","exact","1","","",""
"","28 Boulder Rd 4 3","","","72729772","28 Boulder Rd 4 3","2020-09-23","2020-12-10","","exact","1","","",""
"","27 Hunnewell St 4 4","","","72649843","27 Hunnewell St 4 4","2020-04-30","2020-08-03","","exact","1","","",""
"","38 Edgemoor Ave 4 3","","","72623107","38 Edgemoor Ave 4 3","2020-02-23","2020-06-15","","exact","1","","",""
"","131 Overbrook Drive 4 3","","","73052332","131 Overbrook Drive 4 3","2022-10-25","2022-12-05","","exact","1","","",""
"","31 Forest St 6 3","","","73006943","31 Forest St 6 3","2022-07-04","2022-09-01","","exact","1","","",""
"","9 Hunting Street 4 2","","","72994214","9 Hunting Street 4 2","2022-06-07","2022-12-01","","exact","1","","",""
"","85 Washburn Ave 4 4","","","72947530","85 Washburn Ave 4 4","2022-03-01","2022-04-13","","exact","1","","",""
"","12 Pine Plain Rd 6 4","","","72649429","12 Pine Plain Rd 6 4","2020-04-29","2020-07-01","","exact","1","","",""
"","140 Benvenue Street 5 3","","","72625482","140 Benvenue Street 5 3","2020-02-27","2020-03-31","","exact","1","","",""
"","38 Garrison Rd 4 2","","","73054340","38 Garrison Rd 4 2","2022-11-01","2023-01-05","","exact","1","","",""
"","12 Northgate Rd 3 2","","","72963312","12 Northgate Rd 3 2","2022-04-05","2022-05-25","","exact","1","","",""
"","29 Poplar Rd 4 2","","","72912692","29 Poplar Rd 4 2","2021-10-25","2021-12-14","","exact","1","","",""
"","8 Partridge Road 3 3","","","72912317","8 Partridge Road 3 3","2021-10-24","2021-12-13","","exact","1","","",""
"","62 Arnold Rd 3 2","","","72909810","62 Arnold Rd 3 2","2021-10-17","2022-03-01","","exact","1","","",""
"","196 Washington St 4 2","","","72884435","196 Washington St 4 2","2021-08-19","2021-11-04","","exact","1","","",""
"","14 Francis Rd 4 3","","","72876171","14 Francis Rd 4 3","2021-08-03","2021-10-07","","exact","1","","",""
"","75 Croton St 4 3","","","72815715","75 Croton St 4 3","2021-04-14","2021-06-20","","exact","1","","",""
"","43 Overbrook Dr 6 4","","","72804732","43 Overbrook Dr 6 4","2021-03-25","2021-05-19","","exact","1","","",""
"","10 Thomas Rd 5 4","","","72799944","10 Thomas Rd 5 4","2021-03-16","2021-05-13","","exact","1","","",""
"","1 Chatham Circle 4 2","","","72716877","1 Chatham Circle 4 2","2020-08-26","2020-11-30","","exact","1","","",""
"","23 Meadowbrook Road 4 2","","","72712645","23 Meadowbrook Road 4 2","2020-08-18","2020-10-29","","exact","1","","",""
"","35 Pinewood Rd 4 3","","","72652600","35 Pinewood Rd 4 3","2020-05-05","2020-08-26","","exact","1","","",""
"","112 Bristol Rd 4 2","","","72652368","112 Bristol Rd 4 2","2020-05-05","2020-06-15","","exact","1","","",""
"","79 Donizetti Street 5 4","","","73341751","79 Donizetti St 5 4","2025-03-04","2025-07-14","","exact","1","","",""
"","3 Brookmere Ave 3 2","","","72612615","3 Brookmere Ave 3 2","2020-01-27","2020-04-07","","exact","1","","",""
"","2 Auburn Rd 4 2","","","72610742","2 Auburn Rd 4 2","2020-01-21","2020-03-03","","exact","1","","",""
"","4 Oakdale Ave 5 3","","","72540803","4 Oakdale Ave 5 3","2019-07-25","2020-02-05","","exact","1","","",""
"","45 Wareland Rd 4 2","","","72941465","45 Wareland Rd 4 2","2022-02-09","2022-03-22","","exact","1","","",""
"","33 Benvenue St 5 3","","","73214683","33 Benvenue Street 5 3","2024-03-19","2024-05-19","","exact","1","","",""
"","35 Riverdale Rd 5 3","","","72849492","35 Riverdale Rd 5 3","2021-06-13","2021-08-26","","exact","1","","",""
"","72 Dover Rd 3 3","","","72840372","72 Dover Rd 3 3","2021-05-31","2021-09-20","","exact","1","","",""
"","10 West Riding St 4 2","","","72792757","10 West Riding St 4 2","2021-03-02","2021-05-17","","exact","1","","",""
"","14 Woodridge Road 3 2","","","72782184","14 Woodridge Road 3 2","2021-02-03","2021-04-29","","exact","1","","",""
"","11 Arnold Rd 4 2","","","72671412","11 Arnold Rd 4 2","2020-06-09","2020-08-30","","exact","1","","",""
"","10 Berkeley Rd 3 2","","","72846621","10 Berkeley Rd 3 2","2021-06-08","2021-09-19","","exact","1","","",""
"","16 Croton Street 4 3","","","72597943","16 Croton Street 4 3","2019-12-03","2020-01-12","","exact","1","","",""
"","53 Bancroft Rd 4 3","","","72944135","53 Bancroft Rd 4 3","2022-02-17","2022-03-21","","exact","1","","",""
"","24 S Woodside Ave 4 3","","","73032254","24 S Woodside Ave 4 3","2022-09-04","2022-10-12","","exact","1","","",""
"","11 Riverdale Road 3 1","","","72972194","11 Riverdale Road 3 1","2022-04-26","2022-06-16","","exact","1","","",""
"","11 Comeau Street 4 2","","","72872914","11 Comeau Street 4 2","2021-07-27","2021-08-23","","exact","1","","",""
"","53 Mayo Rd 4 3","","","73429402","53 Mayo Rd 4 3","2025-09-10","2025-10-14","","exact","1","","",""
"","53 Cottonwood Rd 5 3","","","72787527","53 Cottonwood Rd 5 3","2021-02-17","2021-04-29","","exact","1","","",""
"","80 Mayo Road 4 2","","","72718085","80 Mayo Road 4 2","2020-08-30","2020-10-14","","exact","1","","",""
"","96 Glen Rd 4 2","","","73347026","96 Glen Rd 4 2","2025-03-17","2025-07-15","","exact","1","","",""
"","148 Oakland Street 4 4","","","72763066","148 Oakland Street 4 4","2020-12-01","2021-02-04","","exact","1","","",""
"","37 Fox Hill Rd 4 3","","","72736090","37 Fox Hill Rd 4 3","2020-09-30","2021-02-15","","exact","1","","",""
"","2 Barnstable Road 4 3","","","72677093","2 Barnstable Road 4 3","2020-06-18","2020-08-20","","exact","1","","",""
"","257 Oakland St 4 3","","","72652379","257 Oakland St 4 3","2020-05-05","2020-07-16","","exact","1","","",""
"","402 Linden St 4 2","","","72624472","402 Linden St 4 2","2020-02-25","2020-05-04","","exact","1","","",""
"","85 Washington St 4 2","","","72584475","85 Washington St 4 2","2019-10-23","2020-01-20","","exact","1","","",""
"","85 Glen Cross Rd 4 3","","","72969299","85 Glen Cross Rd 4 3","2022-04-19","2022-06-30","","exact","1","","",""
"","44 Mayo Rd 3 2","","","72899160","44 Mayo Rd 3 2","2021-09-22","2021-11-29","","exact","1","","",""
"","60 Washburn Ave. 4 2","","","72990136","60 Washburn Ave. 4 2","2022-05-31","2022-07-24","","exact","1","","",""
"","49 Pilgrim Road 4 2","","","72899827","49 Pilgrim Road 4 2","2021-09-22","2021-11-04","","exact","1","","",""
"","146 Lowell Rd 5 4","","","72755210","146 Lowell Rd 5 4","2020-11-09","2021-01-28","","exact","1","","",""
"","3 Wilson Street 4 2","","","72661046","3 Wilson Street 4 2","2020-05-23","2020-06-15","","exact","1","","",""
"","4 Chesterton Road 3 1","","","72998445","4 Chesterton Road 3 1","2022-06-14","2022-07-28","","exact","1","","",""
"","10 Jackson Road 4 2","","","72997105","10 Jackson Road 4 2","2022-06-13","2022-08-10","","exact","1","","",""
"","72 Fuller Brook 4 4","","","72941394","72 Fuller Brook 4 4","2022-02-08","2022-03-29","","exact","1","","",""
"","8 Tappan Rd 4 1","","","72917832","8 Tappan Rd 4 1","2021-11-07","2021-12-20","","exact","1","","",""
"","8 Skyline Dr 4 2","","","72905095","8 Skyline Dr 4 2","2021-10-05","2021-12-14","","exact","1","","",""
"","41 Atwood St 4 2","","","72901811","41 Atwood St 4 2","2021-09-28","2021-11-30","","exact","1","","",""
"","20 Chatham Cir 5 4","","","72899680","20 Chatham Cir 5 4","2021-09-22","2021-12-07","","exact","1","","",""
"","4 Strathmore Rd 4 2","","","73299831","4 Strathmore Road 4 2","2024-10-07","2024-11-14","","exact","1","","",""
"","2 Woodlawn Ave 5 3","","","72855369","2 Woodlawn Ave 5 3","2021-06-22","2021-08-17","","exact","1","","",""
"","78 Whittier Road 5 3","","","72846633","78 Whittier Road 5 3","2021-06-08","2021-07-11","","exact","1","","",""
"","12 Madison Road 3 3","","","72831469","12 Madison Road 3 3","2021-05-12","2021-08-11","","exact","1","","",""
"","71 Kingsbury Street 5 5","","","72831097","71 Kingsbury Street 5 5","2021-05-12","2021-08-12","","exact","1","","",""
"","58 Seaver Pl 5 3","","","72826241","58 Seaver Pl 5 3","2021-05-04","2021-07-08","","exact","1","","",""
"","17 Bryn Mawr Road 3 2","","","72804051","17 Bryn Mawr Road 3 2","2021-03-24","2021-05-11","","exact","1","","",""
"","15 Beverly Rd 4 2","","","72781935","15 Beverly Rd 4 2","2021-02-02","2021-03-10","","exact","1","","",""
"","50 Wall St 3 2","","","72781368","50 Wall St 3 2","2021-02-01","2021-03-29","","exact","1","","",""
"","21 Chestnut Street 4 2","","","72692037","21 Chestnut Street 4 2","2020-07-14","2020-08-27","","exact","1","","",""
"","106 Great Plain Avenue 4 4","","","73122387","106 Great Plain Ave 4 4","2023-06-07","2023-08-13","","exact","1","","",""
"","26 Skyline Drive 4 4","","","72681634","26 Skyline Drive 4 4","2020-06-25","2020-09-17","","exact","1","","",""
"","47 Maugus Hill Road 4 2","","","72700134","47 Maugus Hill Road 4 2","2020-07-28","2020-10-19","","exact","1","","",""
"","95 Parker Rd 4 3","","","72439540","95 Parker Rd 4 3","2019-01-09","2020-06-15","","exact","1","","",""
"","4 Carver Rd 4 2","","","73238890","4 Carver Road 4 2","2024-05-14","2024-06-17","","exact","1","","",""
"","10 Marigold Ave 4 2","","","72806854","10 Marigold Ave 4 2","2021-03-30","2021-05-06","","exact","1","","",""
"","81 Parker Rd 4 2","","","72868952","81 Parker Rd 4 2","2021-07-20","2021-09-14","","exact","1","","",""
"","9 Berkeley Rd 4 2","","","73244404","9 Berkeley Rd 4 2","2024-05-28","2024-07-31","","exact","1","","",""
"","5 Tappan Rd 4 2","","","72634766","5 Tappan Rd 4 2","2020-03-16","2020-05-10","","exact","1","","",""
"","53 Madison Rd 4 2","","","73374835","53 Madison Rd 4 2","2025-05-13","2025-06-24","","exact","1","","",""
"","28 Longfellow Rd 5 5","","","72617616","28 Longfellow Rd 5 5","2020-02-09","2020-06-16","","exact","1","","",""
"","30 Sunset Rd 3 2","","","73047677","30 Sunset Rd 3 2","2022-10-12","2022-11-16","","exact","1","","",""
"","68 Seaver Street 3 2","","","73021933","68 Seaver Street 3 2","2022-08-04","2022-09-19","","exact","1","","",""
"","22 Ingersoll Rd 3 2","","","73012085","22 Ingersoll Rd 3 2","2022-07-13","2022-09-14","","exact","1","","",""
"","32 Hillside Rd 3 1","","","72987558","32 Hillside Rd 3 1","2022-05-24","2022-08-03","","exact","1","","",""
"","12 Crescent St 3 2","","","72980066","12 Crescent St 3 2","2022-05-10","2022-06-29","","exact","1","","",""
"","24 Lantern Ln 3 2","","","72941324","24 Lantern Ln 3 2","2022-02-08","2022-05-08","","exact","1","","",""
"","27 Standish Road 3 3","","","72924093","27 Standish Road 3 3","2021-11-30","2022-01-13","","exact","1","","",""
"","96 Seaver Street 4 2","","","72851312","96 Seaver Street 4 2","2021-06-15","2021-08-01","","exact","1","","",""
"","23 Overbrook Dr 4 2","","","72847195","23 Overbrook Dr 4 2","2021-06-09","2021-09-02","","exact","1","","",""
"","84 Standish Road 4 2","","","72844374","84 Standish Road 4 2","2021-06-05","2021-07-14","","exact","1","","",""
"","10 Fuller Brook 3 3","","","72810328","10 Fuller Brook 3 3","2021-04-06","2021-05-25","","exact","1","","",""
"","18 Lanark Rd 5 3","","","72729955","18 Lanark Rd 5 3","2020-09-20","2020-12-15","","exact","1","","",""
"","15 Orchard St 3 3","","","72693101","15 Orchard St 3 3","2020-07-15","2020-11-17","","exact","1","","",""
"","6 Boulder Brook Rd 4 3","","","72959620","6 Boulder Brook Rd 4 3","2022-03-29","2022-07-28","","exact","1","","",""
"","44 Mansfield Rd. 4 2","","","72608157","44 Mansfield Rd. 4 2","2020-01-14","2020-03-17","","exact","1","","",""
"","102 Edgemoor Ave 4 2","","","72984359","102 Edgemoor Ave 4 2","2022-05-17","2022-06-27","","exact","1","","",""
"","21 Cunningham Rd 4 2","","","72855080","21 Cunningham Rd 4 2","2021-06-22","2021-07-29","","exact","1","","",""
"","22 Heckle St 3 3","","","72841915","22 Heckle St 3 3","2021-06-01","2021-08-19","","exact","1","","",""
"","47 Twitchell St 4 3","","","72799765","47 Twitchell St 4 3","2021-03-16","2021-05-05","","exact","1","","",""
"","39 Skyline Dr 4 2","","","72656018","39 Skyline Dr 4 2","2020-05-13","2020-10-15","","exact","1","","",""
"","23 Thomas Rd 4 4","","","72796373","23 Thomas Rd 4 4","2021-03-09","2021-05-27","","exact","1","","",""
"","36 Marshall Road 3 3","","","72885382","36 Marshall Road 3 3","2021-08-22","2021-09-26","","exact","1","","",""
"","7 Atwood St. 3 3","","","72855564","7 Atwood St. 3 3","2021-06-22","2021-09-02","","exact","1","","",""
"","98 Overbrook Drive 4 2","","","72973361","98 Overbrook Drive 4 2","2022-04-27","2022-06-14","","exact","1","","",""
"","4 Solon St 3 1","","","72958705","4 Solon St 3 1","2022-03-28","2022-05-25","","exact","1","","",""
"","16 Bluebird Rd 3 3","","","72996392","16 Bluebird Rd 3 3","2022-06-10","2022-08-25","","exact","1","","",""
"","7 Springdale Ave 4 2","","","72945305","7 Springdale Ave 4 2","2022-02-22","2022-04-21","","exact","1","","",""
"","113 Brook St 4 2","","","72998101","113 Brook St 4 2","2022-06-14","2022-09-11","","exact","1","","",""
"","30 Summit Rd 4 1","","","72836425","30 Summit Rd 4 1","2021-05-20","2021-07-27","","exact","1","","",""
"","5 Hardy Rd. 3 3","","","72792282","5 Hardy Rd. 3 3","2021-03-02","2021-04-20","","exact","1","","",""
"","45 Ivy Road 4 2","","","72763034","45 Ivy Road 4 2","2020-12-01","2021-02-11","","exact","1","","",""
"","6 Juniper Rd 4 3","","","72661926","6 Juniper Rd 4 3","2020-05-25","2020-08-16","","exact","1","","",""
"","85 Benvenue Street 4 2","","","73052474","85 Benvenue Street 4 2","2022-10-26","2023-01-08","","exact","1","","",""
"","11 Evergreen Ave 4 2","","","73035650","11 Evergreen Ave 4 2","2022-09-12","2022-11-01","","exact","1","","",""
"","52 Riverdale Rd 4 2","","","73020143","52 Riverdale Rd 4 2","2022-08-01","2022-10-11","","exact","1","","",""
"","24 Carver Rd 3 2","","","73014966","24 Carver Rd 3 2","2022-07-19","2022-08-31","","exact","1","","",""
"","110 Oak St 4 3","","","72979346","110 Oak St 4 3","2022-05-10","2022-07-26","","exact","1","","",""
"","17 Putney Rd 3 3","","","72894960","17 Putney Rd 3 3","2021-09-14","2021-12-14","","exact","1","","",""
"","30 Leighton Rd 3 1","","","72851325","30 Leighton Rd 3 1","2021-06-15","2021-09-15","","exact","1","","",""
"","48 Hundreds Rd 4 2","","","72778044","48 Hundreds Rd 4 2","2021-01-22","2021-02-25","","exact","1","","",""
"","119 Westgate Road 4 3","","","72688307","119 Westgate Road 4 3","2020-07-08","2020-08-24","","exact","1","","",""
"","9 NORTHGATE ROAD 4 2","","","72674244","9 NORTHGATE ROAD 4 2","2020-06-14","2020-11-15","","exact","1","","",""
"","102 Wellesley Ave 4 2","","","72668734","102 Wellesley Ave 4 2","2020-06-04","2020-08-30","","exact","1","","",""
"","18 Benvenue 4 3","","","72666711","18 Benvenue 4 3","2020-06-02","2020-08-09","","exact","1","","",""
"","9 Granite 3 2","","","72659443","9 Granite 3 2","2020-05-19","2020-07-01","","exact","1","","",""
"","149 Great Plain Ave 4 4","","","73017824","149 Great Plain Ave 4 4","2022-07-26","2022-08-31","","exact","1","","",""
"","29 Martin Road 5 2","","","73044934","29 Martin Road 5 2","2022-10-04","2022-12-14","","exact","1","","",""
"","45 Howe Street 3 1","","","73038812","45 Howe Street 3 1","2022-09-19","2022-11-15","","exact","1","","",""
"","22 Standish Road 3 2","","","73033483","22 Standish Road 3 2","2022-09-06","2022-11-02","","exact","1","","",""
"","45 Seaward Rd 4 3","","","72998642","45 Seaward Rd 4 3","2022-06-14","2022-09-01","","exact","1","","",""
"","22 Boulder Road 4 2","","","72979830","22 Boulder Road 4 2","2022-05-10","2022-06-23","","exact","1","","",""
"","14 Standish Rd 4 2","","","72972423","14 Standish Rd 4 2","2022-04-26","2022-07-31","","exact","1","","",""
"","17 Garrison Rd. 3 2","","","72950490","17 Garrison Rd. 3 2","2022-03-07","2022-04-14","","exact","1","","",""
"","5 Alhambra Rd 4 3","","","72907950","5 Alhambra Rd 4 3","2021-10-12","2021-12-14","","exact","1","","",""
"","20 Wedgwood Rd 4 3","","","72865687","20 Wedgwood Rd 4 3","2021-07-13","2021-09-26","","exact","1","","",""
"","26 Woodridge Road 4 2","","","73055653","26 Woodridge Rd 4 2","2022-11-03","2023-03-07","","exact","1","","",""
"","63 Washburn Avenue 4 2","","","72841574","63 Washburn Avenue 4 2","2021-06-01","2021-07-15","","exact","1","","",""
"","24 Bradford Road 4 2","","","72814847","24 Bradford Road 4 2","2021-04-13","2021-06-16","","exact","1","","",""
"","39 River Glen Rd 4 2","","","72804545","39 River Glen Rd 4 2","2021-03-25","2021-07-14","","exact","1","","",""
"","27 Fells Rd 4 2","","","72802635","27 Fells Rd 4 2","2021-03-22","2021-05-26","","exact","1","","",""
"","9 Dunedin Rd 4 3","","","72734588","9 Dunedin Rd 4 3","2020-09-29","2020-11-17","","exact","1","","",""
"","33 Ingraham Road 4 2","","","72725446","33 Ingraham Road 4 2","2020-09-11","2020-10-14","","exact","1","","",""
"","82 Washington Street 6 3","","","72717431","82 Washington Street 6 3","2020-08-27","2020-10-25","","exact","1","","",""
"","26 Eisenhower Cir 4 3","","","72714002","26 Eisenhower Cir 4 3","2020-08-20","2021-01-10","","exact","1","","",""
"","6 Shadow Lane 4 3","","","72693110","6 Shadow Lane 4 3","2020-07-15","2020-09-16","","exact","1","","",""
"","8 Pilgrim Cir 4 2","","","72624493","8 Pilgrim Cir 4 2","2020-02-25","2020-04-13","","exact","1","","",""
"","289 Walnut St 3 3","","","72616145","289 Walnut St 3 3","2020-02-04","2020-04-12","","exact","1","","",""
"","7 Heckle St 3 2","","","72843049","7 Heckle St 3 2","2021-06-02","2021-07-26","","exact","1","","",""
"","79 Leighton Rd 4 2","","","72591028","79 Leighton Rd 4 2","2019-11-10","2020-01-01","","exact","1","","",""
"","11 Saunders Terrace 4 2","","","72822386","11 Saunders Terrace 4 2","2021-04-27","2021-07-18","","exact","1","","",""
"","19 Fife Rd 4 2","","","72789456","19 Fife Rd 4 2","2021-02-23","2021-04-29","","exact","1","","",""
"","122 Great Plain Ave 4 3","","","72771728","122 Great Plain Ave 4 3","2021-01-04","2021-02-11","","exact","1","","",""
"","26 Cavanagh Rd 4 2","","","72734796","26 Cavanagh Rd 4 2","2020-09-29","2020-12-13","","exact","1","","",""
"","54 Radcliffe Rd 4 3","","","72639569","54 Radcliffe Rd 4 3","2020-03-30","2020-06-09","","exact","1","","",""
"","19 Aberdeen Rd 3 2","","","72636119","19 Aberdeen Rd 3 2","2020-03-18","2020-05-17","","exact","1","","",""
"","45 Sheridan Rd 4 3","","","72631753","45 Sheridan Rd 4 3","2020-03-10","2020-06-16","","exact","1","","",""
"","50 Pine Plain Road 3 2","","","72896342","50 Pine Plain Road 3 2","2021-09-15","2021-11-09","","exact","1","","",""
"","22 Fisher Ave 4 2","","","72883543","22 Fisher Ave 4 2","2021-08-17","2021-10-14","","exact","1","","",""
"","100 Wellesley Ave 3 2","","","72865632","100 Wellesley Ave 3 2","2021-07-13","2021-09-23","","exact","1","","",""
"","17 Oakland St 3 2","","","73198336","17 Oakland Street 3 2","2024-01-31","2024-03-14","","exact","1","","",""
"","9 Franklin Road 3 2","","","72688327","9 Franklin Road 3 2","2020-07-08","2020-08-20","","exact","1","","",""
"","16 Northgate 3 2","","","72987734","16 Northgate 3 2","2022-05-25","2022-07-13","","exact","1","","",""
"","14 Lafayette Cir 3 2","","","72796285","14 Lafayette Cir 3 2","2021-03-09","2021-04-25","","exact","1","","",""
"","19 Oakland Cir 4 2","","","72779918","19 Oakland Cir 4 2","2021-01-27","2021-05-05","","exact","1","","",""
"","18 Oxford Rd 3 2","","","72646770","18 Oxford Rd 3 2","2020-04-21","2020-07-07","","exact","1","","",""
"","31 Avon Rd 3 3","","","72633307","31 Avon Rd 3 3","2020-03-12","2020-06-17","","exact","1","","",""
"","34 Earle Road 3 2","","","73052932","34 Earle Road 3 2","2022-10-26","2022-12-18","","exact","1","","",""
"","5 Shelley Rd 3 2","","","72746348","5 Shelley Rd 3 2","2020-10-20","2020-11-30","","exact","1","","",""
"","2 Oakdale Ave 4 2","","","72878885","2 Oakdale Ave 4 2","2021-08-09","2021-10-26","","exact","1","","",""
"","2 Shirley Rd 3 2","","","73148921","2 Shirley Rd 3 2","2023-08-15","2023-10-26","","exact","1","","",""
"","6 Ivy Circle 3 2","","","72891849","6 Ivy Circle 3 2","2021-09-07","2021-11-02","","exact","1","","",""
"","126 Great Plain Ave 4 2","","","72842535","126 Great Plain Ave 4 2","2021-06-02","2021-10-31","","exact","1","","",""
"","5 Berkeley Rd 4 2","","","72819341","5 Berkeley Rd 4 2","2021-04-21","2021-06-13","","exact","1","","",""
"","7 Madison 4 2","","","72624046","7 Madison 4 2","2020-02-25","2020-04-21","","exact","1","","",""
"","10 Durant Road 3 3","","","72749488","10 Durant Road 3 3","2020-10-27","2021-03-04","","exact","1","","",""
"","20 Cliff Road 3 2","","","72687201","20 Cliff Road 3 2","2020-07-07","2020-10-19","","exact","1","","",""
"","141 Great Plain Ave 3 2","","","72994098","141 Great Plain Ave 3 2","2022-06-07","2022-08-07","","exact","1","","",""
"","126 Glen Rd 4 2","","","72986783","126 Glen Rd 4 2","2022-05-23","2022-08-01","","exact","1","","",""
"","66 Pilgrim Road 3 2","","","72945987","66 Pilgrim Road 3 2","2022-02-23","2022-04-28","","exact","1","","",""
"","6 Maugus Avenue 5 2","","","72723229","6 Maugus Avenue 5 2","2020-09-08","2020-11-15","","exact","1","","",""
"","115 Woodside Ave 4 3","","","72641986","115 Woodside Ave 4 3","2020-04-07","2020-05-27","","exact","1","","",""
"","19 Hunting St 3 2","","","72982325","19 Hunting St 3 2","2022-05-15","2022-06-29","","exact","1","","",""
"","24 Cedar St 5 3","","","72815144","24 Cedar St 5 3","2021-04-14","2021-07-21","","exact","1","","",""
"","5 Great Plain Ave 4 3","","","72801255","5 Great Plain Ave 4 3","2021-03-18","2021-05-16","","exact","1","","",""
"","112 Wellesley Ave 4 1","","","73350117","112 Wellesley Ave 4 1","2025-03-25","2025-06-05","","exact","1","","",""
"","6 Fisher Ave 4 3","","","73154181","6 Fisher Ave 4 3","2023-08-30","2024-04-30","","exact","1","","",""
"","175 Walnut St 3 2","","","73002421","175 Walnut St 3 2","2022-06-21","2022-08-14","","exact","1","","",""
"","75 Standish Rd 3 2","","","73000865","75 Standish Rd 3 2","2022-06-20","2022-08-31","","exact","1","","",""
"","20 Tappan Rd 4 2","","","72996939","20 Tappan Rd 4 2","2022-06-12","2022-07-21","","exact","1","","",""
"","6 Fuller Brook Rd 4 2","","","72994659","6 Fuller Brook Rd 4 2","2022-06-07","2022-07-31","","exact","1","","",""
"","9 Standish Road 4 2","","","72963887","9 Standish Road 4 2","2022-04-06","2022-05-25","","exact","1","","",""
"","30 Standish Rd 3 2","","","72943107","30 Standish Rd 3 2","2022-02-15","2022-03-20","","exact","1","","",""
"","197 Bristol Rd 4 1","","","72917481","197 Bristol Rd 4 1","2021-11-07","2022-01-13","","exact","1","","",""
"","21 Stonecleve Road 2 2","","","72910611","21 Stonecleve Road 2 2","2021-10-19","2022-02-15","","exact","1","","",""
"","15 Squirrel Rd 3 3","","","72855721","15 Squirrel Rd 3 3","2021-06-23","2021-09-15","","exact","1","","",""
"","6 Francis Road 5 4","","","72851027","6 Francis Road 5 4","2021-06-15","2021-08-02","","exact","1","","",""
"","14 Oakland Street 4 2","","","72779949","14 Oakland Street 4 2","2021-01-27","2021-06-14","","exact","1","","",""
"","54 Northgate Rd 4 2","","","73112687","54 Northgate Rd 4 2","2023-05-16","2023-07-11","","exact","1","","",""
"","31 Fells Road 5 2","","","72749900","31 Fells Road 5 2","2020-10-27","2020-12-16","","exact","1","","",""
"","65 Crest Road 3 1","","","72738173","65 Crest Road 3 1","2020-10-05","2020-11-24","","exact","1","","",""
"","50 Avon Road 3 2","","","72662389","50 Avon Road 3 2","2020-05-26","2020-09-02","","exact","1","","",""
"","31 Edmunds Rd 3 2","","","72643321","31 Edmunds Rd 3 2","2020-04-12","2020-07-06","","exact","1","","",""
"","74 Leighton Road 4 2","","","72631970","74 Leighton Road 4 2","2020-03-10","2020-08-02","","exact","1","","",""
"","4 Framar Rd 4 1","","","72599326","4 Framar Rd 4 1","2019-12-08","2020-02-27","","exact","1","","",""
"","395 Weston 3 1","","","72984426","395 Weston 3 1","2022-05-17","2022-07-14","","exact","1","","",""
"","3 Beverly Road 3 2","","","72953629","3 Beverly Road 3 2","2022-03-15","2022-05-10","","exact","1","","",""
"","24 Durant Rd 3 2","","","72933431","24 Durant Rd 3 2","2022-01-11","2022-02-23","","exact","1","","",""
"","45 Avon Rd 3 2","","","72589124","45 Avon Rd 3 2","2019-11-05","2020-01-08","","exact","1","","",""
"","8 Bay View Rd 4 2","","","72810218","8 Bay View Rd 4 2","2021-04-06","2021-07-12","","exact","1","","",""
"","25 Maurice Rd 3 2","","","72835760","25 Maurice Rd 3 2","2021-05-19","2021-06-27","","exact","1","","",""
"","11 Riverdale Rd 3 1","","","72972194","11 Riverdale Road 3 1","2022-04-26","2022-06-16","","exact","1","","",""
"","24 Denton Rd 3 1","","","72624464","24 Denton Rd 3 1","2020-02-25","2020-04-28","","exact","1","","",""
"","7 Lovewell Road 4 2","","","72736821","7 Lovewell Road 4 2","2020-10-01","2020-12-02","","exact","1","","",""
"","6 Willow Park 4 4","","","72703418","6 Willow Park 4 4","2020-08-03","2020-09-22","","exact","1","","",""
"","42 Shirley Rd 4 1","","","72685972","42 Shirley Rd 4 1","2020-07-06","2020-08-19","","exact","1","","",""
"","17 Hill Top Rd 4 2","","","72663229","17 Hill Top Rd 4 2","2020-05-27","2020-07-30","","exact","1","","",""
"","2 Pilgrim Rd 4 4","","","72624644","2 Pilgrim Rd 4 4","2020-02-25","2020-04-22","","exact","1","","",""
"","4 Skyline Dr 5 2","","","72835674","4 Skyline Dr 5 2","2021-05-19","2021-08-03","","exact","1","","",""
"","21 Pine Ridge Rd 4 2","","","73033729","21 Pine Ridge Rd 4 2","2022-09-06","2022-11-17","","exact","1","","",""
"","77 Kingsbury Street 3 2","","","72895568","77 Kingsbury Street 3 2","2021-09-14","2021-10-13","","exact","1","","",""
"","130 Great Plain Avenue 3 2","","","72826358","130 Great Plain Avenue 3 2","2021-05-04","2021-07-29","","exact","1","","",""
"","11 Oakencroft Rd 4 3","","","73083391","11 Oakencroft Road 4 3","2023-02-28","2023-04-05","","exact","1","","",""
"","56 Seaver Place 3 3","","","72761424","56 Seaver Place 3 3","2020-11-26","2021-01-31","","exact","1","","",""
"","106 Edgemoor Ave 3 2","","","73390286","106 Edgemoor Ave 3 2","2025-06-11","2025-08-07","","exact","1","","",""
"","39 Washburn Ave 3 2","","","72728639","39 Washburn Ave 3 2","2020-09-16","2020-12-14","","exact","1","","",""
"","26 Putney Rd 4 2","","","72716645","26 Putney Rd 4 2","2020-08-26","2020-10-29","","exact","1","","",""
"","32 Pine Ridge Rd 3 2","","","72713416","32 Pine Ridge Rd 3 2","2020-08-19","2020-10-19","","exact","1","","",""
"","39 Standish Rd 3 2","","","73432274","39 Standish Road 3 2","2025-09-16","2025-11-11","","exact","1","","",""
"","23 Glen Road 4 2","","","72680933","23 Glen Road 4 2","2020-06-24","2020-08-06","","exact","1","","",""
"","26 Roberts Road 3 1","","","72628005","26 Roberts Road 3 1","2020-03-03","2020-06-25","","exact","1","","",""
"","10 Kimlo Road 3 2","","","72615921","10 Kimlo Road 3 2","2020-02-04","2020-06-24","","exact","1","","",""
"","73 Prospect St 4 1","","","73235463","73 Prospect St 4 1","2024-05-08","2024-06-25","","exact","1","","",""
"","111 Great Plain Ave 4 3","","","72765790","111 Great Plain Ave 4 3","2020-12-09","2021-02-25","","exact","1","","",""
"","51 Northgate Rd 4 1","","","72719657","51 Northgate Rd 4 1","2020-09-01","2020-11-15","","exact","1","","",""
"","81 Seaver Street 3 2","","","73042674","81 Seaver Street 3 2","2022-09-28","2022-12-01","","exact","1","","",""
"","74 Curve St 3 1","","","73380382","74 Curve St 3 1","2025-05-26","2025-07-15","","exact","1","","",""
"","2 Woodfield Rd 4 2","","","72976770","2 Woodfield Rd 4 2","2022-05-04","2022-08-30","","exact","1","","",""
"","17 Ledyard Street 3 2","","","72709460","17 Ledyard Street 3 2","2020-08-12","2020-09-20","","exact","1","","",""
"","24 Northgate Rd 3 2","","","72610858","24 Northgate Rd 3 2","2020-01-21","2020-03-29","","exact","1","","",""
"","19 Kirkland Cir 2 3","","","72607248","19 Kirkland Cir 2 3","2020-01-12","2020-04-14","","exact","1","","",""
"","164 Walnut Street 3 2","","","73028586","164 Walnut Street 3 2","2022-08-23","2022-10-06","","exact","1","","",""
"","48 Fuller Brook Rd 2 1","","","72915872","48 Fuller Brook Rd 2 1","2021-11-02","2021-12-08","","exact","1","","",""
"","1 Vista Road 4 2","","","72838585","1 Vista Road 4 2","2021-05-26","2021-12-22","","exact","1","","",""
"","16 Summit Rd 3 2","","","72836590","16 Summit Rd 3 2","2021-05-25","2021-08-02","","exact","1","","",""
"","16 Granite St 4 1","","","73075842","16 Granite Street 4 1","2023-02-01","2023-05-04","","exact","1","","",""
"","49 Leighton Rd 3 2","","","72804602","49 Leighton Rd 3 2","2021-03-25","2021-05-02","","exact","1","","",""
"","20 Chesterton Rd 3 1","","","72738800","20 Chesterton Rd 3 1","2020-10-06","2020-11-15","","exact","1","","",""
"","17 Paine 3 2","","","72717251","17 Paine 3 2","2020-08-27","2020-10-05","","exact","1","","",""
"","15 Lexington Rd 3 2","","","73023954","15 Lexington Rd 3 2","2022-08-09","2022-11-01","","exact","1","","",""
"","10 Oakland Cir 3 2","","","72740295","10 Oakland Cir 3 2","2020-10-07","2021-01-18","","exact","1","","",""
"","93 Brook St 4 2","","","72625431","93 Brook St 4 2","2020-02-27","2020-03-12","","exact","1","","",""
"","68 Standish Rd 2 2","","","73041888","68 Standish Rd 2 2","2022-09-27","2022-10-27","","exact","1","","",""
"","8 Hampden St 4 2","","","72975540","8 Hampden St 4 2","2022-05-02","2022-06-15","","exact","1","","",""
"","41 Brook St 3 1","","","72946849","41 Brook St 3 1","2022-02-27","2022-03-28","","exact","1","","",""
"","127 Prospect St 3 2","","","72939620","127 Prospect St 3 2","2022-02-02","2022-06-13","","exact","1","","",""
"","13 Donizetti St 3 2","","","72865652","13 Donizetti St 3 2","2021-07-13","2021-08-17","","exact","1","","",""
"","4 Southwick Cir 3 1","","","73442600","4 Southwick Cir 3 1","2025-10-10","2025-11-19","","exact","1","","",""
"","555 Worcester St 4 4","","","72746584","555 Worcester St 4 4","2020-10-20","2021-01-14","","exact","1","","",""
"","45 Howe Street 3 1","","","73038812","45 Howe Street 3 1","2022-09-19","2022-11-15","","exact","1","","",""
"","68 Washburn Ave 3 2","","","72618648","68 Washburn Ave 3 2","2020-02-11","2020-07-14","","exact","1","","",""
"","65 Longfellow Road 3 2","","","72611596","65 Longfellow Road 3 2","2020-01-23","2020-04-01","","exact","1","","",""
"","92 Washburn Ave 4 2","","","72547484","92 Washburn Ave 4 2","2019-08-08","2020-02-19","","exact","1","","",""
"","71 Fuller Brook Road 4 2","","","72562232","71 Fuller Brook Road 4 2","2019-09-09","2020-05-28","","exact","1","","",""
"","59 Russell Road 3 2","","","72966639","59 Russell Road 3 2","2022-04-13","2022-05-01","","exact","1","","",""
"","8 Vista Rd 3 1","","","72940974","8 Vista Rd 3 1","2022-02-08","2022-04-03","","exact","1","","",""
"","4 Hastings Street 4 2","","","72855740","4 Hastings Street 4 2","2021-06-23","2021-08-11","","exact","1","","",""
"","40 Upwey Rd 4 2","","","72631881","40 Upwey Rd 4 2","2020-03-10","2020-09-24","","exact","1","","",""
"","11 Brookmere Ave 4 2","","","73380984","11 Brookmere Avenue 4 2","2025-05-27","2025-07-20","","exact","1","","",""
"","13 Willow Road 4 2","","","72647749","13 Willow Road 4 2","2020-04-24","2020-06-28","","exact","1","","",""
"","15 Ivy Road 4 2","","","72639541","15 Ivy Road 4 2","2020-03-30","2020-06-10","","exact","1","","",""
"","60 McLean St 4 2","","","72986424","60 McLean St 4 2","2022-05-22","2022-07-13","","exact","1","","",""
"","8 Bradley Avenue 3 1","","","72980716","8 Bradley Avenue 3 1","2022-05-11","2022-08-17","","exact","1","","",""
"","61 Sheridan Rd 3 2","","","72818507","61 Sheridan Rd 3 2","2021-04-20","2021-07-05","","exact","1","","",""
"","2 Pinewood Rd 4 2","","","72782081","2 Pinewood Rd 4 2","2021-02-02","2021-04-07","","exact","1","","",""
"","9 Sylvan Rd 4 2","","","72744840","9 Sylvan Rd 4 2","2020-10-17","2021-01-24","","exact","1","","",""
"","20 Saunders Ter 3 1","","","72956531","20 Saunders Ter 3 1","2022-03-22","2022-05-08","","exact","1","","",""
"","14 Fife Rd 4 2","","","72772264","14 Fife Rd 4 2","2021-01-06","2021-02-10","","exact","1","","",""
"","33 Avon Rd 3 1","","","73078834","33 Avon Road 3 1","2023-02-13","2023-04-18","","exact","1","","",""
"","7 Kirkland Circle 5 2","","","72732158","7 Kirkland Circle 5 2","2020-09-23","2020-11-22","","exact","1","","",""
"","12 Pinevale Avenue 3 2","","","72714016","12 Pinevale Avenue 3 2","2020-08-20","2020-10-22","","exact","1","","",""
"","11 Hill Top Road 3 2","","","72939189","11 Hill Top Road 3 2","2022-02-01","2022-04-10","","exact","1","","",""
"","44 Pinewood Rd 4 1","","","72959518","44 Pinewood Rd 4 1","2022-03-29","2022-05-05","","exact","1","","",""
"","35 Rice St 3 1","","","72620493","35 Rice St 3 1","2020-02-16","2020-04-29","","exact","1","","",""
"","50 Washburn Ave 3 1","","","72854973","50 Washburn Ave 3 1","2021-06-22","2021-07-26","","exact","1","","",""
"","302 Weston Rd 3 2","","","72845953","302 Weston Rd 3 2","2021-06-08","2021-08-08","","exact","1","","",""
"","11 Duxbury Road 3 2","","","72822008","11 Duxbury Road 3 2","2021-04-27","2021-06-29","","exact","1","","",""
"","14 Brookdale Ave 3 2","","","72911811","14 Brookdale Ave 3 2","2021-10-21","2022-01-18","","exact","1","","",""
"","7 Pleasant St 3 2","","","73036624","7 Pleasant St 3 2","2022-09-13","2022-12-28","","exact","1","","",""
"","12 Eaton Court 4 2","","","73029663","12 Eaton Court 4 2","2022-08-24","2022-10-06","","exact","1","","",""
"","27 Lantern Ln 4 2","","","72861997","27 Lantern Ln 4 2","2021-07-06","2021-11-04","","exact","1","","",""
"","8 Fells Rd 4 2","","","72842533","8 Fells Rd 4 2","2021-06-02","2021-08-05","","exact","1","","",""
"","7 Fife Rd 3 1","","","72838507","7 Fife Rd 3 1","2021-05-26","2021-08-15","","exact","1","","",""
"","5 Dexter Rd 3 2","","","72811537","5 Dexter Rd 3 2","2021-04-07","2021-08-30","","exact","1","","",""
"","10 Windemere Rd 4 1","","","72739194","10 Windemere Rd 4 1","2020-10-06","2020-12-08","","exact","1","","",""
"","7 Cedar Brook Rd 4 2","","","72535602","7 Cedar Brook Rd 4 2","2019-07-16","2020-04-28","","exact","1","","",""
"","229 Weston Rd 3 1","","","72830600","229 Weston Rd 3 1","2021-05-11","2021-08-05","","exact","1","","",""
"","15 Howe Street 3 1","","","73044990","15 Howe Street 3 1","2022-10-04","2022-12-11","","exact","1","","",""
"","3 Rockland St 3 1","","","73013032","3 Rockland St 3 1","2022-07-17","2022-11-02","","exact","1","","",""
"","1 Bow St 3 2","","","73390306","1 Bow Street 3 2","2025-06-11","2025-08-06","","exact","1","","",""
"","25 Geraldine Dr. 6 4","","","72977138","25 Geraldine Dr. 6 4","2022-05-04","2022-06-08","","exact","1","","",""
"","39 College Road 3 2","","","72975311","39 College Road 3 2","2022-05-02","2022-07-19","","exact","1","","",""
"","87 Parker Rd 4 1","","","72969391","87 Parker Rd 4 1","2022-04-19","2022-05-30","","exact","1","","",""
"","12 Cottonwood Rd 3 1","","","72964464","12 Cottonwood Rd 3 1","2022-04-06","2022-06-26","","exact","1","","",""
"","39 Elmwood Rd 3 2","","","72964257","39 Elmwood Rd 3 2","2022-04-06","2022-05-11","","exact","1","","",""
"","41 Pine Ridge Road 3 2","","","72834494","41 Pine Ridge Road 3 2","2021-05-18","2021-07-14","","exact","1","","",""
"","277 Weston Rd 3 2","","","72827095","277 Weston Rd 3 2","2021-05-05","2021-08-05","","exact","1","","",""
"","47 Colburn Road 2 2","","","72659209","47 Colburn Road 2 2","2020-05-19","2020-06-11","","exact","1","","",""
"","6 Oakland Cir 3 2","","","72944331","6 Oakland Cir 3 2","2022-02-17","2022-07-24","","exact","1","","",""
"","28 Grantland Rd 3 1","","","72787107","28 Grantland Rd 3 1","2021-02-16","2021-05-04","","exact","1","","",""
"","102 Evergreen Ave 3 1","","","72949586","102 Evergreen Ave 3 1","2022-03-06","2022-05-12","","exact","1","","",""
"","31 Clifford St 3 1","","","72902095","31 Clifford St 3 1","2021-09-28","2021-11-03","","exact","1","","",""
"","103 Mayo Road 3 1","","","72884858","103 Mayo Road 3 1","2021-08-21","2021-10-21","","exact","1","","",""
"","69 Donizetti St 3 2","","","72652479","69 Donizetti St 3 2","2020-05-05","2020-06-17","","exact","1","","",""
"","6 Redwing Rd 3 2","","","73036919","6 Redwing Rd 3 2","2022-09-13","2022-12-04","","exact","1","","",""
"","15 Oriole Rd 3 2","","","73344945","15 Oriole Rd 3 2","2025-03-12","2025-04-23","","exact","1","","",""
"","4 Bryn Mawr Rd 3 2","","","72662235","4 Bryn Mawr Rd 3 2","2020-05-26","2020-07-13","","exact","1","","",""
"","39 Mayo Rd 3 2","","","73307616","39 Mayo Road 3 2","2024-10-29","2024-12-11","","exact","1","","",""
"","36 Bay View Road 3 1","","","73045697","36 Bay View Road 3 1","2022-10-06","2022-11-13","","exact","1","","",""
"","62 River Street 3 1","","","73034634","62 River Street 3 1","2022-09-08","2022-12-14","","exact","1","","",""
"","20 Marshall Rd 3 2","","","72888879","20 Marshall Rd 3 2","2021-08-31","2021-10-05","","exact","1","","",""
"","19 Priscilla Road 5 2","","","72747130","19 Priscilla Road 5 2","2020-10-21","2020-12-15","","exact","1","","",""
"","60 Audubon Rd 3 2","","","72619452","60 Audubon Rd 3 2","2020-02-12","2020-04-14","","exact","1","","",""
"","9 Stonecleve Road 4 2","","","72803425","9 Stonecleve Road 4 2","2021-03-23","2021-06-01","","exact","1","","",""
"","31 Atwood St 3 2","","","72811545","31 Atwood St 3 2","2021-04-07","2021-05-24","","exact","1","","",""
"","20 Beechwood Terrace 3 1","","","72928515","20 Beechwood Terrace 3 1","2021-12-16","2022-02-17","","exact","1","","",""
"","12 Durant Road 3 2","","","73222397","12 Durant Road 3 2","2024-04-09","2024-07-29","","exact","1","","",""
"","15 Redwing Road 4 2","","","72659527","15 Redwing Road 4 2","2020-05-20","2020-06-28","","exact","1","","",""
"","3 Fairbanks Ave 4 1","","","72826236","3 Fairbanks Ave 4 1","2021-05-04","2021-06-22","","exact","1","","",""
"","5 Sessions St 3 2","","","72803558","5 Sessions St 3 2","2021-03-23","2021-05-27","","exact","1","","",""
"","30 Lexington Rd 3 2","","","72709979","30 Lexington Rd 3 2","2020-08-13","2020-11-12","","exact","1","","",""
"","22 Grantland Rd 3 1","","","72604534","22 Grantland Rd 3 1","2020-01-04","2020-03-01","","exact","1","","",""
"","71 Beechwood Rd 3 2","","","72838373","71 Beechwood Rd 3 2","2021-05-25","2021-07-29","","exact","1","","",""
"","11 Wildon Road 3 1","","","72702495","11 Wildon Road 3 1","2020-08-01","2020-09-20","","exact","1","","",""
"","27 Manor Ave 3 2","","","72793811","27 Manor Ave 3 2","2021-03-04","2021-05-27","","exact","1","","",""
"","14 Greenlawn Avenue 3 2","","","72790094","14 Greenlawn Avenue 3 2","2021-02-24","2021-06-06","","exact","1","","",""
"","20 Clifford St 4 1","","","72702431","20 Clifford St 4 1","2020-08-01","2020-09-30","","exact","1","","",""
"","32 Bobolink Rd 3 3","","","72693445","32 Bobolink Rd 3 3","2020-07-16","2020-09-03","","exact","1","","",""
"","4 Stevens Rd 4 1","","","72641874","4 Stevens Rd 4 1","2020-04-06","2020-09-08","","exact","1","","",""
"","19 Turner Road 3 1","","","72891904","19 Turner Road 3 1","2021-09-07","2021-09-23","","exact","1","","",""
"","12 Pine Tree Rd 3 1","","","73016932","12 Pine Tree Rd 3 1","2022-07-24","2022-08-25","","exact","1","","",""
"","72 Martin Rd 3 1","","","72806927","72 Martin Rd 3 1","2021-03-31","2021-05-26","","exact","1","","",""
"","79 ALBA ROAD 3 1","","","72995466","79 ALBA ROAD 3 1","2022-06-08","2022-07-21","","exact","1","","",""
"","5 Sylvester Ter 4 1","","","72669269","5 Sylvester Ter 4 1","2020-06-06","2020-07-30","","exact","1","","",""
"","6 Bethel Rd 3 2","","","72660738","6 Bethel Rd 3 2","2020-05-21","2020-07-14","","exact","1","","",""
"","24 Martin Rd 3 1","","","73052252","24 Martin Rd 3 1","2022-10-25","2023-01-10","","exact","1","","",""
"","305 Linden Street 2 2","","","72945642","305 Linden Street 2 2","2022-02-22","2022-04-28","","exact","1","","",""
"","36 Shore Rd 3 1","","","72933794","36 Shore Rd 3 1","2022-01-12","2022-02-24","","exact","1","","",""
"","2 Alba Rd 2 1","","","72916643","2 Alba Rd 2 1","2021-11-03","2022-01-02","","exact","1","","",""
"","15 HASTINGS STREET 5 2","","","72914005","15 HASTINGS STREET 5 2","2021-10-27","2021-12-27","","exact","1","","",""
"","20 Edgemoor Ave 4 2","","","72858024","20 Edgemoor Ave 4 2","2021-06-28","2021-09-16","","exact","1","","",""
"","42 Martin Rd. 3 1","","","72823088","42 Martin Rd. 3 1","2021-04-28","2021-06-29","","exact","1","","",""
"","9 Wilde Rd 3 1","","","72801096","9 Wilde Rd 3 1","2021-03-18","2021-05-12","","exact","1","","",""
"","23 Lawrence Rd 3 2","","","72793824","23 Lawrence Rd 3 2","2021-03-04","2021-05-09","","exact","1","","",""
"","28 Edgemoor Avenue 3 1","","","72780961","28 Edgemoor Avenue 3 1","2021-01-31","2021-04-19","","exact","1","","",""
"","35 Fells Rd 3 2","","","72771923","35 Fells Rd 3 2","2021-01-05","2021-02-18","","exact","1","","",""
"","31 Pinewood Rd 3 3","","","72762027","31 Pinewood Rd 3 3","2020-11-29","2021-01-20","","exact","1","","",""
"","3 Stevens Rd 3 1","","","72749810","3 Stevens Rd 3 1","2020-10-27","2020-12-15","","exact","1","","",""
"","319 Linden Street 2 2","","","72724834","319 Linden Street 2 2","2020-09-10","2020-12-06","","exact","1","","",""
"","20 Cavanagh Rd. 3 1","","","72687154","20 Cavanagh Rd. 3 1","2020-07-07","2020-08-23","","exact","1","","",""
"","41 Oakland St 4 2","","","72660049","41 Oakland St 4 2","2020-05-20","2020-08-28","","exact","1","","",""
"","7 Ashmont Rd 3 2","","","72659569","7 Ashmont Rd 3 2","2020-05-20","2020-10-29","","exact","1","","",""
"","73 Prospect St 4 1","","","73235463","73 Prospect St 4 1","2024-05-08","2024-06-25","","exact","1","","",""
"","24 Pine Plain Road 3 1","","","72616018","24 Pine Plain Road 3 1","2020-02-04","2020-06-22","","exact","1","","",""
"","8 Spruce Park 3 2","","","72990564","8 Spruce Park 3 2","2022-05-31","2022-07-14","","exact","1","","",""
"","24 College Rd 3 2","","","72645150","24 College Rd 3 2","2020-04-16","2020-06-17","","exact","1","","",""
"","5 Intervale Rd 2 2","","","73443551","5 Intervale Rd 2 2","2025-10-14","2025-11-20","","exact","1","","",""
"","89 Wellesley Avenue 4 3","","","72578025","89 Wellesley Avenue 4 3","2019-10-09","2020-01-30","","exact","1","","",""
"","7 Massasoit Rd 3 2","","","72735595","7 Massasoit Rd 3 2","2020-09-30","2020-11-15","","exact","1","","",""
"","89 Seaver St 3 2","","","72704882","89 Seaver St 3 2","2020-08-04","2020-09-09","","exact","1","","",""
"","30 Pine Plain Rd 3 1","","","72696151","30 Pine Plain Rd 3 1","2020-07-21","2020-10-01","","exact","1","","",""
"","5 Greenlawn Ave 3 1","","","72648207","5 Greenlawn Ave 3 1","2020-04-26","2020-06-14","","exact","1","","",""
"","61 Donizetti Street 4 2","","","72666225","61 Donizetti Street 4 2","2020-06-01","2020-07-16","","exact","1","","",""
"","12 Ashmont Rd 4 2","","","72712111","12 Ashmont Rd 4 2","2020-08-18","2020-09-27","","exact","1","","",""
"","110 Great Plain Ave 3 2","","","72754451","110 Great Plain Ave 3 2","2020-11-06","2020-12-22","","exact","1","","",""
"","22 Geraldine Drive 3 2","","","72686764","22 Geraldine Drive 3 2","2020-07-07","2020-10-14","","exact","1","","",""
"","41 Manor Ave 4 2","","","72616391","41 Manor Ave 4 2","2020-02-05","2020-03-22","","exact","1","","",""
"","41 Maurice Road 3 1","","","72663339","41 Maurice Road 3 1","2020-05-27","2020-08-27","","exact","1","","",""
"","103 Manor ave 3 1","","","72872739","103 Manor ave 3 1","2021-07-27","2021-11-09","","exact","1","","",""
"","88 Crest Rd 4 1","","","72952666","88 Crest Rd 4 1","2022-03-30","2022-08-02","","exact","1","","",""
"","7 Sunnyside Ave 3 2","","","72881210","7 Sunnyside Ave 3 2","2021-08-12","2021-09-23","","exact","1","","",""
"","28 High Ledge Ave 3 1","","","72613894","28 High Ledge Ave 3 1","2020-01-29","2020-03-26","","exact","1","","",""
"","23 Hastings Street 2 2","","","72606233","23 Hastings Street 2 2","2020-01-08","2020-04-20","","exact","1","","",""
"","85 Kingsbury St 3 2","","","72573832","85 Kingsbury St 3 2","2019-10-01","2020-03-22","","exact","1","","",""
"","243 WESTON RD 3 1","","","72750189","243 WESTON RD 3 1","2020-10-28","2020-12-29","","exact","1","","",""
"","17 Roberts Rd 3 1","","","73231381","17 Roberts Rd 3 1","2024-04-30","2024-06-06","","exact","1","","",""
"","421 Weston Rd 3 1","","","73084781","421 Weston Road 3 1","2023-03-05","2023-04-17","","exact","1","","",""
"","1 Westerly St 3 1","","","73043331","1 Westerly St 3 1","2022-09-30","2022-11-07","","exact","1","","",""
"","19 Minuteman Ln 4 2","","","72928380","19 Minuteman Ln 4 2","2021-12-15","2022-01-31","","exact","1","","",""
"","7 Oriole Rd 3 2","","","72831211","7 Oriole Rd 3 2","2021-05-12","2021-06-30","","exact","1","","",""
"","20 Duxbury Rd 3 2","","","72859609","20 Duxbury Rd 3 2","2021-07-01","2021-11-16","","exact","1","","",""
"","6 Bryn Mawr Road 2 1","","","72954679","6 Bryn Mawr Road 2 1","2022-03-17","2022-04-25","","exact","1","","",""
"","22 Cunningham Rd 2 1","","","72687775","22 Cunningham Rd 2 1","2020-07-08","2020-10-27","","exact","1","","",""
"","311 Linden Street 4 1","","","72855271","311 Linden Street 4 1","2021-06-22","2021-10-31","","exact","1","","",""
"","382 Worcester St 3 2","","","72813987","382 Worcester St 3 2","2021-04-13","2021-06-06","","exact","1","","",""
"","299 Weston Rd 3 1","","","72784425","299 Weston Rd 3 1","2021-02-09","2021-03-28","","exact","1","","",""
"","10 Duxbury Rd 3 2","","","72735545","10 Duxbury Rd 3 2","2020-09-30","2020-12-21","","exact","1","","",""
"","3 Garrison Rd 4 2","","","72723025","3 Garrison Rd 4 2","2020-09-08","2020-12-01","","exact","1","","",""
"","387 Weston Road 3 1","","","72479947","387 Weston Road 3 1","2019-04-09","2020-02-12","","exact","1","","",""
"","14 Lexington Rd 3 1","","","72808043","14 Lexington Rd 3 1","2021-04-01","2021-05-27","","exact","1","","",""
"","305 Weston Rd 5 1","","","72777295","305 Weston Rd 5 1","2021-01-20","2021-03-28","","exact","1","","",""
"","46 River Ridge 2 2","","","72661252","46 River Ridge 2 2","2020-05-24","2020-08-30","","exact","1","","",""
"","19 Hill Top Rd 2 1","","","72869023","19 Hill Top Rd 2 1","2021-07-20","2021-09-15","","exact","1","","",""
"","76 Great Plain Avenue 3 2","","","72687367","76 Great Plain Avenue 3 2","2020-07-07","2021-02-24","","exact","1","","",""
"","265 Weston Road 2 1","","","72913198","265 Weston Road 2 1","2021-10-26","2021-12-07","","exact","1","","",""
"","46 Overbrook Dr 3 2","","","72694823","46 Overbrook Dr 3 2","2020-07-19","2020-10-12","","exact","1","","",""
"","159 Weston Rd 4 1","","","72885624","159 Weston Rd 4 1","2021-08-23","2021-10-03","","exact","1","","",""
"","161 Cedar St 3 1","","","72880744","161 Cedar St 3 1","2021-08-11","2021-09-27","","exact","1","","",""
"","17 Russell Rd 3 1","","","72920444","17 Russell Rd 3 1","2021-11-15","2021-12-14","","exact","1","","",""
"","34 Cedar St 3 2","","","72787474","34 Cedar St 3 2","2021-02-17","2021-03-30","","exact","1","","",""
"","347 Weston Rd 3 1","","","72701705","347 Weston Rd 3 1","2020-07-30","2020-12-30","","exact","1","","",""
"","38 Donizetti Street 3 1","","","72672745","38 Donizetti Street 3 1","2020-06-11","2020-08-31","","exact","1","","",""
"","142 Oakland Street 3 1","","","72633379","142 Oakland Street 3 1","2020-03-12","2020-07-21","","exact","1","","",""
"","8 Mellon Rd 4 2","","","72521290","8 Mellon Rd 4 2","2019-06-18","2020-02-11","","exact","1","","",""
"","460 Weston Rd 2 1","","","72831591","460 Weston Rd 2 1","2021-05-12","2021-09-20","","exact","1","","",""
"","1 Standish Road 2 1","","","72635527","1 Standish Road 2 1","2020-03-17","2020-07-29","","exact","1","","",""
"","147 Walnut St 2 1","","","72913277","147 Walnut St 2 1","2021-10-26","2022-01-19","","exact","1","","",""
"","82 Wellesley Ave 3 1","","","72709142","82 Wellesley Ave 3 1","2020-08-12","2020-10-29","","exact","1","","",""
"","56 Manor Ave 2 1","","","73000690","56 Manor Ave 2 1","2022-06-19","2022-08-02","","exact","1","","",""
"","54 Prospect St 2 1","","","72491329","54 Prospect St 2 1","2019-04-30","2020-04-21","","exact","1","","",""
"","271 Weston Rd 3 1","","","73015416","271 Weston Rd 3 1","2022-07-20","2022-09-06","","exact","1","","",""
"","10 FIFE ROAD 3 1","","","73216646","10 Fife Rd 3 1","2024-03-25","2024-10-24","","exact","1","","",""
"","9 Hill Top Rd 2 1","","","72709889","9 Hill Top Rd 2 1","2020-08-13","2020-09-29","","exact","1","","",""
"","139 Overbrook Dr 3 2","","","72570412","139 Overbrook Dr 3 2","2019-09-24","2020-11-05","","exact","1","","",""
"","1 Sunnyside Ave 3 2","","","72585700","1 Sunnyside Ave 3 2","2019-10-27","2021-04-15","","exact","1","","",""
"","96 Woodside Ave 2 1","","","73048271","96 Woodside Ave 2 1","2022-10-13","2022-10-30","","exact","1","","",""
"","75 High Ledge Ave 3 1","","","72662397","75 High Ledge Ave 3 1","2020-05-26","2020-11-05","","exact","1","","",""
"","83 Edgemoor Ave 2 2","","","72688352","83 Edgemoor Ave 2 2","2020-07-08","2020-10-05","","exact","1","","",""
"","2 Dale St 2 1","","","72887167","2 Dale St 2 1","2021-08-25","2022-03-28","","exact","1","","",""
"","65 High Ledge Ave 2 1","","","72715709","65 High Ledge Ave 2 1","2020-08-25","2022-05-31","","exact","1","","",""
"","10 Oakland Circle 2 1","","","72600007","10 Oakland Circle 2 1","2019-12-10","2020-01-13","","exact","1","","",""
"","2 Buckingham Terrace","","","72941878","2 Buckingham Terrace","2022-02-09","2022-02-27","","exact","1","","",""
"","2 Buckingham Ter","","","72941878","2 Buckingham Terrace","2022-02-09","2022-02-27","","exact","1","","",""
"","60 Livingston Rd","","","72946330","60 Livingston Rd","2022-02-24","2022-04-14","","exact","1","","",""
"","8 Lowell Rd","","","72627539","8 Lowell Rd","2020-03-03","2020-09-08","","exact","1","","",""
"","40 Park Ave","","","72729247","40 Park Ave","2020-09-17","2021-01-19","","exact","1","","",""
"","20 Oakland St Lot 3L","","","72829190","20 Oakland St Lot 3L","2021-05-10","2021-08-19","","exact","1","","",""
"","20 Oakland St lot 2L","","","72829188","20 Oakland St lot 2L","2021-05-10","2021-08-19","","exact","1","","",""
"","1 Sunnyside","","","72929478","1 Sunnyside","2021-12-23","2022-02-01","","exact","1","","",""
"","15 The Waterway","","","72571149","15 The Waterway","2019-09-25","2022-10-13","","exact","1","","",""
"","251 Weston Road","","","72581563","251 Weston Road","2019-10-16","2020-07-22","","exact","1","","",""
"","26 Lantern Lane","","","72554441","26 Lantern Lane","2019-08-22","2021-04-29","","exact","1","","",""
"","917 Worcester St","","","72906042","917 Worcester St","2021-10-06","2022-03-29","","exact","1","","",""