list_no,address_raw,address_norm,list_date,offer_date,settled_date,list_price,sale_price,sqft,year_built
"","1 EDGEWATER DRIVE","1 EDGEWATER DR","","","","","","",""
"","30 FALMOUTH ROAD","30 FALMOUTH RD","","","","","","",""
"","12 PATTON ROAD","12 PATTON RD","","","","","","",""
"","68 YARMOUTH ROAD","68 YARMOUTH RD","","","","","","",""
"","19 TURNER ROAD","19 TURNER RD","","","","","","",""
"","26 YARMOUTH ROAD","26 YARMOUTH RD","","","","","","",""
"","76 BRISTOL ROAD","76 BRISTOL RD","","","","","","",""
"","161 CEDAR STREET","161 CEDAR ST","","","","","","",""
"","78 ARNOLD ROAD","78 ARNOLD RD","","","","","","",""
"","57 SHERIDAN ROAD","57 SHERIDAN RD","","","","","","",""
"","130 GREAT PLAIN AVENUE","130 GREAT PLAIN AVE","","","","","","",""
"","32 BOULDER BROOK ROAD","32 BOULDER BROOK RD","","","","","","",""
"","148 WALNUT STREET","148 WALNUT ST","","","","","","",""
"","86 MAYO ROAD","86 MAYO RD","","","","","","",""
"","30 LANTERN LANE","30 LANTERN LN","","","","","","",""
"","50 WASHBURN AVENUE","50 WASHBURN AVE","","","","","","",""
"","10 PARK AVENUE","10 PARK AVE","","","","","","",""
"","15 MAYO ROAD","15 MAYO RD","","","","","","",""
"","21 RIVERDALE ROAD","21 RIVERDALE RD","","","","","","",""
"","28 RIVER GLEN ROAD","28 RIVER GLEN RD","","","","","","",""
"","64 HALSEY AVENUE","64 HALSEY AVE","","","","","","",""
"","55-57 FIELDSTONE WAY","55-57 FIELDSTONE WAY","","","","","","",""
"","43-45 FIELDSTONE WAY","43-45 FIELDSTONE WAY","","","","","","",""
"","47-49 FIELDSTONE WAY","47-49 FIELDSTONE WAY","","","","","","",""
"","51-53 FIELDSTONE WAY","51-53 FIELDSTONE WAY","","","","","","",""
"","22 PATTON ROAD","22 PATTON RD","","","","","","",""
"","31 ELM STREET","31 ELM ST","","","","","","",""
"","32 LANTERN LANE","32 LANTERN LN","","","","","","",""
"","76 FAIRBANKS AVENUE","76 FAIRBANKS AVE","","","","","","",""
"","146 LOWELL ROAD","146 LOWELL RD","","","","","","",""
"","27 WESTGATE","27 WESTGATE","","","","","","",""
"","9 FRANKLIN ROAD","9 FRANKLIN RD","","","","","","",""
"","7 MASSASOIT ROAD","7 MASSASOIT RD","","","","","","",""
"","20 WILSON STREET","20 WILSON ST","","","","","","",""
"","173 WINDING RIVER ROAD","173 WINDING RIVER RD","","","","","","",""
"","39-41 FIELDSTONE WAY","39-41 FIELDSTONE WAY","","","","","","",""
"","139 OVERBROOK DRIVE","139 OVERBROOK DR","","","","","","",""
"","8 DEERFIELD ROAD","8 DEERFIELD RD","","","","","","",""
"","31-33 FIELDSTONE WAY","31-33 FIELDSTONE WAY","","","","","","",""
"","39 SKYLINE DRIVE","39 SKYLINE DR","","","","","","",""
"","35 RICE STREET","35 RICE ST","","","","","","",""
"","6 WILSON STREET","6 WILSON ST","","","","","","",""
"","93 BROOK STREET","93 BROOK ST","","","","","","",""
"","206 WINDING RIVER ROAD","206 WINDING RIVER RD","","","","","","",""
"","35-37 FIELDSTONE WAY","35-37 FIELDSTONE WAY","","","","","","",""
"","26 LANTERN LANE","26 LANTERN LN","","","","","","",""
"","11 WOODLAND ROAD","11 WOODLAND RD","","","","","","",""
"","9 DURANT ROAD","9 DURANT RD","","","","","","",""
"","26 LATHROP ROAD","26 LATHROP RD","","","","","","",""
"","20 WOODCHESTER ROAD","20 WOODCHESTER RD","","","","","","",""
"","40 PARK AVENUE","40 PARK AVE","","","","","","",""
"","24 BELAIR ROAD","24 BELAIR RD","","","","","","",""
"","8 DEXTER ROAD","8 DEXTER RD","","","","","","",""
"","7 ASHMONT ROAD","7 ASHMONT RD","","","","","","",""
"","21 GREYLOCK ROAD","21 GREYLOCK RD","","","","","","",""
"","60 AUDUBON ROAD","60 AUDUBON RD","","","","","","",""
"","18 BAY STATE ROAD","18 BAY STATE RD","","","","","","",""
"","10-12 FIELDSTONE WAY","10-12 FIELDSTONE WAY","","","","","","",""
"","36 OAKRIDGE ROAD","36 OAKRIDGE RD","","","","","","",""
"","24 PRISCILLA ROAD","24 PRISCILLA RD","","","","","","",""
"","38-40 FIELDSTONE WAY","38-40 FIELDSTONE WAY","","","","","","",""
"","6 HASTINGS STREET","6 HASTINGS ST","","","","","","",""
"","11 KENILWORTH ROAD","11 KENILWORTH RD","","","","","","",""
"","1 PICKEREL ROAD","1 PICKEREL RD","","","","","","",""
"","196 POND ROAD","196 POND RD","","","","","","",""
"","47 CROWN RIDGE ROAD","47 CROWN RIDGE RD","","","","","","",""
"","37 CYPRESS ROAD","37 CYPRESS RD","","","","","","",""
"","6 BRYN MAWR ROAD","6 BRYN MAWR RD","","","","","","",""
"","78 HUNDREDS ROAD","78 HUNDREDS RD","","","","","","",""
"","36 SHERIDAN ROAD","36 SHERIDAN RD","","","","","","",""
"","2 BUCKINGHAM TERRACE","2 BUCKINGHAM TER","","","","","","",""
"","15 THE WATERWAY","15 THE WATERWAY","","","","","","",""
"","80 HUNDREDS ROAD","80 HUNDREDS RD","","","","","","",""
"","21 MANSFIELD ROAD","21 MANSFIELD RD","","","","","","",""
"","36 PLEASANT STREET","36 PLEASANT ST","","","","","","",""
"","56 WESTGATE","56 WESTGATE","","","","","","",""
"","40 OLD FARM ROAD","40 OLD FARM RD","","","","","","",""
"","9 BELLEVUE ROAD","9 BELLEVUE RD","","","","","","",""
"","60 OAK STREET","60 OAK ST","","","","","","",""
"","23 BOBOLINK ROAD","23 BOBOLINK RD","","","","","","",""
"","41 CHESTNUT STREET","41 CHESTNUT ST","","","","","","",""
"","31 ATWOOD STREET","31 ATWOOD ST","","","","","","",""
"","8 HAMPSHIRE ROAD","8 HAMPSHIRE RD","","","","","","",""
"","17 ARDEN ROAD","17 ARDEN RD","","","","","","",""
"","65 PLEASANT STREET","65 PLEASANT ST","","","","","","",""
"","111 GREAT PLAIN AVENUE","111 GREAT PLAIN AVE","","","","","","",""
"","33-35 PLEASANT STREET","33-35 PLEASANT ST","","","","","","",""
"","6 WINSLOW ROAD","6 WINSLOW RD","","","","","","",""
"","30 DUNEDIN ROAD","30 DUNEDIN RD","","","","","","",""
"","36 PATTON ROAD","36 PATTON RD","","","","","","",""
"","22 SUFFOLK ROAD","22 SUFFOLK RD","","","","","","",""
"","34 BAY VIEW ROAD","34 BAY VIEW RD","","","","","","",""
"","460 WESTON ROAD","460 WESTON RD","","","","","","",""
"","20 MARSHALL ROAD","20 MARSHALL RD","","","","","","",""
"","11 SHAW ROAD","11 SHAW RD","","","","","","",""
"","8 BAY VIEW ROAD","8 BAY VIEW RD","","","","","","",""
"","27 LATHROP ROAD","27 LATHROP RD","","","","","","",""
"","35 PEMBROKE ROAD","35 PEMBROKE RD","","","","","","",""
"","1 VISTA ROAD","1 VISTA RD","","","","","","",""
"","84 PLEASANT STREET","84 PLEASANT ST","","","","","","",""
"","42 EARLE ROAD","42 EARLE RD","","","","","","",""
"","4 LARCH ROAD","4 LARCH RD","","","","","","",""
"","34 CHESTERTON ROAD","34 CHESTERTON RD","","","","","","",""
"","10 RAVINE ROAD","10 RAVINE RD","","","","","","",""
"","89 MONADNOCK ROAD","89 MONADNOCK RD","","","","","","",""
"","18 BIRCH ROAD","18 BIRCH RD","","","","","","",""
"","37 FALMOUTH ROAD","37 FALMOUTH RD","","","","","","",""
"","10 BUCKNELL ROAD","10 BUCKNELL RD","","","","","","",""
"","23 LAWRENCE ROAD","23 LAWRENCE RD","","","","","","",""
"","20 CHESTERTON ROAD","20 CHESTERTON RD","","","","","","",""
"","32 CHESTERTON ROAD","32 CHESTERTON RD","","","","","","",""
"","62 HAMPSHIRE ROAD","62 HAMPSHIRE RD","","","","","","",""
"","32 UPSON ROAD","32 UPSON RD","","","","","","",""
"","105 ALBION ROAD","105 ALBION RD","","","","","","",""
"","28 STURBRIDGE ROAD","28 STURBRIDGE RD","","","","","","",""
"","26-28 FIELDSTONE WAY","26-28 FIELDSTONE WAY","","","","","","",""
"","9 WEDGWOOD ROAD","9 WEDGWOOD RD","","","","","","",""
"","20 WEDGWOOD ROAD","20 WEDGWOOD RD","","","","","","",""
"","7 MOUNTVIEW ROAD","7 MOUNTVIEW RD","","","","","","",""
"","287 OAKLAND STREET","287 OAKLAND ST","","","","","","",""
"","19 NORTHGATE ROAD","19 NORTHGATE RD","","","","","","",""
"","36 MACARTHUR ROAD","36 MACARTHUR RD","","","","","","",""
"","23 RUTGERS ROAD","23 RUTGERS RD","","","","","","",""
"","51 BEVERLY ROAD","51 BEVERLY RD","","","","","","",""
"","310 OAKLAND STREET","310 OAKLAND ST","","","","","","",""
"","177 HAMPSHIRE ROAD","177 HAMPSHIRE RD","","","","","","",""
"","86 PARKER ROAD","86 PARKER RD","","","","","","",""
"","45 WHITE OAK ROAD","45 WHITE OAK RD","","","","","","",""
"","365 WORCESTER STREET, WELLESLEY, MA 02481","365 WORCESTER ST WELLESLEY MA 02481","","","","","","",""
"","20 OAKLAND STREET","20 OAKLAND ST","","","","","","",""
"","34 GARRISON ROAD","34 GARRISON RD","","","","","","",""
"","30 HOBART ROAD","30 HOBART RD","","","","","","",""
"","11 ALBA ROAD","11 ALBA RD","","","","","","",""
"","60 WINDSOR ROAD","60 WINDSOR RD","","","","","","",""
"","35 GRANTLAND ROAD","35 GRANTLAND RD","","","","","","",""
"","11 LINCOLN ROAD","11 LINCOLN RD","","","","","","",""
"","44 CHESTERTON ROAD","44 CHESTERTON RD","","","","","","",""
"","68 YARMOUTH ROAD","68 YARMOUTH RD","","","","","","",""
"","68 PARKER ROAD","68 PARKER RD","","","","","","",""
"","10 LATHROP ROAD","10 LATHROP RD","","","","","","",""
"","37 CYPRESS ROAD","37 CYPRESS RD","","","","","","",""
"","9 PINEWOOD ROAD","9 PINEWOOD RD","","","","","","",""
"","50 LONGFELLOW ROAD","50 LONGFELLOW RD","","","","","","",""
"","68 STANDISH ROAD","68 STANDISH RD","","","","","","",""
"","115 WOODLAWN AVENUE","115 WOODLAWN AVE","","","","","","",""
"","22 BRADLEY AVENUE","22 BRADLEY AVE","","","","","","",""
"","36 AVON ROAD","36 AVON RD","","","","","","",""
"","765 WORCESTER STREET","765 WORCESTER ST","","","","","","",""
"","85 BENVENUE STREET","85 BENVENUE ST","","","","","","",""
"","25 OAK STREET","25 OAK ST","","","","","","",""
"","157 DOVER ROAD","157 DOVER RD","","","","","","",""
"","105 ELMWOOD ROAD","105 ELMWOOD RD","","","","","","",""
"","182 BRISTOL ROAD","182 BRISTOL RD","","","","","","",""
"","42 CRANMORE ROAD","42 CRANMORE RD","","","","","","",""
"","12 EDGEWATER DRIVE","12 EDGEWATER DR","","","","","","",""
"","10 GREAT PLAIN AVENUE","10 GREAT PLAIN AVE","","","","","","",""
"","60 LIVINGSTON ROAD","60 LIVINGSTON RD","","","","","","",""
"","29 MCLEAN STREET","29 MCLEAN ST","","","","","","",""
"","1 SUNNYSIDE AVENUE","1 SUNNYSIDE AVE","","","","","","",""
"","18 SPRAGUE ROAD","18 SPRAGUE RD","","","","","","",""
"","10 WALL STREET","10 WALL ST","","","","","","",""
"","29 MAURICE ROAD","29 MAURICE RD","","","","","","",""
"","169 WASHINGTON STREET","169 WASHINGTON ST","","","","","","",""
"","24 LARCH ROAD","24 LARCH RD","","","","","","",""
"","10 FIFE ROAD","10 FIFE RD","","","","","","",""
"","85 CEDAR STREET","85 CEDAR ST","","","","","","",""
"","38 PARKER ROAD","38 PARKER RD","","","","","","",""
"","91 PROSPECT STREET","91 PROSPECT ST","","","","","","",""
"","32 SOUTH WOODSIDE AVENUE","32 SOUTH WOODSIDE AVE","","","","","","",""
"","38 WOODCLIFF ROAD","38 WOODCLIFF RD","","","","","","",""
"","8 OAKDALE AVENUE","8 OAKDALE AVE","","","","","","",""
"","51 BOULDER BROOK ROAD","51 BOULDER BROOK RD","","","","","","",""
"","14 BIRD HILL AVENUE","14 BIRD HILL AVE","","","","","","",""
"","14 PRINCETON ROAD","14 PRINCETON RD","","","","","","",""
"","14 ALBA ROAD","14 ALBA RD","","","","","","",""
"","12 BIRD HILL AVENUE","12 BIRD HILL AVE","","","","","","",""
"","9 PEIRCE ROAD","9 PEIRCE RD","","","","","","",""
"","77 CARISBROOKE ROAD","77 CARISBROOKE RD","","","","","","",""
"","6 SOUTHGATE ROAD","6 SOUTHGATE RD","","","","","","",""
"","65 TEMPLE ROAD","65 TEMPLE RD","","","","","","",""
"","10 BIRD HILL AVENUE","10 BIRD HILL AVE","","","","","","",""
"","12 WILDON ROAD","12 WILDON RD","","","","","","",""
"","22 PRISCILLA CIRCLE","22 PRISCILLA CIR","","","","","","",""
"","21 FULLER BROOK ROAD","21 FULLER BROOK RD","","","","","","",""
"","44 COTTONWOOD ROAD","44 COTTONWOOD RD","","","","","","",""
"","2 DALE STREET","2 DALE ST","","","","","","",""
"","250 WESTON ROAD","250 WESTON RD","","","","","","",""
"","143 BROOK STREET","143 BROOK ST","","","","","","",""
"","206 BRISTOL ROAD","206 BRISTOL RD","","","","","","",""
"","36 BAY VIEW ROAD","36 BAY VIEW RD","","","","","","",""
"","16 WOODFIELD ROAD","16 WOODFIELD RD","","","","","","",""
"","32 BERNARD ROAD","32 BERNARD RD","","","","","","",""
"","108 ABBOTT ROAD","108 ABBOTT RD","","","","","","",""
"","32 KINGSBURY STREET","32 KINGSBURY ST","","","","","","",""
"","222 GROVE STREET","222 GROVE ST","","","","","","",""
"","10 INGERSOLL ROAD","10 INGERSOLL RD","","","","","","",""
"","3 CYPRESS ROAD","3 CYPRESS RD","","","","","","",""
"","41 AUDUBON ROAD","41 AUDUBON RD","","","","","","",""
"","15 LATHROP ROAD","15 LATHROP RD","","","","","","",""
"","67 OVERBROOK DRIVE","67 OVERBROOK DR","","","","","","",""
"","18 OLD COLONY ROAD","18 OLD COLONY RD","","","","","","",""
"","91 SEAVER STREET","91 SEAVER ST","","","","","","",""
"","93 SEAVER STREET","93 SEAVER ST","","","","","","",""
"","10 FIFE ROAD","10 FIFE RD","","","","","","",""
"","14 OAKENCROFT ROAD","14 OAKENCROFT RD","","","","","","",""
"","51 RADCLIFFE ROAD","51 RADCLIFFE RD","","","","","","",""
"","1 EDGEWATER DRIVE","1 EDGEWATER DR","","","","","","",""
"","30 FALMOUTH ROAD","30 FALMOUTH RD","","","","","","",""
"","12 PATTON ROAD","12 PATTON RD","","","","","","",""
"","68 YARMOUTH ROAD","68 YARMOUTH RD","","","","","","",""
"","19 TURNER ROAD","19 TURNER RD","","","","","","",""
"","26 YARMOUTH ROAD","26 YARMOUTH RD","","","","","","",""
"","76 BRISTOL ROAD","76 BRISTOL RD","","","","","","",""
"","161 CEDAR STREET","161 CEDAR ST","","","","","","",""
"","78 ARNOLD ROAD","78 ARNOLD RD","","","","","","",""
"","57 SHERIDAN ROAD","57 SHERIDAN RD","","","","","","",""
"","130 GREAT PLAIN AVENUE","130 GREAT PLAIN AVE","","","","","","",""
"","32 BOULDER BROOK ROAD","32 BOULDER BROOK RD","","","","","","",""
"","148 WALNUT STREET","148 WALNUT ST","","","","","","",""
"","86 MAYO ROAD","86 MAYO RD","","","","","","",""
"","30 LANTERN LANE","30 LANTERN LN","","","","","","",""
"","50 WASHBURN AVENUE","50 WASHBURN AVE","","","","","","",""
"","10 PARK AVENUE","10 PARK AVE","","","","","","",""
"","15 MAYO ROAD","15 MAYO RD","","","","","","",""
"","21 RIVERDALE ROAD","21 RIVERDALE RD","","","","","","",""
"","28 RIVER GLEN ROAD","28 RIVER GLEN RD","","","","","","",""
"","64 HALSEY AVENUE","64 HALSEY AVE","","","","","","",""
"","55-57 FIELDSTONE WAY","55-57 FIELDSTONE WAY","","","","","","",""
"","43-45 FIELDSTONE WAY","43-45 FIELDSTONE WAY","","","","","","",""
"","47-49 FIELDSTONE WAY","47-49 FIELDSTONE WAY","","","","","","",""
"","51-53 FIELDSTONE WAY","51-53 FIELDSTONE WAY","","","","","","",""
"","22 PATTON ROAD","22 PATTON RD","","","","","","",""
"","31 ELM STREET","31 ELM ST","","","","","","",""
"","32 LANTERN LANE","32 LANTERN LN","","","","","","",""
"","76 FAIRBANKS AVENUE","76 FAIRBANKS AVE","","","","","","",""
"","146 LOWELL ROAD","146 LOWELL RD","","","","","","",""
"","27 WESTGATE","27 WESTGATE","","","","","","",""
"","9 FRANKLIN ROAD","9 FRANKLIN RD","","","","","","",""
"","7 MASSASOIT ROAD","7 MASSASOIT RD","","","","","","",""
"","20 WILSON STREET","20 WILSON ST","","","","","","",""
"","173 WINDING RIVER ROAD","173 WINDING RIVER RD","","","","","","",""
"","39-41 FIELDSTONE WAY","39-41 FIELDSTONE WAY","","","","","","",""
"","139 OVERBROOK DRIVE","139 OVERBROOK DR","","","","","","",""
"","8 DEERFIELD ROAD","8 DEERFIELD RD","","","","","","",""
"","31-33 FIELDSTONE WAY","31-33 FIELDSTONE WAY","","","","","","",""
"","39 SKYLINE DRIVE","39 SKYLINE DR","","","","","","",""
"","35 RICE STREET","35 RICE ST","","","","","","",""
"","6 WILSON STREET","6 WILSON ST","","","","","","",""
"","93 BROOK STREET","93 BROOK ST","","","","","","",""
"","206 WINDING RIVER ROAD","206 WINDING RIVER RD","","","","","","",""
"","35-37 FIELDSTONE WAY","35-37 FIELDSTONE WAY","","","","","","",""
"","26 LANTERN LANE","26 LANTERN LN","","","","","","",""
"","11 WOODLAND ROAD","11 WOODLAND RD","","","","","","",""
"","9 DURANT ROAD","9 DURANT RD","","","","","","",""
"","26 LATHROP ROAD","26 LATHROP RD","","","","","","",""
"","20 WOODCHESTER ROAD","20 WOODCHESTER RD","","","","","","",""
"","40 PARK AVENUE","40 PARK AVE","","","","","","",""
"","24 BELAIR ROAD","24 BELAIR RD","","","","","","",""
"","8 DEXTER ROAD","8 DEXTER RD","","","","","","",""
"","7 ASHMONT ROAD","7 ASHMONT RD","","","","","","",""
"","21 GREYLOCK ROAD","21 GREYLOCK RD","","","","","","",""
"","60 AUDUBON ROAD","60 AUDUBON RD","","","","","","",""
"","18 BAY STATE ROAD","18 BAY STATE RD","","","","","","",""
"","10-12 FIELDSTONE WAY","10-12 FIELDSTONE WAY","","","","","","",""
"","36 OAKRIDGE ROAD","36 OAKRIDGE RD","","","","","","",""
"","24 PRISCILLA ROAD","24 PRISCILLA RD","","","","","","",""
"","38-40 FIELDSTONE WAY","38-40 FIELDSTONE WAY","","","","","","",""
"","6 HASTINGS STREET","6 HASTINGS ST","","","","","","",""
"","11 KENILWORTH ROAD","11 KENILWORTH RD","","","","","","",""
"","1 PICKEREL ROAD","1 PICKEREL RD","","","","","","",""
"","196 POND ROAD","196 POND RD","","","","","","",""
"","47 CROWN RIDGE ROAD","47 CROWN RIDGE RD","","","","","","",""
"","37 CYPRESS ROAD","37 CYPRESS RD","","","","","","",""
"","6 BRYN MAWR ROAD","6 BRYN MAWR RD","","","","","","",""
"","78 HUNDREDS ROAD","78 HUNDREDS RD","","","","","","",""
"","36 SHERIDAN ROAD","36 SHERIDAN RD","","","","","","",""
"","2 BUCKINGHAM TERRACE","2 BUCKINGHAM TER","","","","","","",""
"","15 THE WATERWAY","15 THE WATERWAY","","","","","","",""
"","80 HUNDREDS ROAD","80 HUNDREDS RD","","","","","","",""
"","21 MANSFIELD ROAD","21 MANSFIELD RD","","","","","","",""
"","36 PLEASANT STREET","36 PLEASANT ST","","","","","","",""
"","56 WESTGATE","56 WESTGATE","","","","","","",""
"","40 OLD FARM ROAD","40 OLD FARM RD","","","","","","",""
"","9 BELLEVUE ROAD","9 BELLEVUE RD","","","","","","",""
"","60 OAK STREET","60 OAK ST","","","","","","",""
"","23 BOBOLINK ROAD","23 BOBOLINK RD","","","","","","",""
"","41 CHESTNUT STREET","41 CHESTNUT ST","","","","","","",""
"","31 ATWOOD STREET","31 ATWOOD ST","","","","","","",""
"","8 HAMPSHIRE ROAD","8 HAMPSHIRE RD","","","","","","",""
"","17 ARDEN ROAD","17 ARDEN RD","","","","","","",""
"","65 PLEASANT STREET","65 PLEASANT ST","","","","","","",""
"","111 GREAT PLAIN AVENUE","111 GREAT PLAIN AVE","","","","","","",""
"","33-35 PLEASANT STREET","33-35 PLEASANT ST","","","","","","",""
"","6 WINSLOW ROAD","6 WINSLOW RD","","","","","","",""
"","30 DUNEDIN ROAD","30 DUNEDIN RD","","","","","","",""
"","36 PATTON ROAD","36 PATTON RD","","","","","","",""
"","22 SUFFOLK ROAD","22 SUFFOLK RD","","","","","","",""
"","34 BAY VIEW ROAD","34 BAY VIEW RD","","","","","","",""
"","460 WESTON ROAD","460 WESTON RD","","","","","","",""
"","20 MARSHALL ROAD","20 MARSHALL RD","","","","","","",""
"","11 SHAW ROAD","11 SHAW RD","","","","","","",""
"","8 BAY VIEW ROAD","8 BAY VIEW RD","","","","","","",""
"","27 LATHROP ROAD","27 LATHROP RD","","","","","","",""
"","35 PEMBROKE ROAD","35 PEMBROKE RD","","","","","","",""
"","1 VISTA ROAD","1 VISTA RD","","","","","","",""
"","84 PLEASANT STREET","84 PLEASANT ST","","","","","","",""
"","42 EARLE ROAD","42 EARLE RD","","","","","","",""
"","4 LARCH ROAD","4 LARCH RD","","","","","","",""
"","34 CHESTERTON ROAD","34 CHESTERTON RD","","","","","","",""
"","10 RAVINE ROAD","10 RAVINE RD","","","","","","",""
"","89 MONADNOCK ROAD","89 MONADNOCK RD","","","","","","",""
"","18 BIRCH ROAD","18 BIRCH RD","","","","","","",""
"","37 FALMOUTH ROAD","37 FALMOUTH RD","","","","","","",""
"","10 BUCKNELL ROAD","10 BUCKNELL RD","","","","","","",""
"","23 LAWRENCE ROAD","23 LAWRENCE RD","","","","","","",""
"","20 CHESTERTON ROAD","20 CHESTERTON RD","","","","","","",""
"","32 CHESTERTON ROAD","32 CHESTERTON RD","","","","","","",""
"","62 HAMPSHIRE ROAD","62 HAMPSHIRE RD","","","","","","",""
"","32 UPSON ROAD","32 UPSON RD","","","","","","",""
"","105 ALBION ROAD","105 ALBION RD","","","","","","",""
"","28 STURBRIDGE ROAD","28 STURBRIDGE RD","","","","","","",""
"","26-28 FIELDSTONE WAY","26-28 FIELDSTONE WAY","","","","","","",""
"","9 WEDGWOOD ROAD","9 WEDGWOOD RD","","","","","","",""
"","20 WEDGWOOD ROAD","20 WEDGWOOD RD","","","","","","",""
"","7 MOUNTVIEW ROAD","7 MOUNTVIEW RD","","","","","","",""
"","287 OAKLAND STREET","287 OAKLAND ST","","","","","","",""
"","19 NORTHGATE ROAD","19 NORTHGATE RD","","","","","","",""
"","36 MACARTHUR ROAD","36 MACARTHUR RD","","","","","","",""
"","23 RUTGERS ROAD","23 RUTGERS RD","","","","","","",""
"","51 BEVERLY ROAD","51 BEVERLY RD","","","","","","",""
"","310 OAKLAND STREET","310 OAKLAND ST","","","","","","",""
"","177 HAMPSHIRE ROAD","177 HAMPSHIRE RD","","","","","","",""
"","86 PARKER ROAD","86 PARKER RD","","","","","","",""
"","45 WHITE OAK ROAD","45 WHITE OAK RD","","","","","","",""
"","365 WORCESTER STREET, WELLESLEY, MA 02481","365 WORCESTER ST WELLESLEY MA 02481","","","","","","",""
"","20 OAKLAND STREET","20 OAKLAND ST","","","","","","",""
"","34 GARRISON ROAD","34 GARRISON RD","","","","","","",""
"","30 HOBART ROAD","30 HOBART RD","","","","","","",""
"","11 ALBA ROAD","11 ALBA RD","","","","","","",""
"","60 WINDSOR ROAD","60 WINDSOR RD","","","","","","",""
"","35 GRANTLAND ROAD","35 GRANTLAND RD","","","","","","",""
"","11 LINCOLN ROAD","11 LINCOLN RD","","","","","","",""
"","44 CHESTERTON ROAD","44 CHESTERTON RD","","","","","","",""
"","68 YARMOUTH ROAD","68 YARMOUTH RD","","","","","","",""
"","68 PARKER ROAD","68 PARKER RD","","","","","","",""
"","10 LATHROP ROAD","10 LATHROP RD","","","","","","",""
"","37 CYPRESS ROAD","37 CYPRESS RD","","","","","","",""
"","9 PINEWOOD ROAD","9 PINEWOOD RD","","","","","","",""
"","50 LONGFELLOW ROAD","50 LONGFELLOW RD","","","","","","",""
"","68 STANDISH ROAD","68 STANDISH RD","","","","","","",""
"","115 WOODLAWN AVENUE","115 WOODLAWN AVE","","","","","","",""
"","22 BRADLEY AVENUE","22 BRADLEY AVE","","","","","","",""
"","36 AVON ROAD","36 AVON RD","","","","","","",""
"","765 WORCESTER STREET","765 WORCESTER ST","","","","","","",""
"","85 BENVENUE STREET","85 BENVENUE ST","","","","","","",""
"","25 OAK STREET","25 OAK ST","","","","","","",""
"","157 DOVER ROAD","157 DOVER RD","","","","","","",""
"","105 ELMWOOD ROAD","105 ELMWOOD RD","","","","","","",""
"","182 BRISTOL ROAD","182 BRISTOL RD","","","","","","",""
"","42 CRANMORE ROAD","42 CRANMORE RD","","","","","","",""
"","12 EDGEWATER DRIVE","12 EDGEWATER DR","","","","","","",""
"","10 GREAT PLAIN AVENUE","10 GREAT PLAIN AVE","","","","","","",""
"","60 LIVINGSTON ROAD","60 LIVINGSTON RD","","","","","","",""
"","29 MCLEAN STREET","29 MCLEAN ST","","","","","","",""
"","1 SUNNYSIDE AVENUE","1 SUNNYSIDE AVE","","","","","","",""
"","18 SPRAGUE ROAD","18 SPRAGUE RD","","","","","","",""
"","10 WALL STREET","10 WALL ST","","","","","","",""
"","29 MAURICE ROAD","29 MAURICE RD","","","","","","",""
"","169 WASHINGTON STREET","169 WASHINGTON ST","","","","","","",""
"","24 LARCH ROAD","24 LARCH RD","","","","","","",""
"","10 FIFE ROAD","10 FIFE RD","","","","","","",""
"","85 CEDAR STREET","85 CEDAR ST","","","","","","",""
"","38 PARKER ROAD","38 PARKER RD","","","","","","",""
"","91 PROSPECT STREET","91 PROSPECT ST","","","","","","",""
"","32 SOUTH WOODSIDE AVENUE","32 SOUTH WOODSIDE AVE","","","","","","",""
"","38 WOODCLIFF ROAD","38 WOODCLIFF RD","","","","","","",""
"","8 OAKDALE AVENUE","8 OAKDALE AVE","","","","","","",""
"","51 BOULDER BROOK ROAD","51 BOULDER BROOK RD","","","","","","",""
"","14 BIRD HILL AVENUE","14 BIRD HILL AVE","","","","","","",""
"","14 PRINCETON ROAD","14 PRINCETON RD","","","","","","",""
"","14 ALBA ROAD","14 ALBA RD","","","","","","",""
"","12 BIRD HILL AVENUE","12 BIRD HILL AVE","","","","","","",""
"","9 PEIRCE ROAD","9 PEIRCE RD","","","","","","",""
"","77 CARISBROOKE ROAD","77 CARISBROOKE RD","","","","","","",""
"","6 SOUTHGATE ROAD","6 SOUTHGATE RD","","","","","","",""
"","65 TEMPLE ROAD","65 TEMPLE RD","","","","","","",""
"","10 BIRD HILL AVENUE","10 BIRD HILL AVE","","","","","","",""
"","12 WILDON ROAD","12 WILDON RD","","","","","","",""
"","22 PRISCILLA CIRCLE","22 PRISCILLA CIR","","","","","","",""
"","21 FULLER BROOK ROAD","21 FULLER BROOK RD","","","","","","",""
"","44 COTTONWOOD ROAD","44 COTTONWOOD RD","","","","","","",""
"","2 DALE STREET","2 DALE ST","","","","","","",""
"","250 WESTON ROAD","250 WESTON RD","","","","","","",""
"","143 BROOK STREET","143 BROOK ST","","","","","","",""
"","206 BRISTOL ROAD","206 BRISTOL RD","","","","","","",""
"","36 BAY VIEW ROAD","36 BAY VIEW RD","","","","","","",""
"","16 WOODFIELD ROAD","16 WOODFIELD RD","","","","","","",""
"","32 BERNARD ROAD","32 BERNARD RD","","","","","","",""
"","108 ABBOTT ROAD","108 ABBOTT RD","","","","","","",""
"","32 KINGSBURY STREET","32 KINGSBURY ST","","","","","","",""
"","222 GROVE STREET","222 GROVE ST","","","","","","",""
"","10 INGERSOLL ROAD","10 INGERSOLL RD","","","","","","",""
"","3 CYPRESS ROAD","3 CYPRESS RD","","","","","","",""
"","41 AUDUBON ROAD","41 AUDUBON RD","","","","","","",""
"","15 LATHROP ROAD","15 LATHROP RD","","","","","","",""
"","67 OVERBROOK DRIVE","67 OVERBROOK DR","","","","","","",""
"","18 OLD COLONY ROAD","18 OLD COLONY RD","","","","","","",""
"","91 SEAVER STREET","91 SEAVER ST","","","","","","",""
"","93 SEAVER STREET","93 SEAVER ST","","","","","","",""
"","10 FIFE ROAD","10 FIFE RD","","","","","","",""
"","14 OAKENCROFT ROAD","14 OAKENCROFT RD","","","","","","",""
"","51 RADCLIFFE ROAD","51 RADCLIFFE RD","","","","","","",""
"","7 MOUNTVIEW ROAD","7 MOUNTVIEW RD","","","","","","",""
"","287 OAKLAND STREET","287 OAKLAND ST","","","","","","",""
"","19 NORTHGATE ROAD","19 NORTHGATE RD","","","","","","",""
"","36 MACARTHUR ROAD","36 MACARTHUR RD","","","","","","",""
"","23 RUTGERS ROAD","23 RUTGERS RD","","","","","","",""
"","51 BEVERLY ROAD","51 BEVERLY RD","","","","","","",""
"","310 OAKLAND STREET","310 OAKLAND ST","","","","","","",""
"","177 HAMPSHIRE ROAD","177 HAMPSHIRE RD","","","","","","",""
"","86 PARKER ROAD","86 PARKER RD","","","","","","",""
"","45 WHITE OAK ROAD","45 WHITE OAK RD","","","","","","",""
"","365 WORCESTER STREET, WELLESLEY, MA 02481","365 WORCESTER ST WELLESLEY MA 02481","","","","","","",""
"","20 OAKLAND STREET","20 OAKLAND ST","","","","","","",""
"","34 GARRISON ROAD","34 GARRISON RD","","","","","","",""
"","30 HOBART ROAD","30 HOBART RD","","","","","","",""
"","11 ALBA ROAD","11 ALBA RD","","","","","","",""
"","60 WINDSOR ROAD","60 WINDSOR RD","","","","","","",""
"","35 GRANTLAND ROAD","35 GRANTLAND RD","","","","","","",""
"","11 LINCOLN ROAD","11 LINCOLN RD","","","","","","",""
"","44 CHESTERTON ROAD","44 CHESTERTON RD","","","","","","",""
"","68 YARMOUTH ROAD","68 YARMOUTH RD","","","","","","",""
"","68 PARKER ROAD","68 PARKER RD","","","","","","",""
"","10 LATHROP ROAD","10 LATHROP RD","","","","","","",""
"","37 CYPRESS ROAD","37 CYPRESS RD","","","","","","",""
"","9 PINEWOOD ROAD","9 PINEWOOD RD","","","","","","",""
"","50 LONGFELLOW ROAD","50 LONGFELLOW RD","","","","","","",""
"","68 STANDISH ROAD","68 STANDISH RD","","","","","","",""
"","115 WOODLAWN AVENUE","115 WOODLAWN AVE","","","","","","",""
"","22 BRADLEY AVENUE","22 BRADLEY AVE","","","","","","",""
"","36 AVON ROAD","36 AVON RD","","","","","","",""
"","765 WORCESTER STREET","765 WORCESTER ST","","","","","","",""
"","85 BENVENUE STREET","85 BENVENUE ST","","","","","","",""
"","25 OAK STREET","25 OAK ST","","","","","","",""
"","157 DOVER ROAD","157 DOVER RD","","","","","","",""
"","105 ELMWOOD ROAD","105 ELMWOOD RD","","","","","","",""
"","182 BRISTOL ROAD","182 BRISTOL RD","","","","","","",""
"","42 CRANMORE ROAD","42 CRANMORE RD","","","","","","",""
"","12 EDGEWATER DRIVE","12 EDGEWATER DR","","","","","","",""
"","10 GREAT PLAIN AVENUE","10 GREAT PLAIN AVE","","","","","","",""
"","60 LIVINGSTON ROAD","60 LIVINGSTON RD","","","","","","",""
"","29 MCLEAN STREET","29 MCLEAN ST","","","","","","",""
"","1 SUNNYSIDE AVENUE","1 SUNNYSIDE AVE","","","","","","",""
"","18 SPRAGUE ROAD","18 SPRAGUE RD","","","","","","",""
"","10 WALL STREET","10 WALL ST","","","","","","",""
"","29 MAURICE ROAD","29 MAURICE RD","","","","","","",""
"","1 EDGEWATER DRIVE","1 EDGEWATER DR","","","","","","",""
"","30 FALMOUTH ROAD","30 FALMOUTH RD","","","","","","",""
"","12 PATTON ROAD","12 PATTON RD","","","","","","",""
"","68 YARMOUTH ROAD","68 YARMOUTH RD","","","","","","",""
"","19 TURNER ROAD","19 TURNER RD","","","","","","",""
"","26 YARMOUTH ROAD","26 YARMOUTH RD","","","","","","",""
"","76 BRISTOL ROAD","76 BRISTOL RD","","","","","","",""
"","161 CEDAR STREET","161 CEDAR ST","","","","","","",""
"","78 ARNOLD ROAD","78 ARNOLD RD","","","","","","",""
"","57 SHERIDAN ROAD","57 SHERIDAN RD","","","","","","",""
"","130 GREAT PLAIN AVENUE","130 GREAT PLAIN AVE","","","","","","",""
"","32 BOULDER BROOK ROAD","32 BOULDER BROOK RD","","","","","","",""
"","148 WALNUT STREET","148 WALNUT ST","","","","","","",""
"","86 MAYO ROAD","86 MAYO RD","","","","","","",""
"","30 LANTERN LANE","30 LANTERN LN","","","","","","",""
"","50 WASHBURN AVENUE","50 WASHBURN AVE","","","","","","",""
"","10 PARK AVENUE","10 PARK AVE","","","","","","",""
"","15 MAYO ROAD","15 MAYO RD","","","","","","",""
"","21 RIVERDALE ROAD","21 RIVERDALE RD","","","","","","",""
"","28 RIVER GLEN ROAD","28 RIVER GLEN RD","","","","","","",""
"","64 HALSEY AVENUE","64 HALSEY AVE","","","","","","",""
"","55-57 FIELDSTONE WAY","55-57 FIELDSTONE WAY","","","","","","",""
"","43-45 FIELDSTONE WAY","43-45 FIELDSTONE WAY","","","","","","",""
"","47-49 FIELDSTONE WAY","47-49 FIELDSTONE WAY","","","","","","",""
"","51-53 FIELDSTONE WAY","51-53 FIELDSTONE WAY","","","","","","",""
"","22 PATTON ROAD","22 PATTON RD","","","","","","",""
"","31 ELM STREET","31 ELM ST","","","","","","",""
"","32 LANTERN LANE","32 LANTERN LN","","","","","","",""
"","76 FAIRBANKS AVENUE","76 FAIRBANKS AVE","","","","","","",""
"","146 LOWELL ROAD","146 LOWELL RD","","","","","","",""
"","27 WESTGATE","27 WESTGATE","","","","","","",""
"","9 FRANKLIN ROAD","9 FRANKLIN RD","","","","","","",""
"","7 MASSASOIT ROAD","7 MASSASOIT RD","","","","","","",""
"","20 WILSON STREET","20 WILSON ST","","","","","","",""
"","173 WINDING RIVER ROAD","173 WINDING RIVER RD","","","","","","",""
"","39-41 FIELDSTONE WAY","39-41 FIELDSTONE WAY","","","","","","",""
"","139 OVERBROOK DRIVE","139 OVERBROOK DR","","","","","","",""
"","8 DEERFIELD ROAD","8 DEERFIELD RD","","","","","","",""
"","31-33 FIELDSTONE WAY","31-33 FIELDSTONE WAY","","","","","","",""
"","39 SKYLINE DRIVE","39 SKYLINE DR","","","","","","",""
"","35 RICE STREET","35 RICE ST","","","","","","",""
"","6 WILSON STREET","6 WILSON ST","","","","","","",""
"","93 BROOK STREET","93 BROOK ST","","","","","","",""
"","206 WINDING RIVER ROAD","206 WINDING RIVER RD","","","","","","",""
"","35-37 FIELDSTONE WAY","35-37 FIELDSTONE WAY","","","","","","",""
"","26 LANTERN LANE","26 LANTERN LN","","","","","","",""
"","11 WOODLAND ROAD","11 WOODLAND RD","","","","","","",""
"","9 DURANT ROAD","9 DURANT RD","","","","","","",""
"","26 LATHROP ROAD","26 LATHROP RD","","","","","","",""
"","20 WOODCHESTER ROAD","20 WOODCHESTER RD","","","","","","",""
"","40 PARK AVENUE","40 PARK AVE","","","","","","",""
"","24 BELAIR ROAD","24 BELAIR RD","","","","","","",""
"","8 DEXTER ROAD","8 DEXTER RD","","","","","","",""
"","7 ASHMONT ROAD","7 ASHMONT RD","","","","","","",""
"","21 GREYLOCK ROAD","21 GREYLOCK RD","","","","","","",""
"","60 AUDUBON ROAD","60 AUDUBON RD","","","","","","",""
"","18 BAY STATE ROAD","18 BAY STATE RD","","","","","","",""
"","10-12 FIELDSTONE WAY","10-12 FIELDSTONE WAY","","","","","","",""
"","36 OAKRIDGE ROAD","36 OAKRIDGE RD","","","","","","",""
"","24 PRISCILLA ROAD","24 PRISCILLA RD","","","","","","",""
"","38-40 FIELDSTONE WAY","38-40 FIELDSTONE WAY","","","","","","",""
"","6 HASTINGS STREET","6 HASTINGS ST","","","","","","",""
"","11 KENILWORTH ROAD","11 KENILWORTH RD","","","","","","",""
"","1 PICKEREL ROAD","1 PICKEREL RD","","","","","","",""
"","196 POND ROAD","196 POND RD","","","","","","",""
"","47 CROWN RIDGE ROAD","47 CROWN RIDGE RD","","","","","","",""
"","37 CYPRESS ROAD","37 CYPRESS RD","","","","","","",""
"","6 BRYN MAWR ROAD","6 BRYN MAWR RD","","","","","","",""
"","78 HUNDREDS ROAD","78 HUNDREDS RD","","","","","","",""
"","36 SHERIDAN ROAD","36 SHERIDAN RD","","","","","","",""
"","2 BUCKINGHAM TERRACE","2 BUCKINGHAM TER","","","","","","",""
"","15 THE WATERWAY","15 THE WATERWAY","","","","","","",""
"","80 HUNDREDS ROAD","80 HUNDREDS RD","","","","","","",""
"","21 MANSFIELD ROAD","21 MANSFIELD RD","","","","","","",""
"","36 PLEASANT STREET","36 PLEASANT ST","","","","","","",""
"","56 WESTGATE","56 WESTGATE","","","","","","",""
"","40 OLD FARM ROAD","40 OLD FARM RD","","","","","","",""
"","9 BELLEVUE ROAD","9 BELLEVUE RD","","","","","","",""
"","60 OAK STREET","60 OAK ST","","","","","","",""
"","23 BOBOLINK ROAD","23 BOBOLINK RD","","","","","","",""
"","41 CHESTNUT STREET","41 CHESTNUT ST","","","","","","",""
"","31 ATWOOD STREET","31 ATWOOD ST","","","","","","",""
"","8 HAMPSHIRE ROAD","8 HAMPSHIRE RD","","","","","","",""
"","17 ARDEN ROAD","17 ARDEN RD","","","","","","",""
"","65 PLEASANT STREET","65 PLEASANT ST","","","","","","",""
"","111 GREAT PLAIN AVENUE","111 GREAT PLAIN AVE","","","","","","",""
"","33-35 PLEASANT STREET","33-35 PLEASANT ST","","","","","","",""
"","6 WINSLOW ROAD","6 WINSLOW RD","","","","","","",""
"","30 DUNEDIN ROAD","30 DUNEDIN RD","","","","","","",""
"","36 PATTON ROAD","36 PATTON RD","","","","","","",""
"","22 SUFFOLK ROAD","22 SUFFOLK RD","","","","","","",""
"","34 BAY VIEW ROAD","34 BAY VIEW RD","","","","","","",""
"","460 WESTON ROAD","460 WESTON RD","","","","","","",""
"","20 MARSHALL ROAD","20 MARSHALL RD","","","","","","",""
"","11 SHAW ROAD","11 SHAW RD","","","","","","",""
"","8 BAY VIEW ROAD","8 BAY VIEW RD","","","","","","",""
"","27 LATHROP ROAD","27 LATHROP RD","","","","","","",""
"","35 PEMBROKE ROAD","35 PEMBROKE RD","","","","","","",""
"","1 VISTA ROAD","1 VISTA RD","","","","","","",""
"","84 PLEASANT STREET","84 PLEASANT ST","","","","","","",""
"","42 EARLE ROAD","42 EARLE RD","","","","","","",""
"","4 LARCH ROAD","4 LARCH RD","","","","","","",""
"","34 CHESTERTON ROAD","34 CHESTERTON RD","","","","","","",""
"","10 RAVINE ROAD","10 RAVINE RD","","","","","","",""
"","89 MONADNOCK ROAD","89 MONADNOCK RD","","","","","","",""
"","","","","","","","","",""
"","18 BIRCH ROAD","18 BIRCH RD","","","","","","",""
"","37 FALMOUTH ROAD","37 FALMOUTH RD","","","","","","",""
"","10 BUCKNELL ROAD","10 BUCKNELL RD","","","","","","",""
"","23 LAWRENCE ROAD","23 LAWRENCE RD","","","","","","",""
"","20 CHESTERTON ROAD","20 CHESTERTON RD","","","","","","",""
"","32 CHESTERTON ROAD","32 CHESTERTON RD","","","","","","",""
"","62 HAMPSHIRE ROAD","62 HAMPSHIRE RD","","","","","","",""
"","","","","","","","","",""
"","32 UPSON ROAD","32 UPSON RD","","","","","","",""
"","105 ALBION ROAD","105 ALBION RD","","","","","","",""
"","28 STURBRIDGE ROAD","28 STURBRIDGE RD","","","","","","",""
"","26-28 FIELDSTONE WAY","26-28 FIELDSTONE WAY","","","","","","",""
"","9 WEDGWOOD ROAD","9 WEDGWOOD RD","","","","","","",""
"","20 WEDGWOOD ROAD","20 WEDGWOOD RD","","","","","","",""
"","169 WASHINGTON STREET","169 WASHINGTON ST","","","","","","",""
"","24 LARCH ROAD","24 LARCH RD","","","","","","",""
"","10 FIFE ROAD","10 FIFE RD","","","","","","",""
"","85 CEDAR STREET","85 CEDAR ST","","","","","","",""
"","38 PARKER ROAD","38 PARKER RD","","","","","","",""
"","91 PROSPECT STREET","91 PROSPECT ST","","","","","","",""
"","32 SOUTH WOODSIDE AVENUE","32 SOUTH WOODSIDE AVE","","","","","","",""
"","38 WOODCLIFF ROAD","38 WOODCLIFF RD","","","","","","",""
"","8 OAKDALE AVENUE","8 OAKDALE AVE","","","","","","",""
"","51 BOULDER BROOK ROAD","51 BOULDER BROOK RD","","","","","","",""
"","14 BIRD HILL AVENUE","14 BIRD HILL AVE","","","","","","",""
"","14 PRINCETON ROAD","14 PRINCETON RD","","","","","","",""
"","14 ALBA ROAD","14 ALBA RD","","","","","","",""
"","12 BIRD HILL AVENUE","12 BIRD HILL AVE","","","","","","",""
"","9 PEIRCE ROAD","9 PEIRCE RD","","","","","","",""
"","77 CARISBROOKE ROAD","77 CARISBROOKE RD","","","","","","",""
"","6 SOUTHGATE ROAD","6 SOUTHGATE RD","","","","","","",""
"","65 TEMPLE ROAD","65 TEMPLE RD","","","","","","",""
"","10 BIRD HILL AVENUE","10 BIRD HILL AVE","","","","","","",""
"","12 WILDON ROAD","12 WILDON RD","","","","","","",""
"","22 PRISCILLA CIRCLE","22 PRISCILLA CIR","","","","","","",""
"","21 FULLER BROOK ROAD","21 FULLER BROOK RD","","","","","","",""
"","44 COTTONWOOD ROAD","44 COTTONWOOD RD","","","","","","",""
"","2 DALE STREET","2 DALE ST","","","","","","",""
"","250 WESTON ROAD","250 WESTON RD","","","","","","",""
"","143 BROOK STREET","143 BROOK ST","","","","","","",""
"","206 BRISTOL ROAD","206 BRISTOL RD","","","","","","",""
"","36 BAY VIEW ROAD","36 BAY VIEW RD","","","","","","",""
"","16 WOODFIELD ROAD","16 WOODFIELD RD","","","","","","",""
"","32 BERNARD ROAD","32 BERNARD RD","","","","","","",""
"","108 ABBOTT ROAD","108 ABBOTT RD","","","","","","",""
"","32 KINGSBURY STREET","32 KINGSBURY ST","","","","","","",""
"","222 GROVE STREET","222 GROVE ST","","","","","","",""
"","10 INGERSOLL ROAD","10 INGERSOLL RD","","","","","","",""
"","3 CYPRESS ROAD","3 CYPRESS RD","","","","","","",""
"","41 AUDUBON ROAD","41 AUDUBON RD","","","","","","",""
"","15 LATHROP ROAD","15 LATHROP RD","","","","","","",""
"","67 OVERBROOK DRIVE","67 OVERBROOK DR","","","","","","",""
"","18 OLD COLONY ROAD","18 OLD COLONY RD","","","","","","",""
"","91 SEAVER STREET","91 SEAVER ST","","","","","","",""
"","93 SEAVER STREET","93 SEAVER ST","","","","","","",""
"","10 FIFE ROAD","10 FIFE RD","","","","","","",""
"","14 OAKENCROFT ROAD","14 OAKENCROFT RD","","","","","","",""
"","51 RADCLIFFE ROAD","51 RADCLIFFE RD","","","","","","",""
"73353510","184 Cliff Road 6 6","184 CLIFF RD 6 6","2025-04-01","2025-04-17","2025-09-29","15750000","","14663","2014"
"73077635","15 Valley Road 6 8","15 VALLEY RD 6 8","2023-02-08","2023-02-27","2023-05-14","10750000","","13501","2012"
"73295182","121 Livingston Road 6 7","121 LIVINGSTON RD 6 7","2024-09-25","2024-11-17","2025-01-08","7995000","","10090","2006"
"73285093","42 Cranmore Road 6 6","42 CRANMORE RD 6 6","2024-09-03","2025-01-01","2025-01-14","7988800","","8200","2024"
"73221156","15 Croton Street 5 6","15 CROTON ST 5 6","2024-04-07","2024-05-04","2024-05-29","6795000","","8725","2015"
"73332851","55 Old Farm Road 6 8","55 OLD FARM RD 6 8","2025-02-04","2025-04-29","2025-05-28","6650000","","8211","2013"
"73435262","108 Abbott Road 6 6","108 ABBOTT RD 6 6","2025-09-23","2025-10-09","2025-11-11","6495000","","7037","2025"
"73365607","9 Bellevue Road 6 6","9 BELLEVUE RD 6 6","2025-04-27","2025-07-02","2025-08-21","6495000","","7569","2025"
"73382950","15 Lathrop Rd 6 5","15 LATHROP RD 6 5","2025-05-29","2025-06-11","2025-06-29","6290000","","8108","2025"
"73371325","1 Old Farm Rd 6 4","1 OLD FARM RD 6 4","2025-05-06","2025-06-13","2025-08-03","6250000","","7391","2000"
"73153553","115 Woodlawn Ave 5 5","115 WOODLAWN AVE 5 5","2023-08-28","2023-08-30","2023-12-17","6200000","","5800","2023"
"73426351","7 Mountview Rd 6 5","7 MOUNTVIEW RD 6 5","2025-09-03","2025-11-02","2025-12-10","6199000","","7400","2025"
"73034524","89 Monadnock Road 6 6","89 MONADNOCK RD 6 6","2022-09-07","2023-01-23","2023-09-07","6195000","","8100","2022"
"73365348","11 Falmouth Rd 6 7","11 FALMOUTH RD 6 7","2025-04-27","2025-05-02","2025-08-17","6150000","","8012","2016"
"73088905","55 Ridge Hill Farm Rd 5 5","55 RIDGE HILL FARM RD 5 5","2023-03-16","2023-04-07","2023-06-25","6100000","","8700","2011"
"73045783","31 Cranmore Road 6 5","31 CRANMORE RD 6 5","2022-10-06","2023-07-25","2023-08-20","6000000","","7500","2022"
"73206848","149 Benvenue 5 6","149 BENVENUE 5 6","2024-02-28","2024-06-23","2024-08-07","5950000","","8000","1913"
"73383236","236 Grove Street 6 7","236 GROVE ST 6 7","2025-05-30","2025-06-29","2025-08-14","5925000","","9020","2007"
"73075343","120 Dover Road 6 6","120 DOVER RD 6 6","2023-01-31","2023-02-10","2023-06-12","5895000","","9223","2007"
"72977903","26 Yarmouth Rd 6 6","26 YARMOUTH RD 6 6","2022-05-06","2022-05-22","2024-01-01","5895000","","7630","2022"
"73126432","37 Cypress Road 6 6","37 CYPRESS RD 6 6","2023-06-18","2023-06-20","2024-04-10","5795000","","7932","2023"
"73082401","39 Cypress Road 6 6","39 CYPRESS RD 6 6","2023-02-27","2023-04-05","2023-10-26","5795000","","8522","2023"
"73131961","78 Arnold Road 6 6","78 ARNOLD RD 6 6","2023-07-04","2023-08-15","2023-08-31","5775000","","9215","2023"
"73351020","15 Sumner Road 6 5","15 SUMNER RD 6 5","2025-03-26","2025-05-07","2025-08-10","5595000","","7817","1925"
"73204119","123 Abbott Road 6 6","123 ABBOTT RD 6 6","2024-02-20","2024-03-12","2024-06-16","5595000","","7424","1902"
"73253479","182 Bristol Rd 7 6","182 BRISTOL RD 7 6","2024-06-16","2024-09-16","2024-11-07","5495000","","8200","2024"
"73215620","18 Old Colony Rd 5 6","18 OLD COLONY RD 5 6","2024-03-21","2024-03-25","2025-06-10","5495000","","7417","2025"
"73297001","165 Cliff Rd 6 5","165 CLIFF RD 6 5","2024-09-30","2024-11-30","2025-01-14","5400000","","11041","1930"
"73286562","38 Old Farm Rd 6 6","38 OLD FARM RD 6 6","2024-09-05","2024-09-22","2024-10-22","5350000","","7800","2023"
"73200930","80 Hundreds Road 6 7","80 HUNDREDS RD 6 7","2024-02-07","2024-04-05","2024-05-22","5299900","","6905","2023"
"73374644","11 Greylock Rd 4 5","11 GREYLOCK RD 4 5","2025-05-13","2025-05-17","2025-06-23","5250000","","7408","1995"
"73200340","60 Abbott Rd 6 5","60 ABBOTT RD 6 5","2024-02-06","2024-02-15","2024-06-02","5250000","","9260","1902"
"73306394","51 Radcliffe Road 6 7","51 RADCLIFFE RD 6 7","2024-10-24","2025-04-16","2025-05-29","5199000","","7886","2024"
"73340360","36 Oakridge Rd 6 6","36 OAKRIDGE RD 6 6","2025-03-02","2025-11-04","2025-12-03","4999000","","7029","2021"
"73445125","56 Ledgeways 6 6","56 LEDGEWAYS 6 6","2025-10-16","2025-11-09","2025-11-30","4975000","","7000","1983"
"73425728","6 Southgate Road 6 6","6 SOUTHGATE RD 6 6","2025-09-03","2025-10-01","2025-10-29","4895000","","7500","2025"
"73092766","15 Woodcliff Rd 6 6","15 WOODCLIFF RD 6 6","2023-03-28","2023-04-02","2023-05-29","4895000","","8430","1933"
"73069870","17 Arden Rd 6 5","17 ARDEN RD 6 5","2023-01-10","2023-01-14","2023-04-26","4895000","","7424","2023"
"73139408","18 Valley Road 4 3","18 VALLEY RD 4 3","2023-07-20","2024-01-21","2024-04-15","4750000","","5018","1931"
"73425349","26 White Oak Road 5 4","26 WHITE OAK RD 5 4","2025-09-02","2025-09-06","2025-10-13","4695000","","6160","1959"
"73345670","30 Hobart Rd 7 6","30 HOBART RD 7 6","2025-03-13","2025-07-28","2025-11-11","4695000","","6800","2025"
"73198420","77 Forest St 5 6","77 FOREST ST 5 6","2024-01-31","2024-04-28","2024-06-10","4695000","","7034","1927"
"73123150","22 Suffolk Rd 7 6","22 SUFFOLK RD 7 6","2023-06-08","2023-10-05","2023-12-18","4695000","","7200","2023"
"72973384","76 Bristol Road 6 6","76 BRISTOL RD 6 6","2022-04-27","2023-06-07","2023-06-29","4600000","","7800","2022"
"73073458","117 Abbott Road 6 6","117 ABBOTT RD 6 6","2023-01-24","2023-02-26","2023-04-12","4599000","","7555","1919"
"73425035","15 Essex Rd 6 6","15 ESSEX RD 6 6","2025-09-02","2025-10-08","2025-12-10","4595000","","7577","2010"
"73366917","22 Temple Road 5 5","22 TEMPLE RD 5 5","2025-04-29","2025-05-04","2025-07-13","4595000","","6300","2020"
"73102928","55 Edmunds Rd 6 6","55 EDMUNDS RD 6 6","2023-04-24","2023-05-03","2023-07-31","4590000","","7719","2014"
"73342045","5 Sabrina Rd 7 7","5 SABRINA RD 7 7","2025-03-05","2025-03-07","2025-05-15","4495000","","7000","2000"
"73222141","85 Benvenue Street 6 6","85 BENVENUE ST 6 6","2024-04-09","2024-06-10","2024-06-25","4495000","","7749","2023"
"73097780","19 Longmeadow Rd 6 7","19 LONGMEADOW RD 6 7","2023-04-11","2023-08-02","2023-09-07","4495000","","8748","2017"
"73432485","6 Norwich Rd 6 7","6 NORWICH RD 6 7","2025-09-17","2025-10-19","2025-12-02","4485000","","8008","2017"
"73218121","91 Hundreds Road 4 5","91 HUNDREDS RD 4 5","2024-03-31","2024-04-08","2024-07-25","4395000","","4190","1926"
"73426617","193 Winding River Road 5 4","193 WINDING RIVER RD 5 4","2025-09-04","2025-09-07","2025-11-16","4375000","","7000","1964"
"73225526","241 Bristol Rd 5 6","241 BRISTOL RD 5 6","2024-04-17","2024-04-22","2024-05-29","4300000","","6558","2016"
"73345077","10 Lanark Road 6 3","10 LANARK RD 6 3","2025-03-12","2025-03-13","2025-07-09","4295000","","6996","1932"
"73359268","10 Taylor Road 7 5","10 TAYLOR RD 7 5","2025-04-13","2025-04-15","2025-07-22","4250000","","6888","1999"
"73102933","8 Hampshire Road 5 6","8 HAMPSHIRE RD 5 6","2023-04-24","2023-10-14","2023-11-02","4250000","","6850","2023"
"73086484","10 Clark Rd 6 6","10 CLARK RD 6 6","2023-03-09","2023-03-11","2023-07-26","4250000","","6148","1927"
"73069968","111 Livingston Rd 5 6","111 LIVINGSTON RD 5 6","2023-01-10","2023-02-28","2023-05-29","4250000","","6383","1990"
"73124828","22 Oakridge 5 5","22 OAKRIDGE 5 5","2023-06-13","2023-09-22","2023-11-29","3995000","","7336","2017"
"73102935","110 Hundreds Road 5 4","110 HUNDREDS RD 5 4","2023-04-24","2023-10-01","2023-11-12","3975000","","4927","1928"
"73179298","39 Temple Road 5 6","39 TEMPLE RD 5 6","2023-11-08","2023-11-12","2024-01-17","3945000","","6825","2010"
"73348574","78 Hundreds Road 6 7","78 HUNDREDS RD 6 7","2025-03-20","2025-04-04","2025-05-08","3899900","","6310","2024"
"73424442","10 Bird Hill Ave 5 5","10 BIRD HILL AVE 5 5","2025-09-01","2025-11-11","2025-12-02","3895000","","5833","2025"
"73418637","14 Bird Hill Ave 5 5","14 BIRD HILL AVE 5 5","2025-08-14","2025-08-15","2025-10-23","3895000","","5833","2025"
"73219678","17 Ravine Road 5 4","17 RAVINE RD 5 4","2024-04-02","2024-04-07","2024-06-27","3895000","","4401","1939"
"73103597","53 Maugus Hill Road 6 8","53 MAUGUS HILL RD 6 8","2023-04-25","2023-04-27","2023-05-31","3895000","","9171","2007"
"73062761","20 Wedgwood Rd 5 4","20 WEDGWOOD RD 5 4","2022-12-03","2023-06-03","2023-07-11","3888000","","6000","2022"
"73340295","143 Brook St 6 5","143 BROOK ST 6 5","2025-03-02","2025-03-03","2025-04-29","3850000","","6223","2024"
"73427632","9 Ravine 1 1","9 RAVINE 1 1","2025-09-07","2025-09-21","2025-10-02","3800000","","3900","2016"
"73375457","50 Temple Rd 5 5","50 TEMPLE RD 5 5","2025-05-14","2025-05-30","2025-08-11","3800000","","7662","2007"
"73092774","92 Old Colony Road 5 4","92 OLD COLONY RD 5 4","2023-03-28","2023-03-31","2023-07-31","3800000","","5694","1937"
"73073817","36 Ridge Hill Farm 5 4","36 RIDGE HILL FARM 5 4","2023-01-25","2023-02-13","2023-04-02","3800000","","7501","1964"
"73346403","21 Cushing Road 5 4","21 CUSHING RD 5 4","2025-03-16","2025-03-29","2025-04-30","3790000","","4558","1909"
"73382873","36 Old Farm Rd 5 5","36 OLD FARM RD 5 5","2025-05-29","2025-06-10","2025-07-30","3765000","","5359","1935"
"73397608","22 Priscilla Cir 6 5","22 PRISCILLA CIR 6 5","2025-06-26","2025-09-02","2025-10-21","3695000","","5900","2025"
"73339644","10 Livingston Rd 5 5","10 LIVINGSTON RD 5 5","2025-02-27","2025-02-28","2025-04-02","3695000","","4863","1988"
"73219274","14 Plymouth Rd 5 4","14 PLYMOUTH RD 5 4","2024-04-02","2024-04-05","2024-08-08","3695000","","5000","1937"
"73082877","178 Lowell Road 5 4","178 LOWELL RD 5 4","2023-02-28","2023-03-03","2023-06-04","3650000","","6253","2008"
"73079494","45 Westgate Rd 5 4","45 WESTGATE RD 5 4","2023-02-22","2023-02-25","2023-05-02","3650000","","6275","2010"
"73189546","7 Ingersoll Rd 5 5","7 INGERSOLL RD 5 5","2023-12-30","2023-12-31","2024-02-29","3625000","","6536","2012"
"73357594","18 Park Avenue 5 6","18 PARK AVE 5 6","2025-04-08","2025-04-11","2025-06-12","3595000","","5512","2015"
"73310161","10 Great Plain Ave 6 6","10 GREAT PLAIN AVE 6 6","2024-11-05","2025-04-25","2025-05-27","3595000","","8228","2024"
"73293901","19 Sheridan Rd 5 5","19 SHERIDAN RD 5 5","2024-09-23","2024-09-28","2024-11-25","3595000","","6240","2013"
"73272350","105 Elmwood Road 4 4","105 ELMWOOD RD 4 4","2024-07-31","2024-08-08","2024-08-30","3500000","","5471","2024"
"73240509","16 Upland Road 6 5","16 UPLAND RD 6 5","2024-05-19","2024-05-22","2024-08-28","3500000","","4960","1920"
"73288356","10 Benton Street 5 5","10 BENTON ST 5 5","2024-09-10","2024-09-15","2024-11-05","3495000","","4655","1925"
"73283930","5 Beard Way 7 6","5 BEARD WAY 7 6","2024-09-02","2024-09-05","2024-10-24","3495000","","7297","2004"
"73280465","21 Colburn Rd 6 6","21 COLBURN RD 6 6","2024-08-20","2024-10-01","2025-03-06","3495000","","6000","1929"
"73227294","130 Great Plain Ave 5 5","130 GREAT PLAIN AVE 5 5","2024-04-22","2024-05-13","2024-06-25","3495000","","7162","2023"
"73121912","60 Damien Rd 5 6","60 DAMIEN RD 5 6","2023-06-06","2023-06-13","2023-09-18","3495000","","5596","1935"
"73088117","5 Rockridge Road 5 4","5 ROCKRIDGE RD 5 4","2023-03-14","2023-03-20","2023-03-30","3495000","","5151","1929"
"73206758","196 Washington St 5 4","196 WASHINGTON ST 5 4","2024-02-27","2024-03-05","2024-05-29","3450000","","5150","1869"
"73207063","34 Chesterton Road 5 4","34 CHESTERTON RD 5 4","2024-02-28","2024-03-11","2024-04-30","3425000","","4781","2023"
"73209281","14 Rockridge Rd 6 5","14 ROCKRIDGE RD 6 5","2024-03-05","2024-03-06","2024-06-27","3400000","","5030","1938"
"73363105","1 Beard Way 5 5","1 BEARD WAY 5 5","2025-04-22","2025-05-05","2025-07-17","3399500","","6695","2001"
"73350340","202 Bristol Road 6 7","202 BRISTOL RD 6 7","2025-03-25","2025-03-28","2025-07-13","3395000","","6156","2001"
"73233761","23 Wall Street 4 4","23 WALL ST 4 4","2024-05-05","2024-06-10","2024-07-28","3395000","","4620","2014"
"73091519","7 Appian Dr 5 6","7 APPIAN DR 5 6","2023-03-26","2023-03-28","2023-05-24","3395000","","4195","1976"
"73073849","149 Bristol Road 5 4","149 BRISTOL RD 5 4","2023-01-25","2023-02-27","2023-03-21","3395000","","5000","2010"
"73055198","21 Cushing Rd 5 4","21 CUSHING RD 5 4","2022-11-02","2023-01-18","2023-02-26","3395000","","4558","1909"
"73452790","32 Twitchell St 6 4","32 TWITCHELL ST 6 4","2025-11-06","2025-11-13","2026-01-07","3375000","","6364","2006"
"73213037","27 College Road 6 5","27 COLLEGE RD 6 5","2024-03-14","2024-04-13","2024-06-12","3299000","","3940","1997"
"73444537","51 Boulder Brook Rd 5 4","51 BOULDER BROOK RD 5 4","2025-10-15","2025-10-26","2025-12-08","3298000","","4947","2025"
"73431026","32 S. Woodside Ave 5 4","32 S WOODSIDE AVE 5 4","2025-09-14","2025-09-16","2025-10-07","3295000","","4612","2025"
"73425312","38 Fuller Brook Rd 6 5","38 FULLER BROOK RD 6 5","2025-09-02","2025-09-09","2025-11-04","3295000","","5991","2000"
"73373138","1 Fletcher Rd 6 5","1 FLETCHER RD 6 5","2025-05-11","2025-05-15","2025-08-07","3295000","","4897","1920"
"73356909","69 Forest St 4 4","69 FOREST ST 4 4","2025-04-08","2025-04-11","2025-07-31","3295000","","4200","2017"
"73348039","5 Cliff Road 5 4","5 CLIFF RD 5 4","2025-03-19","2025-04-18","2025-07-01","3295000","","5210","1868"
"73347550","24 Jackson Rd 6 4","24 JACKSON RD 6 4","2025-03-18","2025-03-22","2025-06-15","3295000","","5317","2013"
"73326568","19 Abbott Rd 5 4","19 ABBOTT RD 5 4","2025-01-14","2025-01-16","2025-02-17","3295000","","5100","1895"
"73268773","64 Yarmouth Rd 5 3","64 YARMOUTH RD 5 3","2024-07-23","2024-08-10","2024-09-29","3295000","","4620","1964"
"73212488","68 Crest Road 6 3","68 CREST RD 6 3","2024-03-13","2024-03-15","2024-07-17","3295000","","4095","1895"
"73199071","11 Alba Road 5 5","11 ALBA RD 5 5","2024-02-01","2024-03-19","2024-11-17","3295000","","4400","2024"
"73171921","19 Radcliffe Rd 4 3","19 RADCLIFFE RD 4 3","2023-10-17","2023-10-19","2023-12-14","3295000","","3582","1953"
"73108853","198 Winding River Rd 5 3","198 WINDING RIVER RD 5 3","2023-05-08","2023-05-11","2023-07-13","3295000","","4669","1966"
"73338729","33 Maugus Hill Road 5 5","33 MAUGUS HILL RD 5 5","2025-02-25","2025-02-28","2025-04-14","3250000","","6213","2020"
"73284082","86 Parker 5 4","86 PARKER 5 4","2024-09-02","2024-11-21","2025-01-02","3250000","","4408","2024"
"73316755","10 Ingersoll Road 5 5","10 INGERSOLL RD 5 5","2024-12-01","2024-12-25","2025-01-30","3249000","","4390","2024"
"73075178","65 Pleasant Street 5 4","65 PLEASANT ST 5 4","2023-01-31","2023-02-09","2023-08-20","3200000","","5041","2023"
"73443645","26 Edmunds Road 4 3","26 EDMUNDS RD 4 3","2025-10-14","2025-10-19","2026-01-08","3195000","","4294","1949"
"73365472","9 Smith Street 5 6","9 SMITH ST 5 6","2025-04-27","2025-05-03","2025-06-05","3195000","","5727","1976"
"73351786","91 Seaver Street 5 5","91 SEAVER ST 5 5","2025-03-27","2025-07-14","2025-08-14","3195000","","5500","2024"
"73302170","34 Garrison Rd 5 4","34 GARRISON RD 5 4","2024-10-14","2024-12-21","2025-02-10","3195000","","4985","2024"
"73287168","21 Pine Ridge Rd 5 4","21 PINE RIDGE RD 5 4","2024-09-08","2024-09-18","2024-11-12","3195000","","5299","1920"
"73255076","51 Beverly Rd 5 4","51 BEVERLY RD 5 4","2024-06-19","2024-06-30","2024-09-22","3195000","","4700","2024"
"73230674","7 Kipling Road 7 6","7 KIPLING RD 7 6","2024-04-29","2024-05-03","2024-08-21","3195000","","6161","1925"
"73194496","11 Winding River Cir 5 4","11 WINDING RIVER CIR 5 4","2024-01-16","2024-01-27","2024-03-05","3195000","","4125","1961"
"73176592","10 Longfellow Rd 4 3","10 LONGFELLOW RD 4 3","2023-11-01","2023-11-14","2024-01-18","3195000","","5057","1931"
"73114049","3 Ordway Rd 6 4","3 ORDWAY RD 6 4","2023-05-18","2023-07-31","2023-08-29","3195000","","6087","2003"
"73092759","47 Cypress Rd 5 6","47 CYPRESS RD 5 6","2023-03-28","2023-07-19","2023-08-24","3195000","","7300","2003"
"73293153","46 Garden Rd 4 4","46 GARDEN RD 4 4","2024-09-19","2024-10-09","2024-12-03","3175000","","4636","1907"
"73337824","169 Grove St 4 4","169 GROVE ST 4 4","2025-02-23","2025-03-08","2025-04-29","3150000","","5288","2009"
"73302933","60 Halsey Ave 5 4","60 HALSEY AVE 5 4","2024-10-15","2024-10-19","2024-12-11","3150000","","5182","2016"
"73229048","68 Parker Rd 5 4","68 PARKER RD 5 4","2024-04-24","2024-04-25","2024-06-13","3150000","","4857","2024"
"73069127","52 Ridge Hill Farm Rd 5 4","52 RIDGE HILL FARM RD 5 4","2023-01-08","2023-01-20","2023-04-12","3145000","","5377","1964"
"73243342","14 Oakencroft Road 4 3","14 OAKENCROFT RD 4 3","2024-05-27","2024-09-18","2024-10-29","3100000","","4398","2024"
"73366725","250 Weston Rd 5 4","250 WESTON RD 5 4","2025-04-29","2025-05-18","2025-06-24","3095000","","4942","2025"
"73044171","7 Beard Way 4 5","7 BEARD WAY 4 5","2022-10-03","2022-10-11","2023-01-24","3000000","","5571","2004"
"73266756","53 Park Avenue 5 6","53 PARK AVE 5 6","2024-07-17","2024-11-10","2024-12-30","2999000","","7112","1997"
"73427631","70 Old Farm Rd 2 1","70 OLD FARM RD 2 1","2025-09-07","2025-09-10","2025-10-14","2995000","","3736","2004"
"73419087","2 Kenilworth Road 5 3","2 KENILWORTH RD 5 3","2025-08-17","2025-08-19","2025-10-14","2995000","","4375","1936"
"73417291","18 Patton Road 6 6","18 PATTON RD 6 6","2025-08-12","2025-10-30","2025-11-30","2995000","","5985","2017"
"73394573","24 Hampden St 6 5","24 HAMPDEN ST 6 5","2025-06-19","2025-07-03","2025-07-28","2995000","","3541","1910"
"73393020","24 Summit Road 6 4","24 SUMMIT RD 6 4","2025-06-17","2025-06-19","2025-08-18","2995000","","4073","2010"
"73368386","14 Princeton Rd 5 4","14 PRINCETON RD 5 4","2025-04-30","2025-05-03","2025-06-23","2995000","","4950","2025"
"73367047","50 Crestwood Dr 5 5","50 CRESTWOOD DR 5 5","2025-04-29","2025-05-21","2025-07-01","2995000","","4361","2018"
"73354421","229 Bristol Rd 4 4","229 BRISTOL RD 4 4","2025-04-02","2025-04-02","2025-05-01","2995000","","5000","2016"
"73353835","11 Crown Ridge Road 5 4","11 CROWN RIDGE RD 5 4","2025-04-01","2025-05-02","2025-06-22","2995000","","5000","2017"
"73347322","27 Boulevard Rd 5 5","27 BLVD RD 5 5","2025-03-18","2025-06-24","2025-08-07","2995000","","5310","1930"
"73300636","45 Old Colony Road 5 3","45 OLD COLONY RD 5 3","2024-10-08","2024-10-27","2024-12-05","2995000","","5195","1936"
"73258072","21 Sterling Rd 4 3","21 STERLING RD 4 3","2024-06-26","2024-06-29","2024-07-28","2995000","","3352","1954"
"73254724","46 Pilgrim Rd 5 4","46 PILGRIM RD 5 4","2024-06-18","2024-06-23","2024-08-04","2995000","","4591","2015"
"73235648","15 Longmeadow Rd 5 4","15 LONGMEADOW RD 5 4","2024-05-08","2024-05-10","2024-07-10","2995000","","4965","1948"
"73225692","29 Woodcliff Rd 4 4","29 WOODCLIFF RD 4 4","2024-04-17","2024-04-22","2024-06-19","2995000","","4665","1933"
"73212063","56 White Oak Road 5 4","56 WHITE OAK RD 5 4","2024-03-12","2024-03-15","2024-05-12","2995000","","4309","1969"
"73201251","11 Cypress Road 6 4","11 CYPRESS RD 6 4","2024-02-08","2024-02-17","2024-04-17","2995000","","4665","1910"
"73197145","120 Hampshire Rd 4 4","120 HAMPSHIRE RD 4 4","2024-01-26","2024-01-28","2024-03-04","2995000","","3200","1954"
"73149256","68 Pleasant St 5 4","68 PLEASANT ST 5 4","2023-08-15","2023-08-29","2023-10-15","2995000","","4484","2018"
"73078392","20 Marshall Rd 5 5","20 MARSHALL RD 5 5","2023-02-20","2023-02-21","2023-04-10","2995000","","5661","2023"
"73076915","36 Sheridan Road 5 4","36 SHERIDAN RD 5 4","2023-02-06","2023-03-22","2023-08-24","2995000","","5496","2023"
"73070397","24 Lincoln Road 4 4","24 LINCOLN RD 4 4","2023-01-11","2023-01-15","2023-03-27","2995000","","4586","1935"
"73050956","130 Great Plain Avenue 5 5","130 GREAT PLAIN AVE 5 5","2022-10-20","2023-01-11","2023-02-26","2995000","","7162","2022"
"73258989","15 Rockridge Road 4 3","15 ROCKRIDGE RD 4 3","2024-06-28","2024-07-01","2024-08-11","2989000","","4100","1937"
"73133460","21 Mansfield Rd 6 4","21 MANSFIELD RD 6 4","2023-07-06","2023-07-13","2023-08-10","2985000","","4740","2023"
"73281065","265 Weston Rd 5 5","265 WESTON RD 5 5","2024-08-21","2024-10-23","2024-12-02","2950000","","5172","2024"
"73215555","11 Shaw Road 5 4","11 SHAW RD 5 4","2024-03-21","2024-03-22","2024-04-24","2950000","","4630","2023"
"73082831","23 Colgate Road 5 5","23 COLGATE RD 5 5","2023-02-28","2023-03-22","2023-05-18","2950000","","4914","1965"
"73113099","29 Tennyson Rd 5 4","29 TENNYSON RD 5 4","2023-05-16","2023-05-21","2023-08-21","2900000","","5428","2012"
"73329612","110 Hampshire Rd 5 3","110 HAMPSHIRE RD 5 3","2025-01-26","2025-02-02","2025-05-27","2899000","","3829","1954"
"73266948","36 Avon Road 5 3","36 AVON RD 5 3","2024-07-18","2024-10-12","2024-11-21","2899000","","4200","2024"
"73424748","28 Wall St 5 4","28 WALL ST 5 4","2025-09-02","2025-09-04","2025-11-16","2895000","","3706","1941"
"73332536","88 Hopkinson Street 5 5","88 HOPKINSON ST 5 5","2025-02-04","2025-02-10","2025-03-05","2895000","","4436","2014"
"73306117","460 Weston Road 5 5","460 WESTON RD 5 5","2024-10-23","2024-11-12","2024-12-11","2895000","","5904","2024"
"73231476","37 Oakridge Rd 5 3","37 OAKRIDGE RD 5 3","2024-04-30","2024-05-04","2024-08-06","2895000","","5066","1963"
"73230427","169 Hampshire Rd 4 3","169 HAMPSHIRE RD 4 3","2024-04-29","2024-05-01","2024-06-16","2895000","","4159","1961"
"73098953","36 Patton Rd 5 4","36 PATTON RD 5 4","2023-04-13","2023-04-13","2023-04-26","2895000","","4600","2023"
"73098075","11 Rockridge Road 5 4","11 ROCKRIDGE RD 5 4","2023-04-11","2023-04-13","2023-05-18","2895000","","5648","1929"
"73075276","112 Lowell Road 4 3","112 LOWELL RD 4 3","2023-01-31","2023-02-02","2023-04-10","2895000","","4849","1952"
"73197875","35 Albion Rd 5 4","35 ALBION RD 5 4","2024-01-30","2024-02-04","2024-03-14","2875000","","4457","1931"
"73408229","7 Atwood St 6 4","7 ATWOOD ST 6 4","2025-07-22","2025-07-26","2025-08-24","2850000","","4134","1915"
"73381532","53 Windsor Rd 4 4","53 WINDSOR RD 4 4","2025-05-27","2025-05-31","2025-07-23","2850000","","3272","1926"
"73239042","41 Chesterton Rd 5 4","41 CHESTERTON RD 5 4","2024-05-15","2024-05-19","2024-07-31","2850000","","5516","2006"
"73200399","121 Glen Rd 5 5","121 GLEN RD 5 5","2024-02-06","2024-02-13","2024-04-15","2850000","","4586","1900"
"73198831","135 Glen Road 5 3","135 GLEN RD 5 3","2024-02-01","2024-02-09","2024-04-30","2849000","","5093","1910"
"73282764","5 Greenbough Lane 5 3","5 GREENBOUGH LN 5 3","2024-08-28","2024-09-02","2024-10-21","2799000","","5312","1994"
"73296981","35 Halsey Ave 4 4","35 HALSEY AVE 4 4","2024-09-30","2024-10-16","2024-12-01","2798000","","4920","2011"
"73222696","45 Marshall Road 4 4","45 MARSHALL RD 4 4","2024-04-09","2024-04-22","2024-06-03","2798000","","4500","2014"
"73435303","173 Benvenue Street 5 5","173 BENVENUE ST 5 5","2025-09-23","2025-10-08","2025-10-27","2795000","","4216","2013"
"73362449","34 Bay View Rd 4 4","34 BAY VIEW RD 4 4","2025-04-21","2025-04-27","2025-06-12","2795000","","3924","2022"
"73255080","23 Lawrence Rd 5 3","23 LAWRENCE RD 5 3","2024-06-19","2024-11-09","2025-01-30","2795000","","4346","2024"
"73238825","8 Beverly Road 4 4","8 BEVERLY RD 4 4","2024-05-14","2024-05-19","2024-07-22","2795000","","5704","2010"
"73219596","93 Sagamore Rd 6 4","93 SAGAMORE RD 6 4","2024-04-02","2024-04-05","2024-05-20","2795000","","4679","1979"
"73206520","30 Colburn Rd 5 3","30 COLBURN RD 5 3","2024-02-27","2024-03-01","2024-04-10","2795000","","5186","1915"
"73206387","9 Patton Rd 4 4","9 PATTON RD 4 4","2024-02-27","2024-03-16","2024-06-19","2795000","","4323","2007"
"73169170","6 Halsey Avenue 4 4","6 HALSEY AVE 4 4","2023-10-10","2023-10-13","2023-12-14","2795000","","4400","2015"
"73162435","106 Bristol Rd 5 3","106 BRISTOL RD 5 3","2023-09-20","2023-09-24","2023-11-26","2795000","","4274","1950"
"73112861","40 Oakridge Road 5 4","40 OAKRIDGE RD 5 4","2023-05-16","2023-06-15","2023-07-13","2795000","","5500","1963"
"73109943","One Crown Ridge Rd 5 4","ONE CROWN RIDGE RD 5 4","2023-05-09","2023-05-10","2023-07-13","2795000","","4158","1929"
"73106812","68 Old Colony Rd 5 3","68 OLD COLONY RD 5 3","2023-05-02","2023-05-05","2023-08-07","2795000","","4338","1937"
"73039934","11 Shaw Rd 5 4","11 SHAW RD 5 4","2022-09-21","2023-02-12","2023-03-30","2795000","","4600","2023"
"73357644","16 Nantucket Rd 4 2","16 NANTUCKET RD 4 2","2025-04-08","2025-04-16","2025-07-27","2785000","","3868","1957"
"73367363","45 Stanford Rd. 4 4","45 STANFORD RD 4 4","2025-04-29","2025-05-04","2025-07-30","2765000","","4467","1956"
"73363651","133 Hampshire Rd 5 4","133 HAMPSHIRE RD 5 4","2025-04-22","2025-04-25","2025-06-25","2750000","","4340","1955"
"73347460","25 Crescent St 5 5","25 CRESCENT ST 5 5","2025-03-18","2025-03-21","2025-05-13","2750000","","4850","2017"
"73313922","21 Rockridge Rd 5 3","21 ROCKRIDGE RD 5 3","2024-11-18","2024-11-24","2025-01-09","2750000","","3423","1928"
"73236961","73 Ledgeways 6 5","73 LEDGEWAYS 6 5","2024-05-12","2024-05-15","2024-08-08","2750000","","5154","1951"
"73184267","169 Washington Street 5 4","169 WASHINGTON ST 5 4","2023-11-30","2023-12-20","2024-01-29","2750000","","4728","1953"
"73176224","10 Oakland Street 5 4","10 OAKLAND ST 5 4","2023-10-31","2024-01-15","2024-02-11","2750000","","5382","1913"
"73174641","19 Turner Rd 4 4","19 TURNER RD 4 4","2023-10-25","2023-11-29","2024-02-28","2750000","","4600","2022"
"73168230","91 Old Colony Road 4 3","91 OLD COLONY RD 4 3","2023-10-08","2023-11-18","2023-12-28","2750000","","3138","1937"
"73122921","23 Bobolink Rd 5 5","23 BOBOLINK RD 5 5","2023-06-08","2023-11-09","2023-12-14","2749000","","4814","2023"
"73373260","51 Abbott Road 6 4","51 ABBOTT RD 6 4","2025-05-11","2025-09-02","2025-09-02","2700000","","7830","1902"
"73380798","194 Grove St 4 2","194 GROVE ST 4 2","2025-05-27","2025-07-23","2025-08-20","2695000","","3620","1994"
"73354346","22 Oakencroft Rd 5 4","22 OAKENCROFT RD 5 4","2025-04-02","2025-04-03","2025-06-15","2695000","","3740","2007"
"73232615","24 Birch Rd 5 4","24 BIRCH RD 5 4","2024-05-01","2024-05-15","2024-07-21","2695000","","4580","1919"
"73231055","103 Westgate Rd 4 3","103 WESTGATE RD 4 3","2024-04-30","2024-05-04","2024-06-24","2695000","","4740","1964"
"73224491","12 Parker Road 5 5","12 PARKER RD 5 5","2024-04-15","2024-04-21","2024-06-06","2695000","","5913","2008"
"73093831","43 MacArthur Road 4 4","43 MACARTHUR RD 4 4","2023-03-30","2023-04-01","2023-06-15","2695000","","4916","2017"
"72953918","19 Turner Road 4 4","19 TURNER RD 4 4","2022-03-15","2023-01-15","2023-05-03","2695000","","4600","2022"
"73336462","12 Wildon Road 5 4","12 WILDON RD 5 4","2025-02-18","2025-03-18","2025-04-30","2679000","","5184","2025"
"73405935","2 Summit Road 4 4","2 SUMMIT RD 4 4","2025-07-16","2025-10-02","2025-10-13","2675000","","3693","1896"
"73423858","46 Lincoln Rd 4 3","46 LINCOLN RD 4 3","2025-08-31","2025-11-17","2026-01-08","2650000","","3705","1931"
"73106541","17 Paine St. 5 3","17 PAINE ST 5 3","2023-05-02","2023-05-13","2023-06-29","2650000","","4434","2023"
"73334608","59 Madison Road 4 3","59 MADISON RD 4 3","2025-02-11","2025-02-17","2025-04-02","2625000","","4258","1999"
"73161481","34 Bradford Road 5 3","34 BRADFORD RD 5 3","2023-09-19","2023-10-01","2023-11-16","2600000","","3954","1911"
"73104058","15 Colgate Rd 5 4","15 COLGATE RD 5 4","2023-04-26","2023-04-26","2023-06-22","2600000","","3951","1966"
"73097987","228 Grove St 4 3","228 GROVE ST 4 3","2023-04-11","2023-05-15","2023-07-16","2600000","","3842","1926"
"73195136","15 The Water Way 5 4","15 THE WATER WAY 5 4","2024-01-18","2024-03-17","2024-04-04","2599900","","4090","2024"
"73371461","81 Hampshire Rd 4 2","81 HAMPSHIRE RD 4 2","2025-05-06","2025-05-24","2025-08-04","2595000","","3690","1950"
"73340801","11 Roanoke Rd 5 5","11 ROANOKE RD 5 5","2025-03-03","2025-03-11","2025-04-15","2595000","","5386","2010"
"73328263","25 Brookdale Ave 4 3","25 BROOKDALE AVE 4 3","2025-01-21","2025-04-18","2025-05-29","2595000","","5185","2004"
"73284777","56 Woodcliff Rd 5 3","56 WOODCLIFF RD 5 3","2024-09-03","2024-09-07","2025-01-07","2595000","","4534","1936"
"73238045","37 Garden Road 6 4","37 GARDEN RD 6 4","2024-05-14","2024-09-23","2024-10-30","2595000","","4297","1907"
"73077434","30 Stanford Road 5 2","30 STANFORD RD 5 2","2023-02-07","2023-02-28","2023-04-24","2595000","","3687","1957"
"73424766","10 Cartwright Road 4 4","10 CARTWRIGHT RD 4 4","2025-09-02","2025-09-09","2025-10-30","2590000","","4282","1926"
"73284393","88 Albion Road 4 2","88 ALBION RD 4 2","2024-09-02","2024-09-08","2024-09-29","2575000","","3050","1957"
"73146566","21 Windsor Rd 6 3","21 WINDSOR RD 6 3","2023-08-08","2023-08-11","2023-11-02","2565000","","4954","1913"
"73423978","93 Seaver Street 5 5","93 SEAVER ST 5 5","2025-09-01","2025-12-03","2026-01-15","2550000","","5200","2024"
"73290677","71 Maugus Ave 5 3","71 MAUGUS AVE 5 3","2024-09-15","2024-11-03","2025-01-14","2550000","","4540","1962"
"73176336","33 Damien Rd 4 2","33 DAMIEN RD 4 2","2023-10-31","2023-11-02","2024-01-17","2550000","","3405","1934"
"73185802","74 Oak Street 5 4","74 OAK ST 5 4","2023-12-06","2024-01-14","2024-02-19","2549000","","6085","2010"
"73357350","4 Arden Road 5 3","4 ARDEN RD 5 3","2025-04-08","2025-05-11","2025-07-14","2500000","","4826","1923"
"73047305","16 Hobart Rd 5 3","16 HOBART RD 5 3","2022-10-11","2023-01-27","2023-05-18","2500000","","4303","2005"
"73444251","28 Clovelly 4 4","28 CLOVELLY 4 4","2025-10-14","2025-10-21","2025-12-23","2495000","","4211","1955"
"73432208","10 Allen Road 4 3","10 ALLEN RD 4 3","2025-09-16","2025-09-22","2025-11-02","2495000","","4720","1925"
"73385649","73 Greylock Rd 4 3","73 GREYLOCK RD 4 3","2025-06-03","2025-06-19","2025-08-04","2495000","","4133","1966"
"73363613","15 Barnstable Rd 4 4","15 BARNSTABLE RD 4 4","2025-04-22","2025-04-30","2025-08-13","2495000","","3097","1950"
"73357165","72 Great Plain Ave 4 4","72 GREAT PLAIN AVE 4 4","2025-04-08","2025-07-07","2025-08-28","2495000","","6373","2017"
"73356755","26 Cottage St. 5 3","26 COTTAGE ST 5 3","2025-04-07","2025-04-09","2025-05-11","2495000","","3468","1871"
"73353429","12 Cypress Rd 5 3","12 CYPRESS RD 5 3","2025-04-01","2025-04-04","2025-06-01","2495000","","3390","1927"
"73341262","54 Fiske Road 4 3","54 FISKE RD 4 3","2025-03-04","2025-03-06","2025-08-19","2495000","","3060","1936"
"73327189","24 Arnold Road 3 2","24 ARNOLD RD 3 2","2025-01-16","2025-01-17","2025-02-26","2495000","","3691","1940"
"73251108","33 Chatham Cir 4 4","33 CHATHAM CIR 4 4","2024-06-11","2024-06-13","2024-08-29","2495000","","3964","1933"
"73245156","15 Ridge Hill Farm Rd 3 2","15 RIDGE HILL FARM RD 3 2","2024-05-29","2024-07-31","2024-09-17","2495000","","2802","1980"
"73238402","30 Park Avenue 5 3","30 PARK AVE 5 3","2024-05-14","2024-05-26","2024-07-14","2495000","","3660","1939"
"73210342","5 Caroline Street 3 3","5 CAROLINE ST 3 3","2024-03-07","2024-03-14","2024-05-29","2495000","","3565","2002"
"73090167","5 Eisenhower Circle 5 3","5 EISENHOWER CIR 5 3","2023-03-21","2023-03-23","2023-06-25","2495000","","5352","1973"
"73325785","75 Maugus Ave 5 5","75 MAUGUS AVE 5 5","2025-01-12","2025-01-29","2025-03-23","2475000","","5267","1957"
"73289132","7 Turner Rd 5 3","7 TURNER RD 5 3","2024-09-11","2024-09-12","2024-10-15","2475000","","4011","2010"
"73216552","20 Manor Ave 4 5","20 MANOR AVE 4 5","2024-03-25","2024-04-15","2024-06-13","2475000","","4743","2015"
"73372482","49 Longfellow Road 4 3","49 LONGFELLOW RD 4 3","2025-05-08","2025-05-16","2025-06-30","2450000","","4695","1988"
"73366491","61 Eisenhower Cir 5 3","61 EISENHOWER CIR 5 3","2025-04-29","2025-05-02","2025-06-29","2450000","","4037","1972"
"73341631","106 Wellesley Ave 5 3","106 WELLESLEY AVE 5 3","2025-03-04","2025-03-06","2025-04-30","2450000","","5048","2005"
"73195038","153 Lowell Road 5 3","153 LOWELL RD 5 3","2024-01-18","2024-01-21","2024-03-21","2450000","","4912","1954"
"73174589","67 Maugus Ave 5 3","67 MAUGUS AVE 5 3","2023-10-25","2023-12-13","2024-01-31","2450000","","3852","1958"
"73057717","115 Woodlawn Ave 4 3","115 WOODLAWN AVE 4 3","2022-11-10","2022-11-17","2023-02-20","2450000","","3909","1928"
"73308980","287 Oakland Street 5 5","287 OAKLAND ST 5 5","2024-11-01","2024-11-21","2025-01-09","2449900","","4800","2024"
"73357645","40 Wildon Rd 5 3","40 WILDON RD 5 3","2025-04-08","2025-04-14","2025-05-05","2400000","","3996","1973"
"73351929","32 Standish Cir 2 2","32 STANDISH CIR 2 2","2025-04-02","2025-04-09","2025-05-27","2400000","","2522","2011"
"73208545","14 Haven Road 5 5","14 HAVEN RD 5 5","2024-03-04","2024-03-10","2024-03-28","2400000","","4229","2006"
"73324463","67 Overbrook Dr 5 4","67 OVERBROOK DR 5 4","2025-01-07","2025-04-08","2025-05-28","2399000","","4270","2024"
"73316529","16 Woodfield Rd 5 4","16 WOODFIELD RD 5 4","2024-12-01","2024-12-16","2025-02-02","2399000","","4038","2024"
"73208152","65 Temple Rd 5 3","65 TEMPLE RD 5 3","2024-03-03","2024-03-08","2024-06-20","2399000","","3351","1973"
"73194963","8 Lincoln Cir 4 3","8 LINCOLN CIR 4 3","2024-01-18","2024-01-18","2024-03-07","2399000","","3548","1948"
"73188174","35 Grantland Road 5 4","35 GRANTLAND RD 5 4","2023-12-18","2024-01-14","2024-04-18","2399000","","3904","2023"
"72994542","20 Summit Rd 4 4","20 SUMMIT RD 4 4","2022-06-07","2022-06-09","2023-01-23","2399000","","4500","2016"
"73429178","30 Southgate Road 4 2","30 SOUTHGATE RD 4 2","2025-09-09","2025-09-19","2025-11-02","2395000","","3144","1954"
"73395333","40 Carver Rd 4 4","40 CARVER RD 4 4","2025-06-22","2025-06-29","2025-07-29","2395000","","4300","2019"
"73392925","6 Dunedin Rd 4 4","6 DUNEDIN RD 4 4","2025-06-17","2025-08-07","2025-09-16","2395000","","3560","1930"
"73379871","2 Woodway Rd 5 3","2 WOODWAY RD 5 3","2025-05-25","2025-05-28","2025-08-13","2395000","","3557","1955"
"73290861","15 Swarthmore Rd 5 3","15 SWARTHMORE RD 5 3","2024-09-16","2024-09-16","2024-11-07","2395000","","3394","1961"
"73255934","61 Beechwood Rd 5 4","61 BEECHWOOD RD 5 4","2024-06-20","2024-06-26","2024-08-18","2395000","","3286","2024"
"73209680","268 Grove St 4 4","268 GROVE ST 4 4","2024-03-06","2024-03-11","2024-06-02","2395000","","4950","1985"
"73122794","28 Clifford Street 4 5","28 CLIFFORD ST 4 5","2023-06-07","2023-06-16","2023-08-06","2395000","","4088","1947"
"73112641","177 Hampshire Rd 5 2","177 HAMPSHIRE RD 5 2","2023-05-16","2023-05-29","2023-08-02","2395000","","4193","1963"
"73096992","20 Dover Rd 4 3","20 DOVER RD 4 3","2023-04-10","2023-04-13","2023-05-25","2395000","","3916","1905"
"73094306","20 Hunnewell St 4 4","20 HUNNEWELL ST 4 4","2023-04-01","2023-04-02","2023-07-30","2395000","","5550","2006"
"73090708","49 Tanglewood Rd 5 3","49 TANGLEWOOD RD 5 3","2023-03-22","2023-03-27","2023-04-30","2395000","","5455","1960"
"73351451","12 Longfellow Rd 4 3","12 LONGFELLOW RD 4 3","2025-03-26","2025-03-30","2025-05-12","2380000","","3656","1910"
"73344695","8 Hampden Street 4 3","8 HAMPDEN ST 4 3","2025-03-11","2025-04-11","2025-05-29","2379000","","3401","1924"
"73232673","26 Thomas Rd 5 4","26 THOMAS RD 5 4","2024-05-02","2024-05-04","2024-06-26","2375000","","4720","2005"
"73230982","2 Roanoke Road 5 2","2 ROANOKE RD 5 2","2024-04-30","2024-05-07","2024-06-27","2375000","","3584","1912"
"73228338","3 High Meadow Cir 5 3","3 HIGH MEADOW CIR 5 3","2024-04-23","2024-05-04","2024-08-27","2375000","","3871","1992"
"73429146","50 Upson Rd 4 3","50 UPSON RD 4 3","2025-09-09","2025-10-27","2025-12-02","2350000","","3524","2013"
"73277988","6 Marigold Avenue 4 4","6 MARIGOLD AVE 4 4","2024-08-13","2024-09-16","2024-10-06","2350000","","4100","2017"
"73087171","23 Louis Drive 4 3","23 LOUIS DR 4 3","2023-03-12","2023-03-20","2023-04-10","2350000","","6436","1988"
"73083917","9 Claflin Rd 4 4","9 CLAFLIN RD 4 4","2023-03-02","2023-03-04","2023-06-08","2350000","","4843","2017"
"73365450","108 Forest St 5 3","108 FOREST ST 5 3","2025-04-27","2025-05-25","2025-06-30","2349000","","4635","1923"
"73178554","11 Fife Road 4 4","11 FIFE RD 4 4","2023-11-07","2024-02-05","2024-03-05","2345000","","3602","2019"
"73122387","106 Great Plain Ave 4 4","106 GREAT PLAIN AVE 4 4","2023-06-07","2023-06-11","2023-08-13","2345000","","5037","1985"
"73087183","19 Ridge Hill Farm Road 2 3","19 RIDGE HILL FARM RD 2 3","2023-03-12","2023-03-14","2023-07-19","2345000","","2930","2006"
"73235701","9 Pinewood Rd 4 4","9 PINEWOOD RD 4 4","2024-05-08","2024-10-27","2024-12-05","2325000","","4823","2024"
"73426838","53 Abbott Road 3 2","53 ABBOTT RD 3 2","2025-06-01","2025-09-02","2025-09-02","2300000","","4158","1902"
"73235543","32 Standish Circle 6 4","32 STANDISH CIR 6 4","2024-03-03","2024-05-08","2024-04-24","2300000","","6072","2002"
"73134358","60 Chesterton Road 5 4","60 CHESTERTON RD 5 4","2023-07-09","2023-07-15","2023-08-17","2300000","","3611","1951"
"73427595","19 Marvin Road 4 3","19 MARVIN RD 4 3","2025-09-07","2025-09-13","2025-11-17","2299000","","3606","1933"
"73250791","26 Harris Ave 5 4","26 HARRIS AVE 5 4","2024-06-10","2024-08-28","2024-10-02","2299000","","4351","1960"
"73390453","116 Glen Rd 4 4","116 GLEN RD 4 4","2025-06-11","2025-07-19","2025-09-02","2295000","","4442","1938"
"73367547","12 Pine Ridge Rd 5 3","12 PINE RIDGE RD 5 3","2025-04-29","2025-05-03","2025-08-13","2295000","","3241","1997"
"73313091","86 Abbott Rd 4 3","86 ABBOTT RD 4 3","2024-11-14","2024-12-26","2025-02-19","2295000","","2801","1911"
"73312130","43 Elm St 4 3","43 ELM ST 4 3","2024-11-12","2024-11-24","2024-12-10","2295000","","3277","1988"
"73291417","26 South Woodside Ave 4 3","26 SOUTH WOODSIDE AVE 4 3","2024-09-17","2024-09-25","2024-12-10","2295000","","4143","1992"
"73235469","37 Hillside Rd 5 3","37 HILLSIDE RD 5 3","2024-05-08","2024-05-12","2024-06-13","2295000","","4838","1934"
"73235148","24 Forest Street 5 3","24 FOREST ST 5 3","2024-05-07","2024-07-01","2024-08-15","2295000","","4096","1996"
"73228682","19 Bryn Mawr Road 4 4","19 BRYN MAWR RD 4 4","2024-04-24","2024-04-28","2024-05-16","2295000","","4400","2012"
"73206684","15 Shelley Road 4 5","15 SHELLEY RD 4 5","2024-02-27","2024-03-02","2024-05-05","2295000","","4715","1940"
"73206294","6 Cottage Street 5 3","6 COTTAGE ST 5 3","2024-02-27","2024-03-01","2024-04-10","2295000","","3981","1900"
"73183275","37 Boulder Rd 4 3","37 BOULDER RD 4 3","2023-11-27","2023-12-01","2024-01-31","2295000","","3990","1929"
"73171402","7 Pinevale Ave 4 4","7 PINEVALE AVE 4 4","2023-10-17","2023-12-21","2024-01-24","2295000","","4368","2015"
"73166674","47 Audubon Rd 5 4","47 AUDUBON RD 5 4","2023-10-03","2023-10-04","2023-11-30","2295000","","4140","1938"
"73128823","46 Fiske Road 5 3","46 FISKE RD 5 3","2023-06-22","2023-07-18","2023-08-31","2295000","","3660","1934"
"73118323","19 Brookdale Ave 4 3","19 BROOKDALE AVE 4 3","2023-05-30","2023-06-03","2023-06-29","2295000","","4184","2000"
"73081055","77 Audubon Road 4 2","77 AUDUBON RD 4 2","2023-02-21","2023-02-23","2023-06-29","2295000","","3679","1935"
"73071923","18 Halsey Ave 4 4","18 HALSEY AVE 4 4","2023-01-17","2023-03-31","2023-05-14","2295000","","5025","2004"
"73369835","81 Garden Rd 5 3","81 GARDEN RD 5 3","2025-05-04","2025-05-16","2025-06-18","2275000","","3217","1928"
"73340340","90 Brook St 5 3","90 BROOK ST 5 3","2025-03-02","2025-03-08","2025-04-03","2275000","","3126","1900"
"73405220","25 Bryn Mawr Rd 5 3","25 BRYN MAWR RD 5 3","2025-07-15","2025-07-16","2025-08-17","2250000","","4072","2015"
"73298438","125 Manor Ave 4 3","125 MANOR AVE 4 3","2024-10-02","2024-10-09","2024-12-01","2250000","","3885","2005"
"73245528","26 Pembroke Rd 4 2","26 PEMBROKE RD 4 2","2024-05-30","2024-05-31","2024-08-14","2250000","","2472","1966"
"73231820","1 Richland Rd 4 2","1 RICHLAND RD 4 2","2024-04-30","2024-05-03","2024-06-20","2250000","","4152","1950"
"73138433","34 Bancroft Rd 4 3","34 BANCROFT RD 4 3","2023-07-18","2023-08-15","2023-10-03","2250000","","3870","1926"
"73371220","9 Oakland Street 5 2","9 OAKLAND ST 5 2","2025-05-06","2025-05-09","2025-07-21","2249000","","3317","1907"
"73295964","58 Norwich Road 4 3","58 NORWICH RD 4 3","2024-09-26","2024-10-13","2024-11-19","2249000","","3394","1962"
"73228403","14 Meadowbrook Road 4 2","14 MEADOWBROOK RD 4 2","2024-04-23","2024-05-21","2024-08-04","2245000","","3264","1953"
"73378783","234 Lowell Rd 4 3","234 LOWELL RD 4 3","2025-05-21","2025-06-19","2025-07-30","2235000","","3054","1956"
"73212559","78 Forest Street 6 3","78 FOREST ST 6 3","2024-03-13","2024-04-24","2024-06-23","2225000","","4292","1912"
"73206678","48 Jackson Rd 4 2","48 JACKSON RD 4 2","2024-02-27","2024-02-29","2024-08-07","2200000","","3674","2001"
"73196567","6 Bryn Mawr Rd 4 3","6 BRYN MAWR RD 4 3","2024-01-24","2024-03-03","2024-04-04","2200000","","3405","2023"
"73078112","24 Arnold Rd 3 2","24 ARNOLD RD 3 2","2023-02-09","2023-02-14","2024-02-22","2200000","","3429","1940"
"73351269","Lot 53 Prospect St 4 3","LOT 53 PROSPECT ST 4 3","2025-03-26","2025-04-19","2025-06-09","2199000","","3503","2025"
"73366905","1 Lafayette Circle 5 3","1 LAFAYETTE CIR 5 3","2025-04-29","2025-05-07","2025-05-28","2195000","","3866","2016"
"73350183","47 Norwich Rd 5 3","47 NORWICH RD 5 3","2025-03-24","2025-03-26","2025-05-22","2195000","","3519","1963"
"73349985","58 Cottage Street 4 2","58 COTTAGE ST 4 2","2025-03-24","2025-03-28","2025-06-24","2195000","","2873","1856"
"73345524","23 Howe St 5 3","23 HOWE ST 5 3","2025-03-13","2025-03-17","2025-06-11","2195000","","2778","1904"
"73287892","23 McLean Street 4 3","23 MCLEAN ST 4 3","2024-09-09","2024-09-15","2024-10-24","2195000","","3875","2017"
"73225079","21 Alden Rd 4 3","21 ALDEN RD 4 3","2024-04-16","2024-04-19","2024-07-14","2195000","","2852","1937"
"73214325","42 Northgate Rd 4 2","42 NORTHGATE RD 4 2","2024-03-19","2024-03-20","2024-06-30","2195000","","3259","1952"
"73112960","20 Fells Rd 4 4","20 FELLS RD 4 4","2023-05-16","2023-05-21","2023-07-13","2195000","","4522","2012"
"73093056","60 Manor Avenue 5 4","60 MANOR AVE 5 4","2023-03-29","2023-04-29","2023-07-11","2190000","","4402","2004"
"73238938","2 Wildon Road 4 2","2 WILDON RD 4 2","2024-05-15","2024-07-01","2024-08-15","2155000","","3582","1945"
"73424991","78 Hunnewell St 5 4","78 HUNNEWELL ST 5 4","2025-09-02","2025-11-20","2026-01-01","2150000","","4043","2013"
"73362180","85 Cedar Street 5 4","85 CEDAR ST 5 4","2025-04-20","2025-04-21","2025-07-30","2150000","","4000","2025"
"73314811","66 Suffolk Road 4 4","66 SUFFOLK RD 4 4","2024-11-20","2024-11-25","2025-01-07","2150000","","3546","1956"
"73284589","53 Woodlawn Ave 5 3","53 WOODLAWN AVE 5 3","2024-09-03","2024-09-05","2024-10-16","2150000","","3463","1890"
"73381440","19 Whittier Rd 4 3","19 WHITTIER RD 4 3","2025-05-27","2025-05-28","2025-07-30","2149000","","2856","1927"
"73314492","40 Radcliffe 5 2","40 RADCLIFFE 5 2","2024-11-19","2025-03-10","2025-04-24","2145000","","3104","1955"
"73339377","3 Strathmore Road 3 2","3 STRATHMORE RD 3 2","2025-02-26","2025-03-27","2025-07-20","2135000","","3000","2018"
"73372283","145 Great Plain Avenue 4 4","145 GREAT PLAIN AVE 4 4","2025-05-08","2025-05-21","2025-07-02","2125000","","3991","1997"
"73357718","77 Arnold Rd 4 3","77 ARNOLD RD 4 3","2025-04-08","2025-04-10","2025-05-08","2100000","","3266","1935"
"73313276","15 Allen Rd 4 2","15 ALLEN RD 4 2","2024-11-28","2024-12-03","2025-03-02","2100000","","2323","1950"
"73178655","16 Clifton Rd 4 3","16 CLIFTON RD 4 3","2023-11-07","2023-11-12","2024-01-04","2100000","","4000","1927"
"73103148","19 River Glen Rd 4 2","19 RIVER GLEN RD 4 2","2023-04-25","2023-04-27","2023-07-27","2100000","","3253","1952"
"73040579","45 White Oak Road 4 3","45 WHITE OAK RD 4 3","2022-09-23","2022-12-21","2023-03-30","2100000","","3600","1978"
"73234581","51 Avon Rd 3 2","51 AVON RD 3 2","2024-05-07","2024-05-11","2024-07-14","2099000","","2806","2008"
"73123293","33 Hunnewell St 4 3","33 HUNNEWELL ST 4 3","2023-06-09","2023-07-17","2023-08-17","2099000","","4867","2017"
"73353824","33 Upwey Road 4 2","33 UPWEY RD 4 2","2025-04-01","2025-06-05","2025-07-30","2095000","","3346","1993"
"73343445","201 Bristol Road 4 2","201 BRISTOL RD 4 2","2025-03-09","2025-03-11","2025-06-29","2095000","","3712","1957"
"73287517","44 Whittier Road 4 3","44 WHITTIER RD 4 3","2024-09-08","2024-09-29","2024-11-07","2095000","","3563","1933"
"73249364","39 Ingraham Road 4 3","39 INGRAHAM RD 4 3","2024-06-06","2024-06-18","2024-07-30","2095000","","2665","1926"
"73230146","14 Colgate Rd 4 3","14 COLGATE RD 4 3","2024-04-28","2024-05-06","2024-07-17","2095000","","2822","1966"
"73214445","21 Washburn Ave 3 3","21 WASHBURN AVE 3 3","2024-03-19","2024-03-23","2024-05-09","2095000","","3745","1947"
"73159268","76 McLean St 5 3","76 MCLEAN ST 5 3","2023-09-12","2023-09-16","2023-12-14","2095000","","4149","2002"
"73106813","94 Suffolk Rd 4 3","94 SUFFOLK RD 4 3","2023-05-02","2023-05-05","2023-06-21","2095000","","3227","1957"
"73070091","61 Eisenhower Cir 5 3","61 EISENHOWER CIR 5 3","2023-01-10","2023-01-16","2023-02-26","2095000","","4037","1972"
"73355213","28 Mansfield Rd 5 4","28 MANSFIELD RD 5 4","2025-04-03","2025-04-03","2025-04-03","2070000","","3238","1950"
"73348474","55 High Ledge Ave 4 3","55 HIGH LEDGE AVE 4 3","2025-03-20","2025-03-22","2025-05-15","2050000","","4090","1920"
"73060756","17 Russell Road 4 2","17 RUSSELL RD 4 2","2022-11-25","2022-12-18","2023-01-25","2050000","","3600","1955"
"73337626","155 Cedar Street 4 3","155 CEDAR ST 4 3","2025-02-23","2025-04-20","2025-05-27","2049000","","3820","2024"
"73338907","50 Northgate Rd 4 3","50 NORTHGATE RD 4 3","2025-02-25","2025-02-28","2025-05-01","2000000","","2820","1951"
"73298846","56 Edgemoor Ave 7 4","56 EDGEMOOR AVE 7 4","2024-10-03","2024-12-08","2025-01-22","1999000","","4048","2005"
"73103477","3 Colby Rd 4 4","3 COLBY RD 4 4","2023-04-25","2023-04-29","2023-07-05","1998000","","3161","2017"
"73431936","7 Crescent Street 4 2","7 CRESCENT ST 4 2","2025-09-16","2025-10-18","2025-12-09","1995000","","2533","1873"
"73429057","8 Old Town Rd 5 3","8 OLD TOWN RD 5 3","2025-09-09","2025-10-29","2026-01-05","1995000","","2614","1929"
"73380984","11 Brookmere Avenue 4 2","11 BROOKMERE AVE 4 2","2025-05-27","2025-05-31","2025-07-20","1995000","","2592","1978"
"73375249","131 Brook St 4 2","131 BROOK ST 4 2","2025-05-13","2025-05-15","2025-07-16","1995000","","3511","1937"
"73347608","3 Dukes Rd 4 3","3 DUKES RD 4 3","2025-03-18","2025-03-24","2025-04-28","1995000","","3226","1957"
"73341751","79 Donizetti St 5 4","79 DONIZETTI ST 5 4","2025-03-04","2025-03-08","2025-07-14","1995000","","3564","1923"
"73338921","86 Whittier Rd 4 3","86 WHITTIER RD 4 3","2025-02-25","2025-02-28","2025-06-15","1995000","","3350","1992"
"73285175","33 Thackeray Rd 5 3","33 THACKERAY RD 5 3","2024-09-03","2024-09-29","2024-11-18","1995000","","2657","1939"
"73285124","30 Eisenhower Cir 4 2","30 EISENHOWER CIR 4 2","2024-09-03","2024-09-08","2024-11-14","1995000","","2961","1973"
"73249895","27 Appleby Rd 4 3","27 APPLEBY RD 4 3","2024-06-09","2024-06-10","2024-08-14","1995000","","2986","1937"
"73243924","55 Arnold Rd 3 2","55 ARNOLD RD 3 2","2024-05-28","2024-05-29","2024-06-19","1995000","","2958","1939"
"73236833","31 College Road 5 3","31 COLLEGE RD 5 3","2024-05-12","2024-05-24","2024-07-16","1995000","","3398","1944"
"73234161","109 Suffolk Rd 4 2","109 SUFFOLK RD 4 2","2024-05-06","2024-05-16","2024-06-27","1995000","","2588","1958"
"73226868","46 Overbrook Dr 4 3","46 OVERBROOK DR 4 3","2024-04-21","2024-05-15","2024-06-19","1995000","","3726","2021"
"73224956","96 Bristol Road 4 2","96 BRISTOL RD 4 2","2024-04-16","2024-04-21","2024-06-20","1995000","","2422","1948"
"73219987","40 Audubon Rd 4 2","40 AUDUBON RD 4 2","2024-04-03","2024-04-08","2024-05-29","1995000","","2810","1979"
"73174055","51 Overbrook Dr 4 3","51 OVERBROOK DR 4 3","2023-10-24","2023-10-30","2024-01-16","1995000","","3699","2016"
"73171428","25 Francis Rd 4 3","25 FRANCIS RD 4 3","2023-10-17","2023-10-18","2023-12-12","1995000","","3021","1927"
"73155582","759 Worcester Street 5 3","759 WORCESTER ST 5 3","2023-09-05","2024-01-21","2024-03-05","1995000","","4751","2001"
"73139549","106 Benvenue St 5 3","106 BENVENUE ST 5 3","2023-07-21","2023-08-07","2023-08-20","1995000","","3656","1740"
"73118431","3 Bryn Mawr Road 5 5","3 BRYN MAWR RD 5 5","2023-05-30","2023-06-08","2023-07-19","1995000","","4345","2005"
"73104344","59 Standish Rd 7 6","59 STANDISH RD 7 6","2023-04-26","2023-11-10","2024-01-21","1995000","","5914","1946"
"73104064","27 Boulder Brook Road 4 2","27 BOULDER BROOK RD 4 2","2023-04-26","2023-04-30","2023-07-09","1995000","","3636","1941"
"73096701","19 Elmwood Road 4 2","19 ELMWOOD RD 4 2","2023-04-09","2023-04-12","2023-05-24","1995000","","3406","1935"
"73234569","22 Park Ave 5 3","22 PARK AVE 5 3","2024-05-07","2024-07-28","2024-09-12","1990000","","3927","1935"
"73234781","65 Kingsbury Street 4 3","65 KINGSBURY ST 4 3","2024-05-07","2024-05-12","2024-08-14","1975000","","3832","2004"
"73220537","20 Colburn Rd 3 2","20 COLBURN RD 3 2","2024-04-03","2024-04-08","2024-08-20","1975000","","3184","1935"
"73110754","39 Grantland Road 4 3","39 GRANTLAND RD 4 3","2023-05-11","2023-05-20","2023-07-17","1975000","","4524","1842"
"73429402","53 Mayo Rd 4 3","53 MAYO RD 4 3","2025-09-10","2025-09-17","2025-10-14","1950000","","2993","1950"
"73428834","39 Twitchell St 4 3","39 TWITCHELL ST 4 3","2025-09-09","2025-10-03","2025-11-25","1950000","","2475","1935"
"73350913","4 Middlesex St 5 3","4 MIDDLESEX ST 5 3","2025-03-26","2025-03-29","2025-05-15","1950000","","3005","1880"
"73324454","20 Westerly Street U:A 4 3","20 WESTERLY ST U:A 4 3","2025-01-07","2025-02-20","2025-03-18","1949000","","4257","2016"
"73393133","22 Willow Park 4 4","22 WILLOW PARK 4 4","2025-06-17","2025-06-30","2025-08-12","1948000","","4300","2016"
"73368024","30 Audubon Road 4 2","30 AUDUBON RD 4 2","2025-04-30","2025-05-04","2025-06-11","1948000","","3045","1940"
"73438196","42 Calvin Road 5 4","42 CALVIN RD 5 4","2025-09-30","2025-10-11","2025-12-04","1930000","","2962","1890"
"73141404","8 Commonwealth Park 4 4","8 COMMONWEALTH PARK 4 4","2023-07-26","2023-08-02","2023-09-20","1929000","","3839","1955"
"73344961","75 Leighton Rd 4 2","75 LEIGHTON RD 4 2","2025-03-12","2025-03-15","2025-04-17","1925000","","2773","1937"
"73164271","34 Upwey Rd 4 3","34 UPWEY RD 4 3","2023-09-26","2023-09-29","2023-11-14","1925000","","3286","1993"
"73155788","17 Crown Ridge Rd 4 2","17 CROWN RIDGE RD 4 2","2023-09-05","2023-09-09","2023-10-22","1925000","","3229","1998"
"73326600","47 Summit Road 4 2","47 SUMMIT RD 4 2","2025-01-14","2025-01-18","2025-04-13","1900000","","2322","1924"
"73170945","29 Sheridan Rd 4 3","29 SHERIDAN RD 4 3","2023-10-16","2024-01-07","2024-04-15","1899900","","3815","1945"
"73199754","28 Bancroft Road 5 4","28 BANCROFT RD 5 4","2024-02-05","2024-02-08","2024-04-28","1899000","","3038","1930"
"73446579","13 Cavanaugh Rd 4 2","13 CAVANAUGH RD 4 2","2025-10-21","2025-10-24","2025-12-01","1895000","","2965","1928"
"73357631","3 Pine Plain Rd 4 3","3 PINE PLAIN RD 4 3","2025-04-08","2025-04-12","2025-05-22","1895000","","3358","1927"
"73288268","64 Shore Road 6 5","64 SHORE RD 6 5","2024-09-10","2024-12-04","2025-01-28","1895000","","4102","1928"
"73284671","25 Thomas Rd 4 4","25 THOMAS RD 4 4","2024-09-03","2024-09-07","2024-10-24","1895000","","2470","1928"
"73253826","28 S River Street 4 2","28 S RIVER ST 4 2","2024-06-17","2024-06-20","2024-07-14","1895000","","2799","1874"
"73247639","3 Dudley Rd 4 3","3 DUDLEY RD 4 3","2024-06-04","2024-06-08","2024-08-13","1895000","","3135","1950"
"73189776","35 Pinewood 4 3","35 PINEWOOD 4 3","2024-01-01","2024-01-08","2024-03-14","1895000","","3157","2013"
"73116926","6 Appleby Rd 5 3","6 APPLEBY RD 5 3","2023-05-28","2023-06-18","2023-07-26","1895000","","3068","1916"
"73103793","14 Oakland Circle 4 3","14 OAKLAND CIR 4 3","2023-04-25","2023-05-06","2023-06-15","1895000","","3555","2018"
"73082879","137 Grove St 5 3","137 GROVE ST 5 3","2023-02-28","2023-03-12","2023-05-01","1895000","","2997","1922"
"73070038","87 Parker Rd 4 4","87 PARKER RD 4 4","2023-01-10","2023-01-16","2023-02-16","1895000","","2694","1940"
"73332955","25 Geraldine Drive 4 4","25 GERALDINE DR 4 4","2025-02-05","2025-02-08","2025-03-26","1880000","","3021","1969"
"73367412","8 Heckle St 3 3","8 HECKLE ST 3 3","2025-04-29","2025-05-09","2025-07-09","1875000","","2585","1926"
"73362592","4 Hampden Street 4 2","4 HAMPDEN ST 4 2","2025-04-21","2025-04-27","2025-07-20","1875000","","2860","1936"
"73333889","50 Fuller Brook Rd 4 3","50 FULLER BROOK RD 4 3","2025-02-09","2025-02-11","2025-04-06","1850000","","3063","1939"
"73109985","264 Wellesley Ave 4 3","264 WELLESLEY AVE 4 3","2023-05-09","2023-05-12","2023-06-04","1850000","","4209","1996"
"73425280","61 Mayo Road 3 2","61 MAYO RD 3 2","2025-09-02","2025-09-10","2025-09-29","1849000","","2360","1950"
"73385625","29 Brook Street 4 3","29 BROOK ST 4 3","2025-06-03","2025-07-15","2025-08-14","1849000","","2405","1965"
"73370824","9 Lafayette Cir 4 2","9 LAFAYETTE CIR 4 2","2025-05-06","2025-05-07","2025-08-06","1849000","","3200","1938"
"73387605","112 Woodside Ave 4 2","112 WOODSIDE AVE 4 2","2025-06-07","2025-06-14","2025-07-20","1835000","","2856","1995"
"73347026","96 Glen Rd 4 2","96 GLEN RD 4 2","2025-03-17","2025-03-21","2025-07-15","1825000","","2713","1950"
"73238890","4 Carver Road 4 2","4 CARVER RD 4 2","2024-05-14","2024-05-19","2024-06-17","1825000","","2858","1941"
"73214223","76 Crest Road 5 3","76 CREST RD 5 3","2024-03-19","2024-03-23","2024-05-02","1800000","","3365","1875"
"73116617","51 Radcliffe Road 5 3","51 RADCLIFFE RD 5 3","2023-05-25","2023-06-08","2023-09-28","1800000","","2764","1955"
"73079332","14 Benvenue Street 5 3","14 BENVENUE ST 5 3","2023-02-14","2023-02-19","2023-03-12","1800000","","3400","1932"
"73254439","7 Benton St 4 2","7 BENTON ST 4 2","2024-06-18","2024-06-23","2024-09-08","1799000","","2957","1925"
"73250011","209 Bristol Rd 4 2","209 BRISTOL RD 4 2","2024-06-09","2025-02-25","2025-03-24","1799000","","2866","1962"
"73090333","16 Fuller Brook Rd 4 4","16 FULLER BROOK RD 4 4","2023-03-21","2023-03-26","2023-06-01","1799000","","2867","1960"
"73057507","40 Haven Road 4 2","40 HAVEN RD 4 2","2022-11-09","2023-01-16","2023-02-13","1798000","","2944","1962"
"73411281","4 Arnold Rd 4 2","4 ARNOLD RD 4 2","2025-07-29","2025-08-06","2025-09-22","1795000","","3156","1864"
"73341375","4 Stevens Road 3 2","4 STEVENS RD 3 2","2025-03-04","2025-03-06","2025-04-22","1795000","","2521","1966"
"73305702","111 Pilgrim Rd 4 2","111 PILGRIM RD 4 2","2024-10-22","2024-10-27","2025-01-14","1795000","","2903","1956"
"73265696","96 Elmwood Rd. 4 2","96 ELMWOOD RD 4 2","2024-07-16","2024-08-02","2024-09-04","1795000","","2809","1963"
"73246390","5 Durant Rd 4 3","5 DURANT RD 4 3","2024-06-02","2024-06-08","2024-07-28","1795000","","3552","1924"
"73238555","95 Crest Rd 4 4","95 CREST RD 4 4","2024-05-14","2024-05-16","2024-07-31","1795000","","2941","1900"
"73231577","52 Denton Rd 4 2","52 DENTON RD 4 2","2024-04-30","2024-05-10","2024-07-08","1795000","","2244","1946"
"73231255","24 Standish Road 4 3","24 STANDISH RD 4 3","2024-04-30","2024-05-04","2024-06-23","1795000","","3103","1938"
"73214683","33 Benvenue Street 5 3","33 BENVENUE ST 5 3","2024-03-19","2024-03-24","2024-05-19","1795000","","3200","1936"
"73204330","170 Benvenue Street 5 3","170 BENVENUE ST 5 3","2024-02-20","2024-02-21","2024-04-07","1795000","","2465","1936"
"73200477","76 Washington Street 4 2","76 WASHINGTON ST 4 2","2024-02-06","2024-03-07","2024-04-08","1795000","","3265","1873"
"73123115","104 Westgate Rd 4 2","104 WESTGATE RD 4 2","2023-06-08","2023-06-10","2023-07-05","1795000","","2725","1960"
"73115905","37 Glen Road 6 3","37 GLEN RD 6 3","2023-05-23","2023-05-28","2023-07-17","1795000","","4479","1899"
"73075796","18 Elm Street 4 2","18 ELM ST 4 2","2023-02-01","2023-02-06","2023-05-04","1795000","","3051","1925"
"73237947","59 Avon Rd 4 2","59 AVON RD 4 2","2024-05-14","2024-05-18","2024-06-30","1775000","","3052","1927"
"73191596","99 Parker Road 4 3","99 PARKER RD 4 3","2024-01-07","2024-01-08","2024-02-29","1775000","","4799","1950"
"73055653","26 Woodridge Rd 4 2","26 WOODRIDGE RD 4 2","2022-11-03","2023-01-09","2023-03-07","1765000","","2597","1937"
"73083704","55 Atwood St 6 4","55 ATWOOD ST 6 4","2023-03-01","2023-04-22","2023-06-15","1755000","","2904","1911"
"73401053","21 Hickory Road 4 2","21 HICKORY RD 4 2","2025-07-07","2025-07-13","2025-08-25","1750000","","2654","1953"
"73357858","7 Madison Rd 5 2","7 MADISON RD 5 2","2025-04-09","2025-05-01","2025-06-08","1750000","","2028","1941"
"73252555","97 Elmwood Rd 5 3","97 ELMWOOD RD 5 3","2024-06-18","2024-06-21","2024-07-31","1750000","","3133","1953"
"73244404","9 Berkeley Rd 4 2","9 BERKELEY RD 4 2","2024-05-28","2024-07-30","2024-07-31","1750000","","2269","1947"
"73231815","6 Crestwood Drive 4 2","6 CRESTWOOD DR 4 2","2024-04-30","2024-05-02","2024-06-04","1750000","","2510","1958"
"73226126","37 Maugus Hill Rd 4 3","37 MAUGUS HILL RD 4 3","2024-04-18","2024-05-11","2024-06-16","1750000","","3851","1961"
"73214484","46 Leewood Rd 4 2","46 LEEWOOD RD 4 2","2024-03-19","2024-03-24","2024-05-05","1750000","","2500","1936"
"73374277","4 Granite St 4 3","4 GRANITE ST 4 3","2025-05-13","2025-06-02","2025-08-13","1749000","","2815","1952"
"73299831","4 Strathmore Road 4 2","4 STRATHMORE RD 4 2","2024-10-07","2024-10-10","2024-11-14","1749000","","2779","1928"
"73171298","3 Garrison Rd 4 3","3 GARRISON RD 4 3","2023-10-16","2023-10-19","2023-12-12","1749000","","2545","1948"
"73127568","50 Cartwright Road 4 2","50 CARTWRIGHT RD 4 2","2023-06-20","2023-08-09","2023-10-05","1749000","","2752","1964"
"73142991","36 S River 3 2","36 S RIVER 3 2","2023-07-31","2023-10-26","2023-12-05","1739900","","2868","2000"
"73285171","324 Linden St 6 5","324 LINDEN ST 6 5","2024-09-03","2024-09-08","2024-10-14","1725000","","3500","1892"
"73194187","89 Beechwood Rd 4 2","89 BEECHWOOD RD 4 2","2024-01-16","2024-01-21","2024-03-27","1725000","","2204","1953"
"73418977","29 Denton Rd 4 2","29 DENTON RD 4 2","2025-08-31","2025-09-14","2025-10-15","1700000","","2956","1921"
"73124492","25 Upson Rd 4 3","25 UPSON RD 4 3","2023-06-13","2023-08-14","2023-09-25","1699900","","2956","1994"
"73432093","6 Wilde Rd 3 2","6 WILDE RD 3 2","2025-09-16","2025-10-09","2026-01-05","1699000","","2668","1940"
"73380712","6 Willow Park 5 4","6 WILLOW PARK 5 4","2025-05-26","2025-06-16","2025-07-01","1699000","","3272","1951"
"73209279","24 Garrison Rd 4 2","24 GARRISON RD 4 2","2024-03-05","2024-03-09","2024-05-30","1699000","","2790","1938"
"73125023","45 Upson Road 4 3","45 UPSON RD 4 3","2023-06-13","2023-06-20","2023-08-27","1699000","","2500","1995"
"73103579","80 Kingsbury Street 5 2","80 KINGSBURY ST 5 2","2023-04-25","2023-05-01","2023-06-14","1699000","","2436","1910"
"73103140","93 Woodlawn Ave 3 2","93 WOODLAWN AVE 3 2","2023-04-25","2023-04-28","2023-06-04","1699000","","2351","1937"
"73100181","29 Brook Street 4 3","29 BROOK ST 4 3","2023-04-19","2023-04-21","2023-07-04","1699000","","2000","1965"
"73373337","145 Grove St 4 2","145 GROVE ST 4 2","2025-05-11","2025-05-27","2025-08-03","1695000","","2054","1920"
"73371164","117 Elmwood Rd 4 2","117 ELMWOOD RD 4 2","2025-05-06","2025-05-14","2025-06-29","1695000","","2170","1955"
"73347614","10 Springdale Ave 4 2","10 SPRINGDALE AVE 4 2","2025-03-18","2025-03-20","2025-05-21","1695000","","2255","1927"
"73250495","66 Denton Rd 5 3","66 DENTON RD 5 3","2024-06-10","2024-06-14","2024-07-01","1695000","","3337","1922"
"73247923","27 Forest Street 5 3","27 FOREST ST 5 3","2024-06-04","2024-06-27","2024-08-25","1695000","","3408","1892"
"73244048","2 Longfellow Rd 4 3","2 LONGFELLOW RD 4 3","2024-05-28","2024-06-01","2024-07-25","1695000","","2664","1953"
"73072042","5 Middlesex St 6 3","5 MIDDLESEX ST 6 3","2023-01-18","2023-01-23","2023-03-14","1695000","","3083","1906"
"73107009","66 Audubon Rd 3 2","66 AUDUBON RD 3 2","2023-05-02","2023-07-18","2023-08-17","1690000","","2360","1956"
"73241523","6 Spruce Park 3 2","6 SPRUCE PARK 3 2","2024-05-21","2024-05-27","2024-08-14","1689000","","2423","1936"
"73425270","19 Louis Drive 4 3","19 LOUIS DR 4 3","2025-09-02","2025-09-05","2025-12-02","1679000","","2820","1980"
"73248316","21 Madison Rd 4 3","21 MADISON RD 4 3","2024-06-05","2024-06-07","2024-08-11","1675000","","2684","1940"
"73083476","52 Beverly 4 2","52 BEVERLY 4 2","2023-03-01","2023-03-02","2023-04-30","1675000","","2499","1941"
"73071557","11 Vane St 3 2","11 VANE ST 3 2","2023-01-17","2023-01-19","2023-03-14","1675000","","1859","1936"
"73441844","17 Longfellow Road 4 2","17 LONGFELLOW RD 4 2","2025-10-08","2025-10-12","2025-10-22","1650000","","3040","1889"
"73374835","53 Madison Rd 4 2","53 MADISON RD 4 2","2025-05-13","2025-05-18","2025-06-24","1650000","","2514","1952"
"73247053","20 Bryn Mawr Rd 3 3","20 BRYN MAWR RD 3 3","2024-06-03","2024-06-07","2024-07-24","1650000","","2568","2007"
"73103814","110 Glen Rd 4 3","110 GLEN RD 4 3","2023-04-25","2023-04-30","2023-06-01","1650000","","3008","1977"
"73093116","8 Pine Ridge Rd 4 3","8 PINE RIDGE RD 4 3","2023-03-29","2023-03-30","2023-06-27","1650000","","2719","1925"
"73051015","10 Longfellow Rd 4 1","10 LONGFELLOW RD 4 1","2022-10-20","2022-11-14","2023-02-23","1650000","","2294","1931"
"73200463","14 Audubon Road 4 3","14 AUDUBON RD 4 3","2024-02-06","2024-02-10","2024-03-19","1649000","","2400","1952"
"73180693","31 Bay State Rd 3 2","31 BAY STATE RD 3 2","2023-11-14","2023-12-10","2024-03-04","1649000","","3000","1958"
"73262629","29 Brookfield Road 4 2","29 BROOKFIELD RD 4 2","2024-07-09","2024-07-28","2024-08-29","1625000","","2306","1947"
"73405389","14 Sunset 3 2","14 SUNSET 3 2","2025-07-15","2025-09-07","2025-10-23","1600000","","2652","1935"
"73366833","10 Paine St 3 2","10 PAINE ST 3 2","2025-04-29","2025-05-13","2025-06-22","1599000","","1826","1915"
"73112426","65 Audubon Rd 3 2","65 AUDUBON RD 3 2","2023-05-16","2023-05-17","2023-06-26","1599000","","2388","1955"
"73103136","42 Fuller Brook Rd 4 2","42 FULLER BROOK RD 4 2","2023-04-25","2023-04-29","2023-06-22","1599000","","2339","1952"
"73428859","50 Parker Road 4 2","50 PARKER RD 4 2","2025-09-09","2025-09-13","2025-11-13","1595000","","2147","1940"
"73367329","90 Edgemoor Ave 4 2","90 EDGEMOOR AVE 4 2","2025-04-29","2025-05-05","2025-07-10","1595000","","2659","1970"
"73357757","19 Orchard St 4 2","19 ORCHARD ST 4 2","2025-04-09","2025-05-01","2025-06-25","1595000","","2744","1947"
"73257377","7 Southwick Cir 5 2","7 SOUTHWICK CIR 5 2","2024-06-25","2024-07-13","2024-08-22","1595000","","2896","1942"
"73214132","17 Abbott Street 5 2","17 ABBOTT ST 5 2","2024-03-19","2024-03-24","2024-05-14","1595000","","2299","1906"
"73147983","200 Washington Street 4 3","200 WASHINGTON ST 4 3","2023-08-12","2023-12-27","2024-01-31","1595000","","2919","1863"
"73125043","5 Vane Street 4 3","5 VANE ST 4 3","2023-06-13","2023-06-18","2023-09-05","1595000","","2643","1954"
"73112687","54 Northgate Rd 4 2","54 NORTHGATE RD 4 2","2023-05-16","2023-05-19","2023-07-11","1595000","","2009","1952"
"73088011","10 Laurel Terrace 5 3","10 LAUREL TER 5 3","2023-03-14","2023-04-06","2023-06-08","1595000","","3018","1927"
"73085803","6 Pilgrim Rd 4 2","6 PILGRIM RD 4 2","2023-03-07","2023-03-12","2023-06-29","1595000","","2794","1976"
"73442600","4 Southwick Cir 3 1","4 SOUTHWICK CIR 3 1","2025-10-10","2025-10-11","2025-11-19","1580000","","2014","1942"
"73333753","17 Midland Rd 4 3","17 MIDLAND RD 4 3","2025-02-08","2025-02-13","2025-03-30","1575000","","2539","1924"
"73096761","41 Sawyer Rd 4 2","41 SAWYER RD 4 2","2023-04-09","2023-05-10","2023-07-20","1575000","","2032","1934"
"73219834","28 Lantern Lane 4 3","28 LANTERN LN 4 3","2024-04-02","2024-04-07","2024-08-08","1559000","","3450","1987"
"73277551","120 Crest Rd 3 1","120 CREST RD 3 1","2024-08-13","2024-08-22","2024-09-02","1555000","","2130","1928"
"73390286","106 Edgemoor Ave 3 2","106 EDGEMOOR AVE 3 2","2025-06-11","2025-06-28","2025-08-07","1545000","","2936","2016"
"73151639","447 Weston Road 4 3","447 WESTON RD 4 3","2023-08-22","2023-08-24","2023-10-22","1535000","","2076","1950"
"73422486","428 Weston Road 5 3","428 WESTON RD 5 3","2025-08-26","2025-10-22","2025-12-08","1534900","","2558","1938"
"73350117","112 Wellesley Ave 4 1","112 WELLESLEY AVE 4 1","2025-03-25","2025-03-30","2025-06-05","1525000","","2452","1928"
"73341778","6 Earle Rd. 4 2","6 EARLE RD 4 2","2025-03-04","2025-03-15","2025-05-01","1525000","","2384","1939"
"73432274","39 Standish Road 3 2","39 STANDISH RD 3 2","2025-09-16","2025-09-22","2025-11-11","1500000","","2154","1939"
"73208187","19 Wall St 3 2","19 WALL ST 3 2","2024-03-03","2024-03-12","2024-04-17","1500000","","2902","1940"
"73183834","3 Dexter Road 3 2","3 DEXTER RD 3 2","2023-11-28","2023-12-26","2024-01-17","1499999","","2597","1930"
"73371534","31 Bancroft 5 3","31 BANCROFT 5 3","2025-05-06","2025-05-15","2025-06-29","1499000","","2601","1927"
"73353228","6 Saunders Ter 3 2","6 SAUNDERS TER 3 2","2025-04-01","2025-04-03","2025-05-18","1499000","","1584","1925"
"73347906","11 Durant Rd 3 3","11 DURANT RD 3 3","2025-03-19","2025-03-23","2025-06-29","1499000","","2524","1930"
"73303014","47 Colburn Rd 3 2","47 COLBURN RD 3 2","2024-10-15","2024-10-20","2024-12-02","1499000","","2671","1928"
"73130590","52 Cottonwood Rd. 3 2","52 COTTONWOOD RD 3 2","2023-07-05","2024-01-17","2024-04-29","1498000","","3102","1970"
"73357500","77 Parker Rd 4 2","77 PARKER RD 4 2","2025-04-08","2025-04-12","2025-06-19","1495000","","2390","1938"
"73353723","12 Intervale Rd 3 2","12 INTERVALE RD 3 2","2025-04-01","2025-04-16","2025-05-19","1495000","","1880","1927"
"73347429","14 Curve Street 4 2","14 CURVE ST 4 2","2025-03-18","2025-03-23","2025-06-25","1495000","","2762","1915"
"73290953","2 Twitchell St 4 2","2 TWITCHELL ST 4 2","2024-09-16","2024-09-20","2024-10-21","1495000","","2470","1928"
"73168164","98 Parker Rd 3 3","98 PARKER RD 3 3","2023-10-08","2023-10-12","2023-11-30","1495000","","2495","1954"
"73128015","410 School St 5 3","410 SCHOOL ST 5 3","2023-06-20","2023-07-18","2023-08-24","1495000","","4507","2000"
"73113242","31 Woodfield Rd 3 2","31 WOODFIELD RD 3 2","2023-05-17","2023-05-24","2023-06-26","1495000","","2646","1952"
"73092550","97 Crest Rd 4 3","97 CREST RD 4 3","2023-03-28","2023-03-31","2023-05-31","1495000","","2476","1920"
"73076182","25 Crown Ridge Rd 4 2","25 CROWN RIDGE RD 4 2","2023-02-02","2023-02-09","2023-04-13","1495000","","2039","1947"
"73428820","56 Pine Plain Road 4 3","56 PINE PLAIN RD 4 3","2025-09-09","2025-09-15","2025-10-29","1475000","","2265","1937"
"73295020","5 Ivy Road 3 2","5 IVY RD 3 2","2024-09-24","2024-10-07","2024-12-12","1475000","","2170","1952"
"73238300","92 Parker Rd 3 2","92 PARKER RD 3 2","2024-05-14","2024-05-21","2024-08-13","1475000","","1812","1940"
"73159174","1 Brookfield Cir 4 2","1 BROOKFIELD CIR 4 2","2023-09-12","2023-09-17","2023-10-23","1475000","","2148","1938"
"73117713","36 Laurel Ave 3 2","36 LAUREL AVE 3 2","2023-05-30","2023-06-04","2023-07-09","1475000","","2513","1937"
"73446654","30 Colby Rd 4 2","30 COLBY RD 4 2","2025-10-21","2025-10-24","2025-12-10","1450000","","2520","1974"
"73432157","115 Parker Rd 4 1","115 PARKER RD 4 1","2025-09-16","2025-10-04","2025-11-20","1450000","","1694","1953"
"73307224","23 Priscilla Cir 3 2","23 PRISCILLA CIR 3 2","2024-10-28","2025-03-14","2025-05-01","1450000","","1539","1957"
"73287872","61 Kirkland Circle 4 2","61 KIRKLAND CIR 4 2","2024-09-09","2024-09-16","2024-10-27","1450000","","2808","1939"
"73444423","57 Cottage St 3 1","57 COTTAGE ST 3 1","2025-10-15","2025-10-20","2025-11-30","1449000","","1522","1930"
"73403473","500 Worcester Street 4 2","500 WORCESTER ST 4 2","2025-07-10","2025-08-02","2025-08-27","1449000","","3257","1913"
"73198336","17 Oakland Street 3 2","17 OAKLAND ST 3 2","2024-01-31","2024-02-04","2024-03-14","1449000","","2461","1940"
"73110218","30 S River Street 3 2","30 S RIVER ST 3 2","2023-05-10","2023-06-20","2023-07-27","1439000","","3012","1862"
"73381837","45 Shirley Rd 4 1","45 SHIRLEY RD 4 1","2025-05-28","2025-05-30","2025-08-13","1425000","","2306","1961"
"73156213","7 Bacon St 4 2","7 BACON ST 4 2","2023-09-05","2023-10-01","2023-11-21","1425000","","1914","1961"
"73144429","31-B Oak St 3 2","31-B OAK ST 3 2","2023-08-02","2023-08-03","2023-10-05","1425000","","1790","1952"
"73092281","3 Sprague 5 5","3 SPRAGUE 5 5","2023-03-27","2023-03-31","2023-05-09","1425000","","3480","1955"
"73274562","679 Worcester St 6 3","679 WORCESTER ST 6 3","2024-08-05","2024-10-23","2025-01-30","1399900","","3291","1870"
"73140461","9 Damien Rd 4 2","9 DAMIEN RD 4 2","2023-07-24","2023-08-29","2023-10-01","1399900","","2005","1930"
"73339277","11 Maurice Rd 3 1","11 MAURICE RD 3 1","2025-02-26","2025-03-01","2025-04-10","1399000","","1620","1937"
"73231419","225 Walnut St 6 3","225 WALNUT ST 6 3","2024-04-30","2024-06-11","2024-08-01","1399000","","3417","1899"
"73178547","17 Upwey Rd 3 1","17 UPWEY RD 3 1","2023-11-07","2023-12-07","2024-02-08","1399000","","1764","1939"
"73148921","2 Shirley Rd 3 2","2 SHIRLEY RD 3 2","2023-08-15","2023-09-21","2023-10-26","1399000","","1985","1940"
"73082912","7 Summit Rd 4 2","7 SUMMIT RD 4 2","2023-02-28","2023-03-04","2023-06-04","1399000","","1911","1938"
"73443656","23 Cottonwood Rd 4 3","23 COTTONWOOD RD 4 3","2025-10-14","2025-10-16","2025-12-01","1395000","","2396","1960"
"73424867","1 Roberts Rd 3 3","1 ROBERTS RD 3 3","2025-09-02","2025-09-10","2025-10-23","1395000","","2499","1929"
"73378392","40 Upson Rd 3 2","40 UPSON RD 3 2","2025-05-20","2025-05-23","2025-06-29","1395000","","1849","1937"
"73368427","15 Lafayette Cir 3 1","15 LAFAYETTE CIR 3 1","2025-04-30","2025-05-28","2025-07-24","1395000","","1719","1938"
"73258894","20 Morses Pond Road 3 2","20 MORSES POND RD 3 2","2024-06-28","2024-07-02","2024-08-08","1395000","","2242","1913"
"73238353","22 Priscilla Cir 4 2","22 PRISCILLA CIR 4 2","2024-05-14","2024-05-19","2024-07-07","1395000","","2575","1958"
"73085559","71 Smith St. 4 2","71 SMITH ST 4 2","2023-03-07","2023-04-10","2023-05-30","1395000","","2016","1988"
"73388056","109 Elmwood Rd 3 3","109 ELMWOOD RD 3 3","2025-06-10","2025-06-28","2025-08-14","1385000","","2081","1968"
"73390215","39 Park Avenue 3 1","39 PARK AVE 3 1","2025-06-11","2025-09-03","2025-09-29","1375000","","1199","1877"
"73323987","20 Sunset Road 3 2","20 SUNSET RD 3 2","2025-01-06","2025-01-14","2025-03-16","1375000","","1997","1936"
"73307616","39 Mayo Road 3 2","39 MAYO RD 3 2","2024-10-29","2024-11-03","2024-12-11","1375000","","1725","1950"
"73219450","4 High Ledge Avenue 3 1","4 HIGH LEDGE AVE 3 1","2024-04-02","2024-04-04","2024-06-02","1375000","","2096","1949"
"73211989","37 Kirkland Cir 4 2","37 KIRKLAND CIR 4 2","2024-03-12","2024-03-13","2024-04-22","1375000","","2346","1938"
"73170817","82 Beechwood Rd 4 3","82 BEECHWOOD RD 4 3","2023-10-15","2023-10-17","2023-11-06","1375000","","2836","1940"
"73141158","118 Parker Road 3 2","118 PARKER RD 3 2","2023-07-25","2023-07-30","2023-09-14","1360000","","1933","1953"
"73432294","25 Columbia St 6 3","25 COLUMBIA ST 6 3","2025-09-16","2025-11-03","2025-12-10","1350000","","2667","1790"
"73375167","20 Garrison Rd 3 2","20 GARRISON RD 3 2","2025-05-13","2025-05-16","2025-06-23","1350000","","1816","1937"
"73244390","27 Lexington Rd 4 2","27 LEXINGTON RD 4 2","2024-05-28","2024-08-11","2024-09-22","1350000","","2024","1970"
"73161364","30 Overbrook Drive 5 2","30 OVERBROOK DR 5 2","2023-09-19","2023-09-22","2023-11-16","1350000","","3022","1890"
"73159178","11 Wilde Rd 4 2","11 WILDE RD 4 2","2023-09-12","2023-09-20","2023-10-19","1350000","","2122","1937"
"73111666","51 Boulder Brook Rd 3 1","51 BOULDER BROOK RD 3 1","2023-05-15","2023-05-18","2024-07-31","1350000","","1879","1947"
"73092567","25 Francis Rd 6 3","25 FRANCIS RD 6 3","2023-03-28","2023-04-02","2023-05-11","1350000","","3795","1927"
"73083391","11 Oakencroft Road 4 3","11 OAKENCROFT RD 4 3","2023-02-28","2023-03-05","2023-04-05","1350000","","2142","1937"
"73080910","75 Curve St 4 2","75 CURVE ST 4 2","2023-02-21","2023-02-23","2023-03-28","1350000","","2085","1914"
"73074499","36 Summit Rd 3 2","36 SUMMIT RD 3 2","2023-01-29","2023-02-02","2023-03-12","1350000","","1864","1936"
"73344945","15 Oriole Rd 3 2","15 ORIOLE RD 3 2","2025-03-12","2025-03-17","2025-04-23","1349000","","1700","1955"
"73237933","39 Prospect Street 5 3","39 PROSPECT ST 5 3","2024-05-14","2024-05-22","2024-07-31","1349000","","2692","1994"
"73164273","120 Crest Rd 3 1","120 CREST RD 3 1","2023-09-26","2023-09-28","2023-10-24","1349000","","2130","1928"
"73274901","17 Colburn Rd 3 1","17 COLBURN RD 3 1","2024-08-06","2024-08-16","2024-09-22","1340000","","1878","1938"
"73279524","8 Oakdale Ave 3 2","8 OAKDALE AVE 3 2","2024-08-22","2024-08-25","2024-09-30","1325000","","2447","1963"
"73221170","41 Rice St 3 3","41 RICE ST 3 3","2024-04-07","2024-04-10","2024-05-23","1325000","","1918","1877"
"73158074","57 Cottage St 3 1","57 COTTAGE ST 3 1","2023-09-10","2023-09-14","2023-10-25","1325000","","1625","1930"
"73118032","3 Claflin Road 3 2","3 CLAFLIN RD 3 2","2023-05-30","2023-06-03","2023-07-16","1325000","","1925","1920"
"73385685","45 Mayo Rd 3 2","45 MAYO RD 3 2","2025-06-03","2025-06-08","2026-01-07","1300000","","1581","1947"
"73289792","24 Hampden St 6 2","24 HAMPDEN ST 6 2","2024-09-12","2024-09-17","2024-10-27","1300000","","2749","1910"
"73202470","374 Weston Rd 4 1","374 WESTON RD 4 1","2024-02-13","2024-03-10","2024-04-25","1300000","","1926","1932"
"73198121","14 Ivy Rd 3 1","14 IVY RD 3 1","2024-01-30","2024-02-03","2024-03-10","1300000","","1696","1949"
"73169181","15 Cedar Street 4 3","15 CEDAR ST 4 3","2023-10-10","2023-10-12","2023-11-21","1300000","","3516","1986"
"73168906","24 Fuller Brook Road 3 2","24 FULLER BROOK RD 3 2","2023-10-10","2023-11-03","2023-12-21","1299900","","2157","1942"
"73380382","74 Curve St 3 1","74 CURVE ST 3 1","2025-05-26","2025-06-01","2025-07-15","1299000","","1550","1960"
"73288360","25 Glen Road 4 2","25 GLEN RD 4 2","2024-09-10","2024-09-15","2024-11-03","1299000","","2212","1910"
"73173656","12 Curve St 4 1","12 CURVE ST 4 1","2023-10-23","2023-11-08","2023-12-26","1299000","","1550","1920"
"73097565","16 Abbott Street 3 2","16 ABBOTT ST 3 2","2023-04-11","2023-04-16","2023-05-07","1299000","","2290","1887"
"73082400","42 Cottage St 4 1","42 COTTAGE ST 4 1","2023-02-27","2023-03-08","2023-04-26","1299000","","1740","1900"
"73400131","28 Cunningham Road 3 2","28 CUNNINGHAM RD 3 2","2025-07-06","2025-07-08","2025-09-02","1295000","","2118","1927"
"73358438","35 Windemere Rd 3 2","35 WINDEMERE RD 3 2","2025-04-09","2025-05-13","2025-07-29","1295000","","1774","1955"
"73310819","35 Garrison Rd 3 2","35 GARRISON RD 3 2","2024-11-06","2024-11-09","2025-01-23","1295000","","2191","1937"
"73292069","298 Weston Rd 3 2","298 WESTON RD 3 2","2024-09-17","2024-09-26","2024-11-21","1295000","","2395","1924"
"73287342","7 Hastings Street 4 2","7 HASTINGS ST 4 2","2024-09-08","2024-09-23","2024-10-27","1295000","","1967","1920"
"73278012","10 Strathmore Road 4 2","10 STRATHMORE RD 4 2","2024-08-14","2024-08-18","2024-10-27","1295000","","2076","1945"
"73240233","25 Curve St 3 2","25 CURVE ST 3 2","2024-05-17","2024-05-19","2024-05-29","1295000","","1675","1910"
"73235463","73 Prospect St 4 1","73 PROSPECT ST 4 1","2024-05-08","2024-05-10","2024-06-25","1295000","","1920","1901"
"73228384","397 Linden Street 5 1","397 LINDEN ST 5 1","2024-04-23","2024-04-30","2024-06-25","1295000","","2719","1868"
"73108620","48 Fuller Brook Rd 3 2","48 FULLER BROOK RD 3 2","2023-05-07","2023-05-11","2023-07-10","1295000","","1772","1941"
"73092225","36 Sunset Road 2 3","36 SUNSET RD 2 3","2023-03-27","2023-04-05","2023-05-04","1295000","","2460","1934"
"73078834","33 Avon Road 3 1","33 AVON RD 3 1","2023-02-13","2023-02-17","2023-04-18","1295000","","1694","1928"
"73350724","3 Bobolink Rd 4 3","3 BOBOLINK RD 4 3","2025-03-25","2025-03-30","2025-06-15","1289000","","2354","1875"
"73174639","27 Heckle St 5 3","27 HECKLE ST 5 3","2023-10-25","2023-10-29","2023-12-26","1289000","","2963","1927"
"73432697","81 River Street 6 2","81 RIVER ST 6 2","2025-09-17","2025-10-13","2025-11-16","1275000","","2816","1871"
"73408678","36 Donizetti St 3 2","36 DONIZETTI ST 3 2","2025-07-22","2025-07-27","2025-08-25","1275000","","1697","1890"
"73390306","1 Bow Street 3 2","1 BOW ST 3 2","2025-06-11","2025-06-20","2025-08-06","1275000","","1650","1958"
"73222397","12 Durant Road 3 2","12 DURANT RD 3 2","2024-04-09","2024-04-11","2024-07-29","1275000","","1965","1928"
"73154181","6 Fisher Ave 4 3","6 FISHER AVE 4 3","2023-08-30","2024-04-02","2024-04-30","1275000","","1966","1980"
"73075842","16 Granite Street 4 1","16 GRANITE ST 4 1","2023-02-01","2023-03-26","2023-05-04","1259000","","1701","1938"
"73365688","11 Sessions St 3 2","11 SESSIONS ST 3 2","2025-04-27","2025-05-15","2025-05-27","1250000","","1675","1914"
"73338960","64 Curve Street 4 2","64 CURVE ST 4 2","2025-02-25","2025-03-02","2025-04-23","1250000","","2087","1900"
"73332354","5 Bow St 3 2","5 BOW ST 3 2","2025-02-03","2025-02-14","2025-03-30","1250000","","2003","1898"
"73263782","11 Bryn Mawr Rd 3 1","11 BRYN MAWR RD 3 1","2024-07-10","2024-09-06","2024-10-10","1250000","","1108","1930"
"73206673","58 Curve St 3 1","58 CURVE ST 3 1","2024-02-27","2024-02-29","2024-04-17","1250000","","1991","1910"
"73170252","42 Summit Road 3 1","42 SUMMIT RD 3 1","2023-10-12","2023-10-15","2024-01-29","1250000","","1700","1933"
"73127494","19 Edgemoor Ave 4 3","19 EDGEMOOR AVE 4 3","2023-06-20","2023-06-25","2023-08-15","1250000","","1584","2001"
"73081434","43 College Road 2 2","43 COLLEGE RD 2 2","2023-02-22","2023-02-27","2023-04-17","1250000","","1279","1947"
"73287378","23 Lexington Rd 4 2","23 LEXINGTON RD 4 2","2024-09-08","2025-02-10","2025-04-02","1249000","","1488","1958"
"73435446","31 Kingsbury St 3 1","31 KINGSBURY ST 3 1","2025-09-23","2025-09-28","2025-11-11","1245000","","1372","1917"
"73366638","241 Weston Rd 3 1","241 WESTON RD 3 1","2025-04-29","2025-05-10","2025-06-29","1229000","","1727","1927"
"73389515","23 Wareland Rd 3 2","23 WARELAND RD 3 2","2025-06-10","2025-06-13","2025-07-13","1225000","","2896","1959"
"73090235","298 Weston Rd 3 2","298 WESTON RD 3 2","2023-03-21","2023-03-27","2023-05-04","1225000","","2395","1924"
"73072379","17 Pleasant Street U:17 4 3","17 PLEASANT ST U:17 4 3","2023-01-19","2023-03-09","2023-04-09","1220000","","2200","1917"
"73231460","62 Pleasant 2 2","62 PLEASANT 2 2","2024-04-30","2024-05-21","2024-06-27","1205000","","1260","1938"
"73397204","21 Wellesley Ave 4 3","21 WELLESLEY AVE 4 3","2025-06-25","2025-06-29","2025-07-17","1200000","","2430","1922"
"73341416","282 Oakland Street 3 2","282 OAKLAND ST 3 2","2025-03-04","2025-04-10","2025-05-20","1200000","","1859","1937"
"73322316","8 Hastings St 3 1","8 HASTINGS ST 3 1","2025-01-01","2025-01-10","2025-02-13","1200000","","1871","1900"
"73159254","15 Cunningham Road 3 1","15 CUNNINGHAM RD 3 1","2023-09-12","2023-09-22","2023-10-23","1200000","","1505","1930"
"73140489","19 Northgate Road 3 1","19 NORTHGATE RD 3 1","2023-07-15","2023-07-26","2023-09-25","1200000","","1678","1951"
"73217027","73 Brook St 2 1","73 BROOK ST 2 1","2024-03-26","2024-04-01","2024-04-18","1199000","","1448","1928"
"73211830","26 Cottage St 4 2","26 COTTAGE ST 4 2","2024-03-12","2024-03-18","2024-04-17","1199000","","1896","1871"
"73182938","1 Bancroft Road 4 1","1 BANCROFT RD 4 1","2023-11-26","2023-12-04","2024-01-21","1199000","","1899","1922"
"73117687","37 River Ridge Road 3 2","37 RIVER RIDGE RD 3 2","2023-05-30","2023-08-13","2023-10-03","1199000","","2309","1987"
"73443551","5 Intervale Rd 2 2","5 INTERVALE RD 2 2","2025-10-14","2025-10-30","2025-11-20","1195000","","2168","1923"
"73441314","365 Weston Road 4 2","365 WESTON RD 4 2","2025-10-07","2025-10-22","2025-12-02","1195000","","1743","1905"
"73363807","14 Intervale Road 3 2","14 INTERVALE RD 3 2","2025-04-22","2025-05-22","2025-07-13","1195000","","1599","1940"
"73355996","3 Rockland St 3 2","3 ROCKLAND ST 3 2","2025-04-06","2025-06-29","2025-07-31","1195000","","2304","1887"
"73306515","3 Vista Rd 3 2","3 VISTA RD 3 2","2024-10-24","2024-10-29","2024-12-16","1195000","","1730","1923"
"73219703","346 Linden Street 3 2","346 LINDEN ST 3 2","2024-04-02","2024-04-07","2024-06-16","1195000","","2044","1940"
"73200394","14 Bird Hill Avenue 3 2","14 BIRD HILL AVE 3 2","2024-02-06","2024-02-16","2024-03-28","1195000","","1407","1949"
"73097575","144 Oakland Street 4 2","144 OAKLAND ST 4 2","2023-04-11","2023-04-16","2023-06-27","1195000","","1950","1893"
"73077404","432 Weston Road 3 2","432 WESTON RD 3 2","2023-02-07","2023-02-10","2023-03-13","1195000","","1654","1937"
"73244032","91 Prospect 4 2","91 PROSPECT 4 2","2024-05-28","2024-06-06","2024-07-11","1190000","","1500","1954"
"73106381","3 BOBOLINK ROAD 4 3","3 BOBOLINK RD 4 3","2023-05-02","2023-06-29","2023-08-23","1190000","","2354","1875"
"73043235","2 Brookdale Ave 4 2","2 BROOKDALE AVE 4 2","2022-09-29","2022-11-29","2023-01-23","1190000","","2420","1968"
"73100620","35 Overbrook Dr 3 2","35 OVERBROOK DR 3 2","2023-04-18","2023-04-22","2023-06-01","1180000","","1934","1904"
"73332655","21 Intervale Road 3 1","21 INTERVALE RD 3 1","2025-02-04","2025-02-07","2025-03-17","1175000","","1648","1926"
"73266762","19 Wareland Rd 4 2","19 WARELAND RD 4 2","2024-07-17","2024-08-07","2024-09-30","1175000","","2020","1952"
"73231685","77 Wellesley Ave 4 2","77 WELLESLEY AVE 4 2","2024-04-30","2024-05-13","2024-06-13","1175000","","1832","1952"
"73231381","17 Roberts Rd 3 1","17 ROBERTS RD 3 1","2024-04-30","2024-05-04","2024-06-06","1175000","","1559","1940"
"73261560","4 Earle Road 3 2","4 EARLE RD 3 2","2024-07-08","2024-07-30","2024-09-18","1160000","","1708","1939"
"73263781","66 River Street 3 1","66 RIVER ST 3 1","2024-07-10","2024-07-23","2024-09-08","1159000","","1671","1925"
"73117977","12 Wildon Rd 3 1","12 WILDON RD 3 1","2023-05-30","2023-06-04","2023-08-14","1150000","","1585","1940"
"73056942","19 Eaton Ct 6 1","19 EATON CT 6 1","2022-11-08","2023-01-04","2023-01-30","1150000","","2756","1900"
"73405722","9 Stonecleve Rd 3 2","9 STONECLEVE RD 3 2","2025-07-15","2025-10-30","2025-11-18","1149900","","1913","1960"
"73251361","38 Riverdale Road 4 1","38 RIVERDALE RD 4 1","2024-06-11","2024-07-05","2024-08-27","1149000","","2050","1918"
"73357422","13 Fells Rd 3 1","13 FELLS RD 3 1","2025-04-08","2025-04-23","2025-06-05","1100000","","1518","1908"
"73314224","721 Worcester St 4 2","721 WORCESTER ST 4 2","2024-11-19","2024-11-26","2025-01-16","1100000","","2416","1960"
"73108898","21 Fuller Brook Rd 3 1","21 FULLER BROOK RD 3 1","2023-05-08","2023-05-14","2023-06-28","1100000","","1936","1941"
"73081271","44 Chesterton Rd 4 2","44 CHESTERTON RD 4 2","2023-02-21","2023-02-24","2023-03-30","1100000","","2249","1950"
"73422944","28 Poplar Rd 3 2","28 POPLAR RD 3 2","2025-08-27","2025-08-31","2025-10-30","1098000","","1824","1959"
"73238244","373 Worcester Street 3 1","373 WORCESTER ST 3 1","2024-05-14","2024-06-06","2024-07-08","1095000","","2006","1935"
"73161885","401 Weston Rd 3 1","401 WESTON RD 3 1","2023-09-20","2023-09-23","2023-10-31","1095000","","1729","1925"
"73119323","392 Wellesley Ave 4 2","392 WELLESLEY AVE 4 2","2023-05-31","2023-06-06","2023-08-14","1095000","","2247","1945"
"73121965","16 Woodfield Rd 3 1","16 WOODFIELD RD 3 1","2023-06-06","2023-06-12","2023-07-18","1075000","","1440","1952"
"73084781","421 Weston Road 3 1","421 WESTON RD 3 1","2023-03-05","2023-03-09","2023-04-17","1075000","","1430","1930"
"73287751","312 Linden St 3 3","312 LINDEN ST 3 3","2024-09-09","2025-01-05","2025-02-18","1070000","","1136","1933"
"73417325","26 Kimlo Rd 3 2","26 KIMLO RD 3 2","2025-08-12","2025-08-27","2025-12-01","1065000","","1505","1947"
"73087909","155 Cedar St 4 2","155 CEDAR ST 4 2","2023-03-14","2023-03-17","2023-05-24","1055000","","2568","1900"
"73347789","9 Wiswall Circle U:9 2 2","9 WISWALL CIR U:9 2 2","2025-03-18","2025-03-24","2025-04-14","1050000","","1732","1982"
"73171795","19 Harris Ave 4 3","19 HARRIS AVE 4 3","2023-10-17","2023-10-21","2023-11-29","1050000","","2829","1978"
"73157753","27 Boulevard Rd 4 1","27 BLVD RD 4 1","2023-09-09","2023-09-16","2023-10-26","1050000","","2132","1930"
"73109560","33 Bay View Rd 3 2","33 BAY VIEW RD 3 2","2023-05-09","2023-05-14","2023-06-29","1050000","","1522","1940"
"73074917","345 Linden 3 1","345 LINDEN 3 1","2023-01-30","2023-04-01","2023-05-09","1050000","","2021","1897"
"73047288","94 Great Plain Ave 4 1","94 GREAT PLAIN AVE 4 1","2022-10-11","2023-01-04","2023-02-27","1050000","","2020","1850"
"73055287","294 Weston Rd 3 1","294 WESTON RD 3 1","2022-11-02","2023-01-08","2023-02-16","1025000","","1608","1937"
"73269063","75 Russell Rd 2 2","75 RUSSELL RD 2 2","2024-07-23","2024-11-06","2024-12-09","1000000","","1512","1990"
"73261257","62 Donizetti St 2 1","62 DONIZETTI ST 2 1","2024-07-07","2024-07-17","2024-08-13","999999","","720","1940"
"73277412","85 Cedar Street 3 1","85 CEDAR ST 3 1","2024-08-13","2024-08-18","2024-09-22","999500","","1161","1955"
"73329527","32 Cavanaugh Road 3 1","32 CAVANAUGH RD 3 1","2025-01-26","2025-01-29","2025-02-26","995000","","1512","1928"
"73287451","44 Hundreds Road 3 2","44 HUNDREDS RD 3 2","2024-09-08","2024-09-11","2024-10-24","995000","","2092","1939"
"73228414","6 Oakland Street 3 2","6 OAKLAND ST 3 2","2024-04-23","2024-04-30","2024-05-30","995000","","1178","1935"
"73220526","32 S Woodside Avenue 3 1","32 S WOODSIDE AVE 3 1","2024-04-03","2024-04-08","2024-07-09","995000","","1047","1865"
"73349678","17 Schaller St 4 1","17 SCHALLER ST 4 1","2025-03-26","2025-04-02","2025-05-15","980000","","1561","1932"
"73271675","22 Stonecleve Rd 3 1","22 STONECLEVE RD 3 1","2024-07-30","2025-01-26","2025-03-20","980000","","1367","1930"
"73216646","10 Fife Rd 3 1","10 FIFE RD 3 1","2024-03-25","2024-03-28","2024-10-24","965000","","1344","1940"
"73136302","731 Worcester St 3 2","731 WORCESTER ST 3 2","2023-07-12","2024-02-07","2024-04-04","960000","","2405","1912"
"73394326","22 Kimlo Rd 3 2","22 KIMLO RD 3 2","2025-06-19","2025-07-11","2025-09-30","950000","","1466","1948"
"73319552","46 Upson Rd 2 1","46 UPSON RD 2 1","2024-12-11","2024-12-13","2025-01-23","950000","","1092","1948"
"73149830","31 Charles St 3 2","31 CHARLES ST 3 2","2023-08-16","2023-09-17","2023-10-01","950000","","1866","1912"
"73005674","27 Kirkland Circle 4 1","27 KIRKLAND CIR 4 1","2022-06-27","2022-09-15","2023-03-14","944900","","1555","1941"
"73004933","25 Shaw Rd 2 1","25 SHAW RD 2 1","2022-06-27","2023-02-19","2023-07-24","909000","","1200","1938"
"73351951","24 Edgemoor Ave 2 1","24 EDGEMOOR AVE 2 1","2025-03-29","2025-04-01","2025-04-29","899000","","1317","1935"
"73277345","41 Park Ave 2 1","41 PARK AVE 2 1","2024-08-12","2024-10-17","2024-12-01","899000","","1000","1918"
"73266150","15 Hill Top Road 2 1","15 HILL TOP RD 2 1","2024-07-16","2024-07-24","2024-08-28","899000","","1008","1940"
"73091006","44 Cottonwood Road 3 1","44 COTTONWOOD RD 3 1","2023-03-23","2023-03-24","2023-05-24","899000","","1357","1969"
"73350619","12 Stonecleve Rd 2 2","12 STONECLEVE RD 2 2","2025-03-25","2025-07-02","2025-10-23","895000","","1302","1919"
"73102941","11 Alba Road 3 1","11 ALBA RD 3 1","2023-04-24","2023-05-01","2023-06-05","895000","","1440","1949"
"73159219","814 Worcester Street 3 2","814 WORCESTER ST 3 2","2023-09-12","2023-11-30","2024-01-28","890000","","2085","1925"
"73265931","6 Intervale Rd 2 1","6 INTERVALE RD 2 1","2024-07-16","2024-07-19","2024-10-24","875000","","990","1959"
"73141827","25 Thomas Rd 3 1","25 THOMAS RD 3 1","2023-07-27","2023-08-07","2023-08-30","875000","","1288","1928"
"73406758","847 Worcester St 3 2","847 WORCESTER ST 3 2","2025-07-17","2025-10-08","2025-11-11","855000","","1555","1920"
"73346339","368 Worcester Street 6 3","368 WORCESTER ST 6 3","2025-03-16","2025-03-20","2025-04-20","850000","","3005","1920"
"73156047","855 Worcester St 3 2","855 WORCESTER ST 3 2","2023-09-05","2023-09-19","2023-10-25","800000","","1404","1960"
"73264824","838 Worcester 4 2","838 WORCESTER 4 2","2024-07-14","2024-09-30","2024-11-06","799999","","2380","1920"
"73048856","63 Russell Rd 4 1","63 RUSSELL RD 4 1","2022-10-18","2023-01-05","2023-02-16","799900","","1648","1969"
"73081486","61 Beechwood Rd 3 2","61 BEECHWOOD RD 3 2","2023-03-01","2023-03-04","2023-03-21","799000","","1488","1945"
"73173994","603 Worcester St 3 2","603 WORCESTER ST 3 2","2023-10-24","2023-10-28","2024-08-14","795000","","2188","1959"
"73113870","6 Walnut Place 3 1","6 WALNUT PL 3 1","2023-05-17","2023-05-25","2023-06-19","795000","","1674","1873"
"73353888","32 Rockland St 3 1","32 ROCKLAND ST 3 1","2025-04-01","2025-04-02","2025-05-07","775000","","1798","1963"
"73028177","1 Dale St 3 2","1 DALE ST 3 2","2022-08-21","2023-06-29","2023-08-16","774900","","1218","1940"
"73313042","40 Cedar St 2 1","40 CEDAR ST 2 1","2024-11-14","2025-02-02","2025-03-09","725000","","840","1870"
"73085558","51 Riverdale Road 3 2","51 RIVERDALE RD 3 2","2023-03-07","2023-03-13","2023-04-27","725000","","1355","1925"
"73300894","17 Pine Plain Road 1 1","17 PINE PLAIN RD 1 1","2024-10-09","2024-11-10","2025-01-06","715000","","676","1929"
"73115057","460 WORCESTER STREET 1 1","460 WORCESTER ST 1 1","2023-05-21","2023-05-23","2023-06-13","599000","","1248","1920"
"73426863","87 Hundreds Rd","87 HUNDREDS RD","2025-09-04","2025-09-16","2025-10-15","6250000","","",""
"73292242","52 Valley Rd","52 VALLEY RD","2024-09-18","2025-01-27","2025-03-23","4400000","","",""
"73163127","15 Lathrop Rd","15 LATHROP RD","2023-09-24","2023-11-15","2024-05-21","2688000","","",""
"73187344","222 Grove - Land","222 GROVE - LAND","2023-12-12","2024-02-21","2024-05-28","2675000","","",""
"73240714","17 Suffolk Rd","17 SUFFOLK RD","2024-05-19","2024-05-29","2024-10-03","2250000","","",""
"73402960","67 Old Colony Rd","67 OLD COLONY RD","2025-07-09","2025-07-23","2025-08-28","2175000","","",""
"73102988","201 Lowell Road","201 LOWELL RD","2023-04-24","2023-05-01","2023-08-08","1400000","","",""
"73076749","25 Oak St","25 OAK ST","2023-02-05","2023-02-07","2023-03-14","1199000","","",""
"73327221","22-24 Edgemoor Ave","22-24 EDGEMOOR AVE","2025-01-17","2025-01-18","2025-03-06","750000","","",""
"72810980","51 Scotch Pine Road 6 8","51 SCOTCH PINE RD 6 8","2021-04-07","2022-11-07","2022-12-28","12500000","","14000","1984"
"72829319","166 Edmunds Rd 4 7","166 EDMUNDS RD 4 7","2021-05-10","2021-05-16","2021-09-14","9750000","","9656","1936"
"72676691","209 Cliff Rd 7 6","209 CLIFF RD 7 6","2020-06-17","2020-06-18","2020-08-11","8995000","","9842","1938"
"72617745","1 & 11 Kenilworth Rd 7 8","1 & 11 KENILWORTH RD 7 8","2020-02-09","2020-07-03","2020-07-30","8995000","","10099","2020"
"73045983","14 Monadnock Road 5 5","14 MONADNOCK RD 5 5","2022-10-07","2022-10-08","2022-11-29","7800000","","9576","1936"
"72583851","103 Livingston Rd 7 7","103 LIVINGSTON RD 7 7","2019-10-22","2020-06-25","2020-08-30","7750000","","8667","2018"
"72856388","9 Peirce Rd 7 5","9 PEIRCE RD 7 5","2021-06-23","2021-06-30","2021-09-14","7700000","","9250","1936"
"72855796","45 Ravine Rd 6 8","45 RAVINE RD 6 8","2021-06-23","2021-06-24","2021-08-12","6850000","","9730","2006"
"72944961","30 Falmouth Rd 6 6","30 FALMOUTH RD 6 6","2022-02-21","2022-03-12","2022-12-12","6795000","","8819","2022"
"72816315","62 Carisbrooke Road 8 5","62 CARISBROOKE RD 8 5","2021-04-15","2021-05-02","2021-06-15","6750000","","6789","1938"
"72769338","159 Dover Rd and 38 Livingston Rd 7 7","159 DOVER RD AND 38 LIVINGSTON RD 7 7","2020-12-26","2021-01-08","2021-02-24","6650000","","8938","2016"
"73052485","28 Sturbridge Rd 6 6","28 STURBRIDGE RD 6 6","2022-10-26","2022-11-30","2023-01-12","5895000","","7800","2022"
"72934492","89 Ledgeways 6 7","89 LEDGEWAYS 6 7","2022-01-16","2022-01-21","2022-03-08","5695000","","6633","1930"
"72957188","77 Woodcliff Road 5 4","77 WOODCLIFF RD 5 4","2022-03-23","2022-05-16","2022-06-29","5495000","","6348","1938"
"72781427","8 Lowell Rd 6 6","8 LOWELL RD 6 6","2021-02-01","2021-03-07","2021-08-31","5495000","","7500","2021"
"72685493","38 Windsor Road 5 6","38 WINDSOR RD 5 6","2020-07-05","2020-08-11","2020-11-12","5495000","","7750","2020"
"72584090","10 Albion Rd 6 6","10 ALBION RD 6 6","2019-10-22","2020-06-28","2020-08-10","5495000","","7900","2019"
"72945333","92 Hundreds Rd 6 7","92 HUNDREDS RD 6 7","2022-02-22","2022-02-26","2022-06-22","4995000","","8602","2010"
"72696249","21 Greylock Road 7 7","21 GREYLOCK RD 7 7","2020-07-21","2021-02-04","2022-01-27","4995000","","8000","2020"
"72665035","62 Hampshire Road 7 6","62 HAMPSHIRE RD 7 6","2020-05-31","2020-08-11","2020-09-22","4995000","","9065","2020"
"72440081","15 Falmouth Circle 7 6","15 FALMOUTH CIR 7 6","2019-01-10","2019-04-03","2020-05-04","4995000","","7804","2019"
"72854444","190 Pond Rd 5 6","190 POND RD 5 6","2021-06-21","2021-12-09","2022-01-27","4950000","","7495","1994"
"72729066","62 & 66 Temple Rd 5 5","62 & 66 TEMPLE RD 5 5","2020-09-17","2020-10-05","2021-01-05","4875000","","6278","1906"
"72668836","43 Highgate 5 4","43 HIGHGATE 5 4","2020-06-05","2020-09-11","2020-12-03","4875000","","7000","1996"
"72995949","146 Lowell Road 6 5","146 LOWELL RD 6 5","2022-06-09","2022-07-13","2022-08-09","4800000","","7323","2022"
"72681765","60 White Oak Rd 5 6","60 WHITE OAK RD 5 6","2020-06-26","2020-06-28","2020-09-01","4795000","","6876","2012"
"72520847","47 Royalston Road 5 6","47 ROYALSTON RD 5 6","2019-06-17","2019-10-17","2020-02-27","4795000","","7763","2019"
"72829868","58 Ridge Hill Farm Rd 5 7","58 RIDGE HILL FARM RD 5 7","2021-05-11","2021-05-13","2021-06-29","4695000","","8112","2013"
"72947862","68 Woodcliff Rd 5 6","68 WOODCLIFF RD 5 6","2022-03-01","2022-03-01","2022-05-03","4650000","","8152","2009"
"72906189","15 Winding River Cir 6 7","15 WINDING RIVER CIR 6 7","2021-10-07","2021-10-30","2021-12-15","4595000","","8293","2001"
"72772343","12 Mountview Rd 5 6","12 MOUNTVIEW RD 5 6","2021-01-06","2021-01-09","2021-03-31","4585000","","7207","2014"
"72600449","16 Ridge Hill Farm Rd 5 5","16 RIDGE HILL FARM RD 5 5","2019-12-12","2021-01-21","2021-02-28","4550000","","7451","2019"
"72822358","68 Woodcliff 5 6","68 WOODCLIFF 5 6","2021-04-27","2021-05-14","2021-07-13","4500000","","8152","2009"
"72653133","15 Woodcliff Rd 6 6","15 WOODCLIFF RD 6 6","2020-05-06","2020-06-01","2020-06-29","4495000","","7945","1933"
"72508818","95 Albion Rd 7 6","95 ALBION RD 7 6","2019-05-29","2019-06-25","2020-04-01","4495000","","8000","2019"
"72675447","17 Clark Road 6 8","17 CLARK RD 6 8","2020-06-16","2020-10-04","2020-11-30","4475000","","7443","2002"
"73054319","29 Croton St 5 4","29 CROTON ST 5 4","2022-11-01","2022-11-10","2022-12-22","4450000","","6500","1915"
"72674152","124 Dover Rd 6 6","124 DOVER RD 6 6","2020-06-14","2020-06-16","2020-08-30","4400000","","9702","2005"
"72954326","64 Cartwright Road 7 6","64 CARTWRIGHT RD 7 6","2022-03-16","2022-03-17","2022-07-14","4375000","","7100","2016"
"72792698","37 Royalston Rd 6 6","37 ROYALSTON RD 6 6","2021-03-02","2021-03-03","2021-06-09","4325000","","8664","2008"
"72920133","60 Audubon Rd 6 7","60 AUDUBON RD 6 7","2021-11-14","2021-11-17","2022-05-22","4295000","","7800","2021"
"72915276","36 Oakridge 5 5","36 OAKRIDGE 5 5","2021-11-01","2021-11-05","2021-12-29","4295000","","7100","2021"
"72873943","8 Deerfield Road 6 6","8 DEERFIELD RD 6 6","2021-07-28","2021-12-30","2022-01-31","4295000","","7700","2021"
"72989699","71 Carisbrooke Rd 5 4","71 CARISBROOKE RD 5 4","2022-05-31","2022-06-02","2022-08-14","4250000","","6273","1940"
"72694417","44 Sabrina Road 6 7","44 SABRINA RD 6 7","2020-07-19","2020-11-16","2021-01-04","4250000","","7130","2020"
"72621345","211 Grove St 7 7","211 GROVE ST 7 7","2020-02-18","2020-04-16","2020-05-31","4195000","","8205","2003"
"72967414","21 Sturbridge Road 6 6","21 STURBRIDGE RD 6 6","2022-04-15","2022-04-17","2022-04-27","4150000","","6395","2021"
"72723231","19 Sawyer Rd 6 5","19 SAWYER RD 6 5","2020-09-08","2020-09-13","2020-11-09","4150000","","7500","2020"
"72659939","35 Cliff Rd 8 4","35 CLIFF RD 8 4","2020-05-20","2020-06-02","2020-07-16","4150000","","6080","1904"
"72619429","190 Winding River Rd 5 6","190 WINDING RIVER RD 5 6","2020-02-12","2020-02-16","2020-05-28","4150000","","8000","2011"
"72558840","68 Woodcliff Rd 5 6","68 WOODCLIFF RD 5 6","2019-09-03","2020-02-12","2020-04-16","4150000","","7941","2009"
"72579097","71 Hundreds Rd 6 6","71 HUNDREDS RD 6 6","2019-10-10","2020-02-04","2020-04-27","4125000","","8625","2006"
"72963173","11 Lehigh Rd 6 5","11 LEHIGH RD 6 5","2022-04-05","2022-04-20","2022-05-19","4100000","","7276","2008"
"72936582","9 Franklin 5 5","9 FRANKLIN 5 5","2022-01-23","2022-01-25","2022-07-25","4100000","","7000","2022"
"72825022","59 Hundreds Circle 5 6","59 HUNDREDS CIR 5 6","2021-05-03","2021-10-08","2021-11-29","4095000","","7100","2009"
"72701910","152 Lowell Road 5 5","152 LOWELL RD 5 5","2020-07-30","2020-07-31","2020-10-14","4095000","","8355","2002"
"72853527","140 Wellesley Ave 6 6","140 WELLESLEY AVE 6 6","2021-06-20","2021-10-24","2022-01-06","3999000","","8309","2003"
"72602991","190 Pond Road 5 6","190 POND RD 5 6","2019-12-29","2019-12-30","2020-01-15","3999000","","7495","1996"
"72935373","84 Old Colony Road 6 6","84 OLD COLONY RD 6 6","2022-01-18","2022-01-29","2022-04-13","3995000","","6413","1936"
"72811814","34 Livingston Road 6 4","34 LIVINGSTON RD 6 4","2021-04-07","2021-04-10","2021-06-30","3995000","","6170","1999"
"72804395","92 Royalston Road 6 4","92 ROYALSTON RD 6 4","2021-03-24","2021-03-28","2021-05-12","3995000","","7070","1969"
"72796164","17 Temple Rd 5 6","17 TEMPLE RD 5 6","2021-03-09","2021-03-12","2021-06-17","3995000","","7904","2014"
"72479607","165 Cliff Rd 6 5","165 CLIFF RD 6 5","2019-04-09","2019-12-04","2020-01-27","3975000","","7143","1929"
"72847650","90 Hundreds Rd 5 4","90 HUNDREDS RD 5 4","2021-06-09","2021-06-09","2021-08-12","3950000","","5041","1924"
"72665606","22 Temple Rd 5 5","22 TEMPLE RD 5 5","2020-06-01","2020-09-11","2020-10-12","3950000","","6300","2020"
"72808629","17 Sturbridge Road 5 5","17 STURBRIDGE RD 5 5","2021-04-04","2021-04-10","2021-06-28","3895000","","7900","2018"
"72596665","100 Bristol Road 5 5","100 BRISTOL RD 5 5","2019-11-28","2020-01-15","2020-02-20","3895000","","8000","2019"
"72592940","50 Woodridge Rd 5 5","50 WOODRIDGE RD 5 5","2019-11-14","2020-10-03","2020-10-29","3850000","","7500","2020"
"72497163","90 Monadnock Road 5 7","90 MONADNOCK RD 5 7","2019-05-08","2020-03-29","2020-05-31","3850000","","6874","2019"
"72626741","49 Bristol Rd 5 5","49 BRISTOL RD 5 5","2020-03-01","2020-05-10","2020-07-09","3849000","","7279","2016"
"72936223","128 Cliff Rd 5 4","128 CLIFF RD 5 4","2022-01-21","2022-01-23","2022-04-14","3800000","","6245","1925"
"72915732","85 Monadnock Rd 5 7","85 MONADNOCK RD 5 7","2021-11-02","2021-11-04","2021-12-05","3795000","","8033","1999"
"72796836","22 Livingston Road 6 4","22 LIVINGSTON RD 6 4","2021-03-10","2021-03-18","2021-05-13","3795000","","6341","1998"
"72708870","109 Edmunds Road 5 5","109 EDMUNDS RD 5 5","2020-08-11","2020-08-12","2020-09-24","3795000","","5578","1933"
"73035318","67 Yarmouth Rd 6 6","67 YARMOUTH RD 6 6","2022-09-11","2022-09-16","2022-10-27","3750000","","7625","2017"
"72724887","108 Dover Rd 8 5","108 DOVER RD 8 5","2020-09-10","2020-11-17","2021-02-11","3750000","","9800","1999"
"73043609","42 Old Colony Road 6 5","42 OLD COLONY RD 6 5","2022-10-02","2022-10-11","2022-11-15","3695000","","7103","1932"
"72692359","65 Royalston Road 7 5","65 ROYALSTON RD 7 5","2020-07-15","2020-09-13","2020-10-21","3695000","","8419","2020"
"72814701","4 Dewing Path 5 5","4 DEWING PATH 5 5","2021-04-13","2021-06-26","2021-08-22","3675000","","6378","2017"
"72582836","110 Cliff Road 7 6","110 CLIFF RD 7 6","2019-10-20","2020-11-02","2020-12-21","3675000","","7400","2020"
"72632044","2 Springdale Ave 5 6","2 SPRINGDALE AVE 5 6","2020-03-10","2020-04-28","2020-06-29","3650000","","5718","1893"
"72947860","30 Cliff Rd 6 3","30 CLIFF RD 6 3","2022-03-01","2022-04-03","2022-06-21","3595000","","5059","1890"
"72881231","4 Wedgwood 5 4","4 WEDGWOOD 5 4","2021-08-12","2021-12-30","2022-05-03","3595000","","6000","2021"
"72680670","16 Tanglewood Rd 6 6","16 TANGLEWOOD RD 6 6","2020-06-24","2020-11-10","2021-01-14","3575000","","6874","2020"
"72953932","77 Cliff Rd 5 5","77 CLIFF RD 5 5","2022-03-15","2022-03-16","2022-05-19","3495000","","7023","1926"
"72935156","4 Wynnewood Road 6 6","4 WYNNEWOOD RD 6 6","2022-01-18","2022-01-20","2022-04-27","3495000","","6358","2017"
"72894059","38 Chestnut St 5 4","38 CHESTNUT ST 5 4","2021-09-12","2021-09-13","2021-11-17","3495000","","5487","1904"
"72677614","121 Lowell Rd 6 6","121 LOWELL RD 6 6","2020-06-19","2020-06-26","2020-08-13","3495000","","7000","2020"
"72525002","106 Suffolk Road 6 6","106 SUFFOLK RD 6 6","2019-06-24","2019-07-16","2020-07-19","3495000","","7420","2019"
"72750965","40 Park Ave 5 6","40 PARK AVE 5 6","2020-10-29","2020-11-05","2022-02-27","3395000","","6800","2021"
"72643149","30 Tanglewood Rd 6 6","30 TANGLEWOOD RD 6 6","2020-04-10","2020-04-12","2020-06-10","3395000","","7167","2016"
"72615958","22 Greylock Rd 5 4","22 GREYLOCK RD 5 4","2020-02-04","2020-02-10","2020-04-30","3395000","","6690","2005"
"73003247","54 Greylock Road 6 3","54 GREYLOCK RD 6 3","2022-06-22","2022-08-05","2022-10-13","3295000","","5499","1973"
"72911227","15 Livermore Road 5 4","15 LIVERMORE RD 5 4","2021-10-20","2021-10-22","2022-01-23","3295000","","5000","1890"
"73013579","55 Ledgeways 4 3","55 LEDGEWAYS 4 3","2022-07-17","2022-07-30","2022-09-28","3250000","","4960","1960"
"72825002","23 Pembroke Road 5 7","23 PEMBROKE RD 5 7","2021-05-03","2021-05-13","2021-08-25","3250000","","8000","2008"
"72782003","18 Hawthorne Rd 5 5","18 HAWTHORNE RD 5 5","2021-02-02","2021-02-07","2021-04-15","3250000","","6138","1903"
"72779869","97 Arnold Road 4 4","97 ARNOLD RD 4 4","2021-01-27","2021-02-08","2021-04-05","3250000","","5296","1938"
"72855748","30 Whiting Rd 5 4","30 WHITING RD 5 4","2021-06-23","2021-08-21","2021-10-13","3195000","","5070","1930"
"72851502","76 Livingston Rd 5 6","76 LIVINGSTON RD 5 6","2021-06-15","2021-06-30","2021-08-18","3195000","","6229","2001"
"72772627","32 Peirce Rd 6 5","32 PEIRCE RD 6 5","2021-01-06","2021-02-11","2021-05-12","3195000","","6000","1939"
"72746528","5 Beard Way 7 6","5 BEARD WAY 7 6","2020-10-20","2020-11-02","2020-12-03","3195000","","7297","2004"
"72673905","10 Scotch Pine Circle 6 5","10 SCOTCH PINE CIR 6 5","2020-06-14","2020-06-16","2020-07-08","3179000","","5500","2018"
"72800942","29 Whiting Rd 6 4","29 WHITING RD 6 4","2021-03-18","2021-04-10","2021-06-29","3175000","","5500","1930"
"73021178","84 Ledgeways 4 4","84 LEDGEWAYS 4 4","2022-08-02","2022-08-23","2022-11-14","3150000","","4772","1937"
"72777801","22 Colburn Road 6 6","22 COLBURN RD 6 6","2021-01-21","2021-03-28","2021-05-04","3149000","","6100","1913"
"72747491","27 Tanglewood Road 5 5","27 TANGLEWOOD RD 5 5","2020-10-21","2020-10-24","2020-12-07","3149000","","6273","2011"
"72803395","60 Maugus Ave 6 7","60 MAUGUS AVE 6 7","2021-03-23","2021-03-24","2021-06-24","3100000","","6316","2006"
"72678570","216 Winding River Road 5 3","216 WINDING RIVER RD 5 3","2020-06-22","2020-10-22","2020-11-18","3100000","","6918","2005"
"72734990","102 Old Colony Road 5 4","102 OLD COLONY RD 5 4","2020-09-29","2020-10-02","2020-12-02","3095000","","4817","1939"
"72976290","56 Monadnock 4 3","56 MONADNOCK 4 3","2022-05-03","2022-05-07","2022-06-16","3050000","","3825","1950"
"72834495","147 Lowell Rd 5 5","147 LOWELL RD 5 5","2021-05-18","2021-05-20","2021-08-16","3050000","","6168","2007"
"72947973","134 Wellesley Ave 5 4","134 WELLESLEY AVE 5 4","2022-03-01","2022-03-29","2022-05-30","3000000","","6750","2004"
"73019318","64 Halsey Ave 6 4","64 HALSEY AVE 6 4","2022-07-29","2022-08-01","2022-09-14","2995000","","5320","2022"
"73011602","174 Bristol Road 5 4","174 BRISTOL RD 5 4","2022-07-12","2022-07-18","2022-09-07","2995000","","5758","2005"
"72994658","36 Audubon Rd 5 6","36 AUDUBON RD 5 6","2022-06-07","2022-06-09","2022-07-14","2995000","","6523","1937"
"72969217","26 Park Ave 5 5","26 PARK AVE 5 5","2022-04-19","2022-04-21","2022-07-14","2995000","","5517","2017"
"72960211","189 Cliff Rd 6 5","189 CLIFF RD 6 5","2022-03-30","2022-03-31","2022-05-19","2995000","","6294","1935"
"72959722","30 Maugus Ave 5 5","30 MAUGUS AVE 5 5","2022-03-29","2022-04-04","2022-06-13","2995000","","7061","2013"
"72951669","123 Albion Rd 4 4","123 ALBION RD 4 4","2022-03-09","2022-03-12","2022-05-30","2995000","","6500","1998"
"72910731","63 Brook Street 5 4","63 BROOK ST 5 4","2021-10-19","2021-10-29","2022-01-06","2995000","","5974","1910"
"72843309","317 Grove Street 5 5","317 GROVE ST 5 5","2021-06-02","2021-06-05","2021-09-02","2995000","","5724","1999"
"72792521","81 Monadnock Rd 5 4","81 MONADNOCK RD 5 4","2021-03-02","2021-03-07","2021-05-14","2995000","","6840","1996"
"72789779","16 Pine St 6 6","16 PINE ST 6 6","2021-02-24","2021-02-27","2021-06-20","2995000","","5864","1926"
"72787935","4 Woodcliff Rd 5 5","4 WOODCLIFF RD 5 5","2021-02-18","2021-03-18","2021-05-20","2995000","","5223","1925"
"72729458","118 Hundreds Rd 6 3","118 HUNDREDS RD 6 3","2020-09-18","2021-01-17","2021-03-03","2995000","","6000","1929"
"72714041","17 Garden Rd 5 6","17 GARDEN RD 5 6","2020-08-20","2020-09-02","2020-09-20","2995000","","6430","2015"
"72687767","5 Rockridge Rd 5 4","5 ROCKRIDGE RD 5 4","2020-07-08","2020-07-09","2020-08-06","2995000","","5151","1929"
"72631832","94 Edmunds Rd 5 4","94 EDMUNDS RD 5 4","2020-03-10","2020-05-12","2020-08-02","2995000","","5778","1938"
"72586477","14 Boulder Road 6 5","14 BOULDER RD 6 5","2019-10-29","2020-07-08","2020-08-25","2995000","","7700","2019"
"72532017","41 Highgate 4 4","41 HIGHGATE 4 4","2019-07-09","2020-02-24","2020-05-12","2995000","","4804","1981"
"72890279","18 Lanark Rd 6 4","18 LANARK RD 6 4","2021-09-05","2021-09-07","2021-11-11","2980000","","4350","1965"
"72964206","14 Sumner Rd 5 5","14 SUMNER RD 5 5","2022-04-06","2022-04-08","2022-06-02","2950000","","4771","1926"
"72820723","15 Kenilworth Rd 5 4","15 KENILWORTH RD 5 4","2021-04-25","2021-05-03","2021-07-29","2950000","","4571","1949"
"72792831","151 Oakland Street 6 4","151 OAKLAND ST 6 4","2021-03-02","2021-04-14","2021-12-29","2950000","","4797","1748"
"72624194","144 Glen Rd 5 4","144 GLEN RD 5 4","2020-02-25","2020-06-06","2020-07-30","2950000","","5993","2005"
"72807533","54 Abbott Rd 5 3","54 ABBOTT RD 5 3","2021-03-31","2021-04-18","2021-06-03","2949000","","4787","1896"
"72947998","1 Dinsmore Rd 5 4","1 DINSMORE RD 5 4","2022-03-01","2022-04-28","2022-05-31","2900000","","6164","2003"
"72744184","55 Cliff Rd 4 3","55 CLIFF RD 4 3","2020-10-15","2020-10-17","2020-12-14","2899000","","5628","1928"
"73037052","34 Willow Road 5 5","34 WILLOW RD 5 5","2022-09-14","2022-09-15","2022-11-29","2895000","","5310","2020"
"72897670","24 Priscilla Road 6 6","24 PRISCILLA RD 6 6","2021-09-19","2021-11-23","2022-01-25","2895000","","5500","2021"
"72897546","30 Lowell Rd 5 4","30 LOWELL RD 5 4","2021-09-19","2021-10-02","2021-12-08","2895000","","5000","1931"
"72667273","80 Fuller Brook Rd 5 5","80 FULLER BROOK RD 5 5","2020-06-02","2020-06-16","2021-01-10","2895000","","6020","2020"
"72584922","84 Whittier Road 5 5","84 WHITTIER RD 5 5","2019-10-24","2019-10-25","2020-04-20","2895000","","5765","2019"
"72817332","45 Chestnut St 5 5","45 CHESTNUT ST 5 5","2021-04-19","2021-04-20","2021-06-20","2875000","","6015","1933"
"72830323","66 Windsor Rd 5 5","66 WINDSOR RD 5 5","2021-05-11","2021-05-26","2021-08-02","2850000","","5026","1924"
"72826246","179 Oakland St 4 3","179 OAKLAND ST 4 3","2021-05-04","2021-06-06","2021-06-29","2848000","","4968","2010"
"72621588","27 Pembroke Rd 6 6","27 PEMBROKE RD 6 6","2020-02-18","2020-02-24","2020-04-15","2845000","","8106","2006"
"72932076","15 Mayo Rd. 6 6","15 MAYO RD 6 6","2022-01-06","2022-01-09","2022-05-30","2835000","","5493","2022"
"72985547","65 Crest Rd 4 3","65 CREST RD 4 3","2022-05-19","2022-05-31","2022-06-29","2799000","","4150","1878"
"73008147","55 Pilgrim Rd 4 4","55 PILGRIM RD 4 4","2022-07-05","2022-07-09","2022-09-14","2795000","","4800","2018"
"72953269","3 Woodland Rd 5 4","3 WOODLAND RD 5 4","2022-03-15","2022-03-20","2022-04-27","2795000","","4400","2013"
"72953166","77 Monadnock Road 5 3","77 MONADNOCK RD 5 3","2022-03-14","2022-03-17","2022-05-15","2795000","","5300","1994"
"72941357","158 Winding River Rd 5 3","158 WINDING RIVER RD 5 3","2022-02-08","2022-02-13","2022-04-14","2795000","","5002","1967"
"72933322","8 Old Farm Rd 5 4","8 OLD FARM RD 5 4","2022-01-11","2022-01-13","2022-02-10","2795000","","4705","1941"
"72786601","15 Longmeadow Rd 5 4","15 LONGMEADOW RD 5 4","2021-02-16","2021-03-05","2021-06-27","2795000","","4555","1938"
"72908711","107 Cliff Rd 5 4","107 CLIFF RD 5 4","2021-10-13","2021-10-20","2022-02-07","2788000","","3728","1963"
"72662519","166 Winding River Rd 4 3","166 WINDING RIVER RD 4 3","2020-05-26","2020-08-16","2020-08-16","2785000","","5450","1963"
"72946865","21 Cushing Rd 5 4","21 CUSHING RD 5 4","2022-02-27","2022-03-02","2022-04-18","2750000","","4558","1909"
"72664241","27 Livermore Rd 7 5","27 LIVERMORE RD 7 5","2020-05-28","2020-05-30","2020-08-06","2750000","","5210","1889"
"72650214","8 Monadnock Rd 5 5","8 MONADNOCK RD 5 5","2020-04-30","2021-03-22","2021-05-11","2750000","","7486","1947"
"72570762","3 Dewing Path 5 6","3 DEWING PATH 5 6","2019-09-24","2019-11-21","2020-01-08","2749000","","5918","2009"
"72610102","7 Allen Road 5 5","7 ALLEN RD 5 5","2020-01-20","2020-01-29","2020-03-10","2745000","","5229","1929"
"72774666","204 Grove St 5 3","204 GROVE ST 5 3","2021-01-12","2021-01-16","2021-02-28","2725000","","5016","1973"
"72976298","19 Marshall Rd 4 5","19 MARSHALL RD 4 5","2022-05-03","2022-05-06","2022-06-28","2699000","","4752","2017"
"72969150","18 Linwood Rd 5 3","18 LINWOOD RD 5 3","2022-04-19","2022-04-23","2022-07-21","2695000","","5649","2006"
"72943801","111 Westgate Rd 5 4","111 WESTGATE RD 5 4","2022-02-16","2022-02-20","2022-04-20","2695000","","5000","1964"
"72605632","118 Abbott Road 5 3","118 ABBOTT RD 5 3","2019-12-17","2020-01-10","2020-04-01","2695000","","4142","1912"
"72980329","2 River Glen Rd 5 5","2 RIVER GLEN RD 5 5","2022-05-10","2022-05-15","2022-06-26","2692000","","6701","2007"
"73028792","15 Orchard St 5 5","15 ORCHARD ST 5 5","2022-08-24","2022-11-07","2022-12-19","2690000","","5900","1938"
"72971202","23 Chestnut St 5 3","23 CHESTNUT ST 5 3","2022-04-24","2022-04-30","2022-06-12","2675000","","4068","1905"
"72937543","50 Washburn Ave 5 4","50 WASHBURN AVE 5 4","2022-01-26","2022-01-31","2022-05-11","2650000","","4400","2022"
"72819664","150 Glen Rd 5 4","150 GLEN RD 5 4","2021-04-22","2021-04-29","2021-06-24","2650000","","5424","2008"
"72776946","57 Windsor Road 5 5","57 WINDSOR RD 5 5","2021-01-19","2021-03-24","2022-01-11","2650000","","4500","1929"
"72812218","25 Old Colony Rd 5 4","25 OLD COLONY RD 5 4","2021-04-08","2021-07-10","2021-08-18","2645000","","5603","1937"
"72998974","29 Patton Road 5 4","29 PATTON RD 5 4","2022-06-15","2022-06-17","2022-07-31","2595000","","4073","2018"
"72994279","25 Emerson Rd 5 4","25 EMERSON RD 5 4","2022-06-07","2022-06-10","2022-08-01","2595000","","5156","1929"
"72923266","7 Massasoit Rd 5 4","7 MASSASOIT RD 5 4","2021-11-28","2021-12-01","2022-02-27","2595000","","4936","2022"
"72873507","37 Falmouth Rd 5 3","37 FALMOUTH RD 5 3","2021-07-28","2021-10-04","2021-11-16","2595000","","4152","1965"
"72838344","59 Cliff Road 5 4","59 CLIFF RD 5 4","2021-05-25","2021-06-24","2021-08-30","2595000","","4717","1930"
"72711892","5 Edgewater Dr 5 5","5 EDGEWATER DR 5 5","2020-08-17","2020-08-20","2020-09-28","2595000","","5841","2013"
"72669157","67 Longfellow Road 7 5","67 LONGFELLOW RD 7 5","2020-06-06","2020-06-07","2020-06-29","2595000","","7007","1895"
"72646999","7 Sprague Rd 7 6","7 SPRAGUE RD 7 6","2020-04-22","2020-07-23","2020-08-24","2595000","","6500","2020"
"72561612","31 Brook St 6 3","31 BROOK ST 6 3","2019-09-08","2020-03-07","2020-05-27","2595000","","5412","1890"
"72671466","77 Royalston Road 4 5","77 ROYALSTON RD 4 5","2020-06-09","2020-07-23","2020-09-13","2590000","","4850","1978"
"72841821","32 Maugus Ave 7 3","32 MAUGUS AVE 7 3","2021-06-01","2021-06-03","2021-07-15","2575000","","5519","1929"
"72826693","10 Old Colony 5 4","10 OLD COLONY 5 4","2021-05-05","2021-05-09","2021-07-15","2560000","","5616","1938"
"72983932","19 Colgate Rd 5 3","19 COLGATE RD 5 3","2022-05-17","2022-05-21","2022-07-31","2559000","","3302","1966"
"72933781","11 Fisher Avenue 5 4","11 FISHER AVE 5 4","2022-01-12","2022-01-14","2022-03-07","2550000","","4900","2015"
"73007963","10 Sturbridge Road 5 2","10 STURBRIDGE RD 5 2","2022-07-05","2022-08-08","2022-09-06","2549000","","3396","1961"
"72972626","22 Saunders Ter 4 5","22 SAUNDERS TER 4 5","2022-04-26","2022-05-01","2022-06-22","2535000","","3551","1925"
"72804018","129 Hampshire Rd 5 5","129 HAMPSHIRE RD 5 5","2021-03-24","2021-03-27","2021-05-31","2500000","","4258","2007"
"72903568","14 Strathmore Rd 5 5","14 STRATHMORE RD 5 5","2021-10-01","2021-11-02","2022-01-05","2499000","","5125","2021"
"72652679","46 Garden Road 4 4","46 GARDEN RD 4 4","2020-05-06","2020-06-05","2020-07-09","2499000","","4636","1907"
"73024081","60 Windsor Road 3 2","60 WINDSOR RD 3 2","2022-08-10","2022-08-12","2022-08-25","2495000","","2750","1933"
"73002994","38 Earle Road 5 4","38 EARLE RD 5 4","2022-06-22","2022-06-30","2022-08-04","2495000","","5000","2013"
"72970128","7 Kipling Road 7 6","7 KIPLING RD 7 6","2022-04-20","2022-04-23","2022-08-14","2495000","","6161","1925"
"72963253","7 Nantucket Road 4 3","7 NANTUCKET RD 4 3","2022-04-05","2022-04-08","2022-06-27","2495000","","4309","1958"
"72959625","15 Old Town Road 4 4","15 OLD TOWN RD 4 4","2022-03-29","2022-04-02","2022-05-25","2495000","","3786","1932"
"72954542","3R Westminster Cir 5 3","3R WESTMINSTER CIR 5 3","2022-03-16","2022-03-19","2022-05-26","2495000","","6000","2015"
"72951667","51 Wareland Road 4 3","51 WARELAND RD 4 3","2022-03-09","2022-03-20","2022-06-22","2495000","","5196","2004"
"72950745","115 Great Plain Ave 5 5","115 GREAT PLAIN AVE 5 5","2022-03-08","2022-03-12","2022-05-24","2495000","","4199","2014"
"72811269","42 Elm Street 6 5","42 ELM ST 6 5","2021-04-07","2021-04-11","2021-06-13","2495000","","5600","2001"
"72806250","12 Glen Brook Rd 4 3","12 GLEN BROOK RD 4 3","2021-03-30","2021-03-31","2021-05-31","2495000","","5088","1990"
"72676575","101 Abbott Rd 6 4","101 ABBOTT RD 6 4","2020-06-17","2020-07-22","2020-08-27","2495000","","4457","1910"
"72657633","21 Wedgwood 6 5","21 WEDGWOOD 6 5","2020-05-17","2020-06-14","2020-08-09","2495000","","5600","2017"
"72655311","66 Standish Cir 5 4","66 STANDISH CIR 5 4","2020-05-12","2020-05-18","2020-07-30","2495000","","5200","2013"
"72651731","69 Forest St 4 4","69 FOREST ST 4 4","2020-05-04","2020-05-16","2020-06-15","2495000","","4200","2017"
"72623247","112 Abbott Road 5 4","112 ABBOTT RD 5 4","2020-02-23","2020-03-01","2020-05-31","2495000","","4654","1905"
"72609806","3 Winding River Cir 5 4","3 WINDING RIVER CIR 5 4","2020-01-19","2020-01-26","2020-06-14","2495000","","5501","1967"
"72675815","Lot 25 Leewood 5 6","LOT 25 LEEWOOD 5 6","2020-06-16","2020-10-14","2021-06-09","2489500","","5803","2020"
"72629176","33 MAUGUS HILL ROAD 5 5","33 MAUGUS HILL RD 5 5","2020-03-04","2020-05-03","2020-06-11","2489000","","5300","2020"
"73018221","39 Sagamore Rd 4 2","39 SAGAMORE RD 4 2","2022-07-26","2022-07-28","2022-09-22","2475000","","3451","1938"
"72885546","904 Washington St 6 3","904 WASHINGTON ST 6 3","2021-08-23","2021-08-27","2021-10-21","2475000","","6639","1999"
"72990538","11 Bradley Ave 5 4","11 BRADLEY AVE 5 4","2022-05-31","2022-06-02","2022-08-04","2450000","","3730","2016"
"72694046","42 Chestnut Street 5 3","42 CHESTNUT ST 5 3","2020-07-17","2020-07-30","2020-09-13","2450000","","5112","1993"
"72623469","38 Kenilworth Road 5 4","38 KENILWORTH RD 5 4","2020-03-01","2020-06-08","2020-08-23","2430000","","4133","1932"
"72973346","19 Indian Springs Way 6 3","19 INDIAN SPRINGS WAY 6 3","2022-04-27","2022-05-06","2022-08-01","2425000","","4109","1895"
"72797893","116 Hampshire Rd 5 3","116 HAMPSHIRE RD 5 3","2021-03-12","2021-03-15","2021-05-02","2425000","","4200","1954"
"72596519","26 Croton 4 4","26 CROTON 4 4","2019-11-26","2019-12-04","2021-04-06","2400000","","3600","2019"
"72913479","138 Hampshire Rd 5 3","138 HAMPSHIRE RD 5 3","2021-10-24","2021-10-29","2021-12-09","2399000","","4404","1955"
"73037491","31 Atwood Street 5 4","31 ATWOOD ST 5 4","2022-09-14","2022-10-18","2023-01-11","2395000","","3878","2022"
"72954577","200-202 Washington Street 5 5","200-202 WASHINGTON ST 5 5","2022-03-16","2022-03-25","2022-07-20","2395000","","3830","1862"
"72953993","40 Hampshire Rd 4 3","40 HAMPSHIRE RD 4 3","2022-03-15","2022-03-20","2022-06-15","2395000","","4969","1948"
"72950808","7 Edmunds Rd 6 5","7 EDMUNDS RD 6 5","2022-03-08","2022-03-11","2022-06-15","2395000","","5695","2002"
"72948138","35 Lehigh Rd 5 4","35 LEHIGH RD 5 4","2022-03-01","2022-03-05","2022-05-25","2395000","","3234","1960"
"72939165","44 Norwich Road 4 3","44 NORWICH RD 4 3","2022-02-01","2022-02-06","2022-05-31","2395000","","4314","1964"
"72937619","7 Chestnut St 6 3","7 CHESTNUT ST 6 3","2022-01-27","2022-01-28","2022-06-20","2395000","","4007","1888"
"72935733","5 Wynnewood Road 4 4","5 WYNNEWOOD RD 4 4","2022-01-19","2022-01-23","2022-03-14","2395000","","5303","1956"
"72821159","2 Burnett Ln 5 5","2 BURNETT LN 5 5","2021-04-26","2021-05-02","2021-07-22","2395000","","6971","2005"
"72743151","11 Mountview Rd 5 3","11 MOUNTVIEW RD 5 3","2020-10-13","2020-10-16","2020-12-29","2395000","","5362","1957"
"72716342","11 Scotch Pine Cir 4 4","11 SCOTCH PINE CIR 4 4","2020-08-25","2020-10-12","2020-11-16","2395000","","5349","1971"
"72681372","8 Sumner Rd. 5 2","8 SUMNER RD 5 2","2020-06-25","2020-06-26","2020-08-11","2395000","","4503","1923"
"72616753","14 Plymouth Road 5 4","14 PLYMOUTH RD 5 4","2020-02-05","2020-02-09","2020-06-17","2395000","","5000","1937"
"72604775","151 Cliff Rd 6 3","151 CLIFF RD 6 3","2020-01-05","2020-01-16","2020-03-10","2395000","","4794","1936"
"72597642","117 Grove St 5 4","117 GROVE ST 5 4","2019-12-02","2019-12-05","2020-01-29","2395000","","4508","1930"
"72984322","1 Hickory Rd 4 4","1 HICKORY RD 4 4","2022-05-17","2022-05-27","2022-07-06","2390000","","4800","2015"
"72994461","24 Mayo Road 4 4","24 MAYO RD 4 4","2022-06-07","2022-06-10","2022-08-08","2375000","","4652","2015"
"72944398","31 Lathrop Rd 5 3","31 LATHROP RD 5 3","2022-02-17","2022-02-24","2022-05-16","2365000","","4532","1959"
"72855315","193 Bristol Rd 4 3","193 BRISTOL RD 4 3","2021-06-22","2021-06-24","2021-08-31","2350000","","4363","1966"
"72759642","38 Lehigh Rd 4 4","38 LEHIGH RD 4 4","2020-11-19","2021-01-31","2021-04-08","2350000","","4578","1962"
"72861474","90 Dover Rd 4 4","90 DOVER RD 4 4","2021-07-06","2021-07-10","2021-09-30","2339900","","4700","2017"
"72684019","1 Edmunds Road 8 7","1 EDMUNDS RD 8 7","2020-07-01","2020-07-30","2021-08-16","2325000","","8677","1890"
"72777741","23 Plymouth Road 5 4","23 PLYMOUTH RD 5 4","2021-01-21","2021-01-24","2021-02-25","2300000","","4020","1934"
"72579565","8 Old Farm Rd 5 4","8 OLD FARM RD 5 4","2019-10-13","2019-11-08","2020-02-27","2300000","","4906","1941"
"73033632","43 Tanglewood Rd 5 3","43 TANGLEWOOD RD 5 3","2022-09-06","2022-10-22","2022-11-29","2299000","","4232","1960"
"72909040","6 Clifford St 5 6","6 CLIFFORD ST 5 6","2021-10-14","2021-10-14","2021-11-08","2299000","","4798","2018"
"72890463","8 Great Plain Ave 5 5","8 GREAT PLAIN AVE 5 5","2021-09-06","2021-09-09","2021-11-29","2299000","","5745","2013"
"73035351","84 Pleasant Street 5 4","84 PLEASANT ST 5 4","2022-09-11","2022-09-12","2022-10-16","2295000","","3606","2022"
"73033380","10 Hawthorne Rd 5 3","10 HAWTHORNE RD 5 3","2022-09-06","2022-09-11","2022-10-27","2295000","","3805","1910"
"73007723","22 Northgate Rd 5 4","22 NORTHGATE RD 5 4","2022-07-05","2022-07-07","2022-08-28","2295000","","4700","2013"
"72994734","1 Brookdale Ave 4 4","1 BROOKDALE AVE 4 4","2022-06-07","2022-06-11","2022-07-25","2295000","","5410","2005"
"72989028","9 Old Town Road 4 3","9 OLD TOWN RD 4 3","2022-05-30","2022-06-05","2022-08-01","2295000","","4158","1928"
"72916776","9 Livermore Rd 6 4","9 LIVERMORE RD 6 4","2021-11-03","2021-11-04","2021-12-15","2295000","","4839","1890"
"72839810","238 Oakland Street 5 5","238 OAKLAND ST 5 5","2021-05-30","2021-06-15","2021-07-28","2295000","","4761","2005"
"72797202","15 Marshall Rd 5 5","15 MARSHALL RD 5 5","2021-03-10","2021-03-12","2021-06-27","2295000","","4800","2015"
"72677617","2 Simpson Rd 4 4","2 SIMPSON RD 4 4","2020-06-19","2020-06-25","2021-07-22","2295000","","4400","2020"
"72648862","47 MacArthur 5 4","47 MACARTHUR 5 4","2020-04-28","2020-05-03","2020-07-08","2295000","","4808","2020"
"72605837","37 Woodcliff Rd 4 3","37 WOODCLIFF RD 4 3","2020-01-07","2020-02-13","2020-03-17","2295000","","4014","1935"
"72740433","23 Plymouth 5 4","23 PLYMOUTH 5 4","2020-10-08","2020-10-10","2020-12-03","2285000","","4000","1934"
"72710026","4 Beebe Way 5 3","4 BEEBE WAY 5 3","2020-08-13","2020-08-15","2020-10-05","2275000","","4651","1993"
"72984175","2 Shadow Lane 4 4","2 SHADOW LN 4 4","2022-05-17","2022-05-22","2022-07-27","2250000","","4077","2006"
"72940535","34 Livermore Rd 6 3","34 LIVERMORE RD 6 3","2022-02-07","2022-02-12","2022-04-13","2250000","","4117","1912"
"72917731","112 Great Plain Ave 4 6","112 GREAT PLAIN AVE 4 6","2021-11-07","2022-01-31","2022-03-23","2250000","","5747","2020"
"72831917","84 Hopkinson 5 4","84 HOPKINSON 5 4","2021-05-13","2021-05-15","2021-06-29","2250000","","4764","2014"
"72785499","56 Arnold Rd 4 3","56 ARNOLD RD 4 3","2021-02-11","2021-03-10","2021-05-16","2250000","","3047","1938"
"72715992","65 Old Farm Rd 5 3","65 OLD FARM RD 5 3","2020-08-25","2020-08-29","2020-10-12","2250000","","3284","1952"
"73006595","19 Dunedin Road 4 4","19 DUNEDIN RD 4 4","2022-07-05","2022-09-05","2022-10-06","2249000","","5000","2009"
"73005532","139 Overbrook Dr 5 5","139 OVERBROOK DR 5 5","2022-07-18","2022-08-01","2022-09-01","2248000","","4500","2022"
"72557548","75 Old Farm Road 5 2","75 OLD FARM RD 5 2","2019-09-02","2020-09-14","2021-01-07","2245000","","4000","1978"
"73047660","119 Brook St 4 3","119 BROOK ST 4 3","2022-10-12","2022-10-15","2023-01-17","2200000","","3911","2011"
"72959882","489 Worcester Street 6 4","489 WORCESTER ST 6 4","2022-03-29","2022-04-05","2022-07-13","2200000","","5714","1890"
"72614059","43 Greylock Rd 5 3","43 GREYLOCK RD 5 3","2020-01-30","2020-02-17","2020-03-30","2200000","","6000","1963"
"73044909","129 Washington St 5 4","129 WASHINGTON ST 5 4","2022-10-04","2022-10-09","2022-12-06","2199000","","3956","1890"
"72846482","38 Halsey Avenue 4 4","38 HALSEY AVE 4 4","2021-06-08","2021-06-14","2021-08-08","2199000","","4778","2012"
"72824248","20 Dean Rd 5 3","20 DEAN RD 5 3","2021-05-01","2021-05-12","2021-07-22","2199000","","5000","1929"
"72761204","16 College Rd 5 5","16 COLLEGE RD 5 5","2020-11-24","2021-01-04","2021-03-04","2199000","","5300","2018"
"73055932","58 Norwich Road 4 3","58 NORWICH RD 4 3","2022-11-06","2022-11-22","2023-01-12","2195000","","3394","1962"
"73042456","12 Tennyson Road 6 4","12 TENNYSON RD 6 4","2022-09-28","2022-10-01","2022-10-10","2195000","","4063","1930"
"72994611","24 Damien Road 6 4","24 DAMIEN RD 6 4","2022-06-07","2022-06-26","2022-08-07","2195000","","4767","1997"
"72990560","197 Grove Street 4 3","197 GROVE ST 4 3","2022-05-31","2022-06-07","2022-09-06","2195000","","4517","2007"
"72956462","21 Arnold Road 4 4","21 ARNOLD RD 4 4","2022-03-22","2022-03-27","2022-05-18","2195000","","3252","1938"
"72895974","11 Dunedin Rd 4 5","11 DUNEDIN RD 4 5","2021-09-15","2021-09-28","2021-11-08","2195000","","4200","2021"
"72890649","12 Swarthmore Rd 4 3","12 SWARTHMORE RD 4 3","2021-09-06","2021-09-13","2021-10-18","2195000","","4225","1964"
"72871789","36 Hodges Ave 4 3","36 HODGES AVE 4 3","2021-07-26","2021-08-01","2021-09-29","2195000","","4254","2008"
"72848651","10 Sturbridge Rd 5 2","10 STURBRIDGE RD 5 2","2021-06-10","2021-06-11","2021-09-01","2195000","","3396","1961"
"72755985","5 Claflin Road 5 5","5 CLAFLIN RD 5 5","2020-11-10","2020-12-17","2021-02-25","2195000","","6150","2018"
"72733543","5 Cliff Road 6 4","5 CLIFF RD 6 4","2020-09-27","2020-12-20","2021-02-09","2195000","","4560","1868"
"72731401","16 Mayo Rd 5 4","16 MAYO RD 5 4","2020-09-22","2020-09-26","2020-11-12","2195000","","5632","2006"
"72728986","8 Garden Road 6 3","8 GARDEN RD 6 3","2020-09-17","2020-11-27","2021-03-14","2195000","","4242","1880"
"72717640","112 Westgate Road 5 4","112 WESTGATE RD 5 4","2020-08-27","2020-08-29","2020-10-18","2195000","","4334","1960"
"72714981","14 Peirce Rd 6 5","14 PEIRCE RD 6 5","2020-08-23","2021-01-10","2021-04-04","2195000","","4984","1938"
"72701640","19 Ridge Hill Farm Rd 2 3","19 RIDGE HILL FARM RD 2 3","2020-07-30","2020-08-09","2020-10-15","2195000","","2930","2006"
"72696732","36 Edmunds Rd 5 3","36 EDMUNDS RD 5 3","2020-07-22","2020-08-10","2020-09-29","2195000","","4418","1929"
"72621157","46 Pilgrim Rd 5 4","46 PILGRIM RD 5 4","2020-02-18","2020-02-22","2020-05-04","2195000","","4600","2016"
"72836002","26 Yarmouth Rd 6 4","26 YARMOUTH RD 6 4","2021-05-20","2021-06-16","2021-06-29","2189000","","3758","1962"
"72797388","46 Yarmouth Rd 5 2","46 YARMOUTH RD 5 2","2021-03-11","2021-03-14","2021-07-14","2185000","","3276","1955"
"73055387","8 Hampden St 4 3","8 HAMPDEN ST 4 3","2022-11-03","2022-11-05","2022-12-22","2175000","","3393","1924"
"72803136","61 Arnold Road 4 2","61 ARNOLD RD 4 2","2021-03-23","2021-03-24","2021-05-03","2175000","","3258","1935"
"73004628","3 Livermore Rd 4 3","3 LIVERMORE RD 4 3","2022-06-26","2022-06-27","2022-07-21","2150000","","2410","1948"
"72940939","6 Hastings Street 4 5","6 HASTINGS ST 4 5","2022-02-08","2022-02-19","2022-04-24","2150000","","4000","2021"
"72921921","10 College Rd 5 4","10 COLLEGE RD 5 4","2021-11-18","2021-11-30","2022-02-27","2150000","","5212","2010"
"72851318","15 Woodridge Road 5 3","15 WOODRIDGE RD 5 3","2021-06-15","2021-06-25","2021-08-15","2150000","","3844","1951"
"72814769","9 Salem Road 5 3","9 SALEM RD 5 3","2021-04-13","2021-04-22","2021-06-27","2150000","","4100","1960"
"72710248","24 Birch Road 5 4","24 BIRCH RD 5 4","2020-08-13","2020-10-02","2020-12-01","2150000","","4580","2008"
"72573962","34 Lowell Rd 5 3","34 LOWELL RD 5 3","2019-10-01","2020-04-21","2020-05-14","2150000","","4272","1934"
"72438543","22 Maurice Rd 5 4","22 MAURICE RD 5 4","2019-01-07","2019-02-25","2020-12-06","2150000","","4400","2018"
"73051996","21 Lawrence Road 4 3","21 LAWRENCE RD 4 3","2022-10-25","2022-10-27","2022-12-29","2149000","","4162","2002"
"72782115","8 Lincoln Circle 4 3","8 LINCOLN CIR 4 3","2021-02-02","2021-02-07","2021-05-09","2149000","","3373","1938"
"72667462","37 Hickory Road 5 4","37 HICKORY RD 5 4","2020-06-03","2020-07-23","2020-09-14","2149000","","5028","2020"
"72662891","16 Marshall Rd 4 4","16 MARSHALL RD 4 4","2020-05-27","2020-09-21","2021-02-28","2149000","","4961","2020"
"72855665","37 Garrison Rd 6 5","37 GARRISON RD 6 5","2021-06-23","2021-06-27","2021-10-27","2125000","","5500","2007"
"72950693","30 Mayo Rd 5 3","30 MAYO RD 5 3","2022-03-08","2022-03-12","2022-05-12","2100000","","4377","1822"
"72834571","175 Oakland St 4 3","175 OAKLAND ST 4 3","2021-05-18","2021-05-23","2021-06-29","2100000","","3005","1969"
"72777707","48 MacArthur Rd 4 4","48 MACARTHUR RD 4 4","2021-01-21","2021-01-24","2021-03-30","2100000","","4300","2017"
"72943088","18 Leighton Rd 6 3","18 LEIGHTON RD 6 3","2022-02-15","2022-02-17","2022-04-18","2099000","","4824","1914"
"72822213","37 Leewood Rd 4 4","37 LEEWOOD RD 4 4","2021-04-27","2021-05-01","2021-07-07","2099000","","4700","2012"
"72933373","137 Hampshire Rd 4 2","137 HAMPSHIRE RD 4 2","2022-01-11","2022-01-15","2022-03-15","2095000","","3169","1954"
"72924288","88 Manor Ave 4 4","88 MANOR AVE 4 4","2021-11-30","2021-12-03","2022-01-10","2095000","","4950","2017"
"72901985","121 Forest St 5 3","121 FOREST ST 5 3","2021-09-28","2021-10-01","2021-11-30","2095000","","3579","1919"
"72861422","65 Donizetti St 4 3","65 DONIZETTI ST 4 3","2021-07-06","2021-07-23","2021-08-26","2095000","","4367","1940"
"72861198","41 Leighton Road 5 3","41 LEIGHTON RD 5 3","2021-07-06","2021-07-06","2021-08-29","2095000","","3841","1939"
"72856373","15 Larch Rd 5 3","15 LARCH RD 5 3","2021-06-23","2021-07-06","2021-08-19","2095000","","4878","2001"
"72824462","34 Greenwood Rd 5 4","34 GREENWOOD RD 5 4","2021-05-02","2021-05-07","2021-08-01","2095000","","3455","1930"
"72809053","10 Winthrop Rd 4 3","10 WINTHROP RD 4 3","2021-04-05","2021-04-10","2021-08-01","2095000","","3147","1937"
"72790718","9 Durant Road 5 4","9 DURANT RD 5 4","2021-02-26","2021-03-30","2022-01-10","2095000","","4500","2021"
"72736961","135 Washington St 5 3","135 WASHINGTON ST 5 3","2020-10-02","2020-10-03","2020-12-06","2095000","","4462","1865"
"72656223","3 Wilde Rd 4 5","3 WILDE RD 4 5","2020-05-13","2020-06-18","2020-08-30","2095000","","4361","2014"
"72652612","30 Alba Rd 4 4","30 ALBA RD 4 4","2020-05-05","2020-05-21","2020-07-23","2095000","","4301","2008"
"72609689","21 Old Colony Rd 5 3","21 OLD COLONY RD 5 3","2020-01-19","2020-01-25","2020-03-03","2095000","","4312","1936"
"72777489","2 Wildon Road 4 2","2 WILDON RD 4 2","2021-01-20","2021-03-08","2021-04-29","2088000","","3850","1941"
"72620972","11 Sawyer Rd 5 3","11 SAWYER RD 5 3","2020-02-17","2020-02-26","2020-04-22","2060000","","3711","1930"
"72959868","10 Meadowbrook Road 4 2","10 MEADOWBROOK RD 4 2","2022-03-29","2022-04-02","2022-06-26","2050000","","3996","1953"
"72694740","35 Halsey Ave 4 4","35 HALSEY AVE 4 4","2020-07-19","2020-07-22","2020-09-07","2050000","","4679","2012"
"72584898","68 Lowell Road 4 4","68 LOWELL RD 4 4","2019-10-24","2019-12-09","2020-02-06","2050000","","4430","1950"
"72666896","155 Forest Street 6 4","155 FOREST ST 6 4","2020-06-02","2020-06-04","2020-07-19","2049000","","6540","1993"
"72905162","11 Bobolink Road 5 4","11 BOBOLINK RD 5 4","2021-10-05","2021-10-13","2021-11-15","1999900","","4504","2005"
"72578873","33 Hickory Road 5 4","33 HICKORY RD 5 4","2019-10-10","2020-06-25","2020-08-17","1999500","","4595","2019"
"72990600","77 Forest St 4 3","77 FOREST ST 4 3","2022-05-31","2022-06-04","2022-07-24","1999000","","2383","1927"
"72935011","141 Hampshire Rd 5 5","141 HAMPSHIRE RD 5 5","2022-01-18","2022-01-19","2022-03-17","1999000","","3806","1955"
"72910901","8 Hodges 5 3","8 HODGES 5 3","2021-10-19","2021-10-25","2021-12-02","1999000","","4280","1950"
"72810843","39 Crown Ridge Road 4 3","39 CROWN RIDGE RD 4 3","2021-04-06","2021-04-10","2021-05-11","1999000","","3822","2005"
"72803748","28 Sturbridge Rd 4 2","28 STURBRIDGE RD 4 2","2021-03-24","2021-04-18","2021-07-14","1999000","","3224","1962"
"72717695","22 Northgate Rd. 5 4","22 NORTHGATE RD 5 4","2020-08-26","2020-08-28","2020-10-29","1999000","","4700","2013"
"72664151","11 Appian Dr 5 4","11 APPIAN DR 5 4","2020-05-28","2020-08-22","2020-10-27","1999000","","4267","1968"
"72893049","18 Maugus Ave 15 8","18 MAUGUS AVE 15 8","2021-09-08","2021-10-15","2022-01-02","1997000","","7846","1876"
"73056963","7 Fuller Road 4 2","7 FULLER RD 4 2","2022-11-08","2022-11-16","2022-12-29","1995000","","3225","1988"
"73043031","67 Smith Street 5 3","67 SMITH ST 5 3","2022-09-29","2022-10-26","2022-11-17","1995000","","4459","1998"
"72995557","170 Grove Street 4 2","170 GROVE ST 4 2","2022-06-08","2022-06-23","2022-07-26","1995000","","4631","1991"
"72970388","283 Walnut St 4 3","283 WALNUT ST 4 3","2022-04-21","2022-04-24","2022-06-14","1995000","","3340","1874"
"72909828","41 Bradford Rd 4 3","41 BRADFORD RD 4 3","2021-10-17","2021-10-25","2022-02-15","1995000","","3207","1934"
"72898951","22 Dunedin Rd 5 4","22 DUNEDIN RD 5 4","2021-09-21","2021-10-12","2021-12-13","1995000","","4420","2016"
"72853689","39 Radcliffe Rd 4 3","39 RADCLIFFE RD 4 3","2021-06-20","2021-06-22","2021-07-27","1995000","","3387","1955"
"72838292","30 Falmouth Rd 5 3","30 FALMOUTH RD 5 3","2021-05-25","2021-05-26","2021-08-03","1995000","","4120","1966"
"72822068","9 Argyle Ave 4 4","9 ARGYLE AVE 4 4","2021-04-27","2021-05-05","2021-07-29","1995000","","5000","2005"
"72804735","20 Sturbridge Road 4 3","20 STURBRIDGE RD 4 3","2021-03-25","2021-04-17","2021-06-24","1995000","","3226","1961"
"72774876","15 Homestead Rd 6 4","15 HOMESTEAD RD 6 4","2021-01-13","2021-02-02","2021-04-06","1995000","","4790","1917"
"72705781","17 Colby 6 5","17 COLBY 6 5","2020-08-06","2020-09-11","2020-11-01","1995000","","5600","2017"
"72705531","37 Chestnut Street 4 3","37 CHESTNUT ST 4 3","2020-08-05","2020-08-28","2020-10-08","1995000","","4660","1979"
"72624189","2 Heckle Street 5 4","2 HECKLE ST 5 4","2020-02-25","2020-05-05","2020-07-07","1995000","","4200","2014"
"72502737","92 Royalston Rd 3 2","92 ROYALSTON RD 3 2","2019-05-16","2019-10-10","2020-01-15","1995000","","3076","1969"
"72952348","115 Woodlawn Ave 4 3","115 WOODLAWN AVE 4 3","2022-03-12","2022-03-14","2022-03-28","1990000","","3909","1928"
"72885843","79 Manor Ave 4 4","79 MANOR AVE 4 4","2021-08-24","2021-08-28","2021-10-05","1980000","","4896","2017"
"72921621","32 Lantern Lane 5 4","32 LANTERN LN 5 4","2021-11-17","2022-03-11","2022-04-07","1979000","","4404","2022"
"72749131","36 Jackson Rd 5 3","36 JACKSON RD 5 3","2020-10-26","2020-10-29","2021-01-12","1979000","","5250","1953"
"73001480","91 Edmunds Rd 5 4","91 EDMUNDS RD 5 4","2022-06-21","2022-06-23","2022-08-30","1975000","","3723","1958"
"72705789","52 Wareland Road 5 4","52 WARELAND RD 5 4","2020-08-06","2020-08-07","2020-09-22","1975000","","4819","2004"
"72999848","8 HOMESTEAD RD 5 4","8 HOMESTEAD RD 5 4","2022-06-16","2022-07-13","2022-09-05","1967000","","4760","1921"
"72787587","115 Lowell Road 5 4","115 LOWELL RD 5 4","2021-02-17","2021-02-21","2021-06-17","1950000","","4357","1957"
"72664220","31 Barnstable Road 5 3","31 BARNSTABLE RD 5 3","2020-05-28","2020-06-20","2020-08-02","1950000","","3896","1983"
"72656247","65 Westgate 4 4","65 WESTGATE 4 4","2020-05-13","2020-05-18","2020-07-14","1950000","","3516","1959"
"72720323","12 Earle Rd 4 4","12 EARLE RD 4 4","2020-09-02","2020-10-11","2020-11-30","1949900","","4527","2020"
"72724576","40 Boulder Brook Rd 5 4","40 BOULDER BROOK RD 5 4","2020-09-09","2020-09-12","2020-10-29","1949000","","4990","2006"
"72662766","32 Mansfield Rd 5 5","32 MANSFIELD RD 5 5","2020-05-26","2020-06-14","2020-08-16","1949000","","5422","2004"
"72646968","14 Deerfield Rd 4 2","14 DEERFIELD RD 4 2","2020-04-22","2020-04-25","2020-05-25","1949000","","3190","1955"
"72554347","260 Wellesley Ave 5 2","260 WELLESLEY AVE 5 2","2019-08-22","2019-12-15","2020-02-27","1945000","","4976","1990"
"72926460","83 Westgate Rd 4 2","83 WESTGATE RD 4 2","2021-12-07","2022-01-17","2022-03-09","1900000","","3400","1959"
"72851571","345 Worcester Street (Carriage Rd) 4 4","345 WORCESTER ST (CARRIAGE RD) 4 4","2021-06-16","2021-06-19","2021-08-04","1900000","","3000","2021"
"72782072","117 Abbott Road 4 2","117 ABBOTT RD 4 2","2021-02-02","2021-02-04","2021-06-29","1900000","","4000","1919"
"73007760","266 Weston Rd 4 2","266 WESTON RD 4 2","2022-07-05","2022-08-18","2022-09-20","1899000","","2887","1988"
"72876272","72 Great Plain Avenue 4 4","72 GREAT PLAIN AVE 4 4","2021-08-03","2021-12-13","2022-01-19","1899000","","6373","2018"
"72803131","150 Oakland Street 4 2","150 OAKLAND ST 4 2","2021-03-23","2021-03-28","2021-06-07","1899000","","3656","1954"
"73029698","30 Lantern Lane 5 4","30 LANTERN LN 5 4","2022-08-25","2022-10-09","2022-11-22","1898000","","4400","2022"
"72983792","120 Forest Street 5 3","120 FOREST ST 5 3","2022-05-17","2022-05-19","2022-07-21","1895000","","2590","1924"
"72963380","15 Norwich Road 4 3","15 NORWICH RD 4 3","2022-04-05","2022-04-09","2022-06-06","1895000","","3417","1960"
"72955693","26 Arnold Rd 4 2","26 ARNOLD RD 4 2","2022-03-21","2022-03-22","2022-05-05","1895000","","2970","1938"
"72947798","23 Northgate Rd 5 3","23 NORTHGATE RD 5 3","2022-03-01","2022-03-06","2022-06-09","1895000","","2938","1951"
"72924919","8 Mansfield Rd 4 4","8 MANSFIELD RD 4 4","2021-12-01","2021-12-05","2022-01-27","1895000","","4200","2014"
"72814030","72 Fairbanks Ave 5 3","72 FAIRBANKS AVE 5 3","2021-04-13","2021-04-17","2021-08-11","1895000","","4433","1931"
"72813749","108 Abbott Road 6 3","108 ABBOTT RD 6 3","2021-04-12","2021-04-19","2021-05-06","1895000","","3692","1926"
"72655422","11 Mansfield Rd 5 4","11 MANSFIELD RD 5 4","2020-05-12","2020-07-05","2020-08-13","1895000","","4725","2019"
"72654494","16 Ledyard St 5 4","16 LEDYARD ST 5 4","2020-05-10","2020-09-07","2021-04-01","1895000","","4076","2020"
"72622554","54 Crown Ridge Road 5 3","54 CROWN RIDGE RD 5 3","2020-02-20","2020-03-09","2020-06-04","1895000","","4255","2004"
"72597951","26 Edmunds Rd 4 3","26 EDMUNDS RD 4 3","2019-12-03","2020-01-22","2020-03-31","1895000","","3949","1950"
"72580689","84 Audubon Rd 5 4","84 AUDUBON RD 5 4","2019-10-15","2020-01-25","2020-03-03","1895000","","5812","1999"
"72819532","11 Shadow Lane 4 3","11 SHADOW LN 4 3","2021-04-22","2021-04-29","2021-06-30","1890000","","3751","2010"
"72971498","24 Kimlo Road 5 3","24 KIMLO RD 5 3","2022-04-25","2022-05-06","2022-07-20","1880000","","3637","2018"
"73024012","110 Suffolk Rd 5 2","110 SUFFOLK RD 5 2","2022-08-09","2022-08-11","2022-09-11","1875000","","3002","1957"
"72947865","3 Auburn Rd 4 2","3 AUBURN RD 4 2","2022-03-01","2022-03-06","2022-05-15","1875000","","3481","1952"
"72905896","43 Fiske Rd 4 2","43 FISKE RD 4 2","2021-10-06","2021-10-10","2021-11-11","1875000","","3115","1934"
"72890850","66 Oak St 4 3","66 OAK ST 4 3","2021-09-07","2021-09-09","2021-10-11","1875000","","4161","2006"
"72869622","46 Overbrook Dr 4 3","46 OVERBROOK DR 4 3","2021-07-20","2021-09-29","2021-11-08","1875000","","3600","2021"
"72842162","46 Earle Road 4 3","46 EARLE RD 4 3","2021-06-01","2021-06-02","2021-07-20","1875000","","3350","2003"
"72644280","28 Sheridan Rd 5 5","28 SHERIDAN RD 5 5","2020-04-16","2020-04-26","2020-06-25","1875000","","4755","1947"
"73047646","171 Benvenue St 4 3","171 BENVENUE ST 4 3","2022-10-12","2022-10-20","2022-11-27","1850000","","3482","1925"
"72976478","33 Longmeadow Rd 4 3","33 LONGMEADOW RD 4 3","2022-05-03","2022-05-08","2022-06-26","1850000","","2818","1931"
"72969699","58 Fiske Road 4 2","58 FISKE RD 4 2","2022-04-20","2022-04-26","2022-06-23","1850000","","2700","1950"
"72940986","35 Sawyer Rd 4 3","35 SAWYER RD 4 3","2022-02-08","2022-02-10","2022-02-24","1850000","","2594","1933"
"72896507","107 Dover Rd 3 3","107 DOVER RD 3 3","2021-09-15","2021-10-23","2022-01-20","1850000","","3011","1927"
"72822246","98 Beechwood Rd 5 3","98 BEECHWOOD RD 5 3","2021-04-27","2021-05-01","2021-07-18","1850000","","5498","2006"
"72712020","33 Tennyson Road 4 2","33 TENNYSON RD 4 2","2020-08-18","2020-08-21","2020-11-29","1850000","","3527","1933"
"72959095","15 Tennyson Rd 4 3","15 TENNYSON RD 4 3","2022-03-28","2022-04-02","2022-05-15","1849000","","3278","1930"
"72899438","25 Chatham Circle 4 4","25 CHATHAM CIR 4 4","2021-09-22","2021-11-07","2021-12-19","1849000","","5230","1942"
"72963626","53 Audubon Rd 4 3","53 AUDUBON RD 4 3","2022-04-05","2022-04-10","2022-06-28","1845000","","3406","1938"
"72594716","58 Cartwright Road 6 6","58 CARTWRIGHT RD 6 6","2019-11-19","2019-11-22","2020-02-02","1845000","","4564","1962"
"72646842","375 Linden St 5 4","375 LINDEN ST 5 4","2020-04-22","2020-05-17","2020-06-29","1839000","","4500","2020"
"72959455","15 Arnold Rd 4 2","15 ARNOLD RD 4 2","2022-03-29","2022-04-01","2022-05-17","1825000","","3001","1945"
"72624599","452 Weston Road 4 4","452 WESTON RD 4 4","2020-02-25","2020-02-29","2020-05-14","1825000","","4885","2012"
"72958982","32 Forest St 4 2","32 FOREST ST 4 2","2022-03-28","2022-04-01","2022-06-01","1800000","","3876","1996"
"72857884","14 Birch Rd 4 2","14 BIRCH RD 4 2","2021-06-27","2021-06-30","2021-10-28","1800000","","2262","1926"
"73055688","26 Lantern Lane 5 3","26 LANTERN LN 5 3","2022-11-04","2022-11-21","2022-12-21","1799900","","3725","2022"
"72570771","1 Ingleside Road 5 4","1 INGLESIDE RD 5 4","2019-09-24","2020-09-18","2020-11-30","1799000","","4600","2019"
"72681843","19 Shadow Ln 4 4","19 SHADOW LN 4 4","2020-06-26","2020-06-28","2020-08-13","1798000","","4500","2015"
"73049935","11 Hillside Rd 5 2","11 HILLSIDE RD 5 2","2022-10-18","2022-10-19","2023-01-19","1795000","","3504","1912"
"72991253","71 Emerson Road 4 2","71 EMERSON RD 4 2","2022-06-01","2022-06-03","2022-07-10","1795000","","3724","1941"
"72979729","11 Trinity Ct 4 2","11 TRINITY CT 4 2","2022-05-10","2022-05-12","2022-08-31","1795000","","2558","1964"
"72971017","342 Linden St 4 2","342 LINDEN ST 4 2","2022-04-24","2022-04-26","2022-07-25","1795000","","3262","1987"
"72950706","30 Crestwood Drive 4 3","30 CRESTWOOD DR 4 3","2022-03-08","2022-03-14","2022-05-12","1795000","","3744","1953"
"72843883","128 Forest Street 4 4","128 FOREST ST 4 4","2021-06-03","2021-06-04","2021-07-29","1795000","","3216","1923"
"72700155","159 Glen Rd 5 4","159 GLEN RD 5 4","2020-07-28","2020-08-02","2020-09-10","1795000","","5026","1920"
"72673348","42 Richland Rd 5 3","42 RICHLAND RD 5 3","2020-06-12","2020-06-14","2020-07-29","1795000","","3800","1940"
"72654771","36 Emerson Rd 4 3","36 EMERSON RD 4 3","2020-05-11","2020-05-12","2020-07-29","1795000","","3979","1927"
"72627963","64 Whittier Rd 4 3","64 WHITTIER RD 4 3","2020-03-03","2020-03-05","2020-06-07","1795000","","3321","1930"
"72610667","26 Oakencroft Road 5 3","26 OAKENCROFT RD 5 3","2020-01-21","2020-01-26","2020-03-24","1795000","","4300","2005"
"72345493","33 Lexington Road 4 4","33 LEXINGTON RD 4 4","2018-06-12","2019-12-19","2020-02-27","1795000","","4216","2018"
"72994794","15 Linwood Road 4 3","15 LINWOOD RD 4 3","2022-06-07","2022-06-12","2022-07-31","1790000","","4389","1953"
"72899030","60 Dover Rd 5 3","60 DOVER RD 5 3","2021-09-21","2021-09-23","2021-11-18","1779000","","4361","1929"
"72650079","119 Brook St 4 3","119 BROOK ST 4 3","2020-04-30","2020-07-14","2020-09-17","1779000","","4200","2011"
"72963652","14 Lexington Rd 4 2","14 LEXINGTON RD 4 2","2022-04-05","2022-04-25","2022-06-09","1775000","","3500","1952"
"72707373","62 Westgate Road 5 3","62 WESTGATE RD 5 3","2020-08-09","2020-08-15","2020-10-04","1775000","","3470","1959"
"72681512","9 Madison Road 4 4","9 MADISON RD 4 4","2020-06-25","2020-08-03","2020-08-31","1775000","","4453","1941"
"72656524","6 Kenilworth Circle 5 3","6 KENILWORTH CIR 5 3","2020-05-13","2020-06-03","2020-08-23","1765000","","3136","1932"
"73033975","45 Cartwright Rd 4 2","45 CARTWRIGHT RD 4 2","2022-09-07","2022-09-09","2022-11-14","1750000","","3264","1963"
"72810620","58 Pleasant St 4 2","58 PLEASANT ST 4 2","2021-04-06","2021-04-10","2021-06-29","1750000","","3558","2004"
"72793651","10 Denton Rd 5 3","10 DENTON RD 5 3","2021-03-03","2021-03-06","2021-04-05","1750000","","3518","1896"
"72655474","43 Woodridge Road 4 3","43 WOODRIDGE RD 4 3","2020-05-12","2020-05-13","2020-06-24","1750000","","3310","1954"
"72649302","10 Vane Street 5 3","10 VANE ST 5 3","2020-04-29","2020-05-24","2020-06-30","1750000","","3403","1934"
"73039046","15 River Glen Road 5 3","15 RIVER GLEN RD 5 3","2022-09-20","2022-09-24","2022-11-17","1749000","","3145","1956"
"72782504","5 Clifton Road 6 3","5 CLIFTON RD 6 3","2021-02-03","2021-02-05","2021-05-31","1749000","","3520","1928"
"72690465","85 Ledgeways 5 2","85 LEDGEWAYS 5 2","2020-07-12","2020-09-07","2020-10-14","1749000","","3288","1931"
"72630696","39 Denton Rd 6 5","39 DENTON RD 6 5","2020-03-08","2020-08-03","2020-10-19","1749000","","5707","2006"
"72656792","46 Windsor Rd 5 3","46 WINDSOR RD 5 3","2020-05-14","2020-05-15","2020-09-07","1745000","","3751","1929"
"72645664","18 Webb Ave 4 4","18 WEBB AVE 4 4","2020-04-19","2020-04-25","2020-06-29","1745000","","4976","2017"
"72565938","81 Emerson Rd 5 4","81 EMERSON RD 5 4","2019-10-03","2020-01-08","2020-02-26","1745000","","5038","2015"
"72667985","3 Peck Ave 4 4","3 PECK AVE 4 4","2020-06-03","2020-07-18","2020-09-10","1739000","","4200","2019"
"72814164","82 Forest Street 4 3","82 FOREST ST 4 3","2021-04-13","2021-04-18","2021-06-16","1735000","","3572","1944"
"72980070","38 Shirley Rd 4 2","38 SHIRLEY RD 4 2","2022-05-10","2022-05-14","2022-06-29","1725000","","2700","1952"
"72664275","140 Forest Street 5 3","140 FOREST ST 5 3","2020-05-28","2020-06-02","2020-07-13","1725000","","3558","1930"
"72635274","119 Hampshire Rd 4 2","119 HAMPSHIRE RD 4 2","2020-03-17","2020-03-18","2020-03-30","1725000","","2960","1954"
"72561828","8 Hodges Avenue 5 3","8 HODGES AVE 5 3","2019-09-09","2020-01-29","2020-03-19","1715000","","4280","1999"
"73033333","23 Howe St 5 3","23 HOWE ST 5 3","2022-09-06","2022-09-07","2022-10-19","1699999","","2693","1904"
"72950942","10 Dudley Rd 5 4","10 DUDLEY RD 5 4","2022-03-08","2022-04-21","2022-05-31","1699000","","3361","1951"
"72899723","11 Hillside Rd 4 2","11 HILLSIDE RD 4 2","2021-09-22","2021-10-05","2021-11-16","1699000","","3400","1912"
"72795110","22 Stanford Rd 5 2","22 STANFORD RD 5 2","2021-03-08","2021-03-14","2021-07-14","1699000","","3134","1956"
"72694779","26 Hunnewell Street 4 4","26 HUNNEWELL ST 4 4","2020-07-19","2020-07-26","2020-10-20","1699000","","5470","2005"
"72685145","3 Benton Street 5 3","3 BENTON ST 5 3","2020-07-04","2020-07-07","2020-08-20","1699000","","2980","1925"
"72676394","1 Burnett Lane 5 3","1 BURNETT LN 5 3","2020-06-17","2020-06-21","2020-08-03","1699000","","5088","2003"
"72631528","215 Cedar St 5 3","215 CEDAR ST 5 3","2020-03-10","2020-06-25","2020-08-26","1699000","","4800","2007"
"73051270","7 Crescent St 4 2","7 CRESCENT ST 4 2","2022-10-22","2022-10-25","2022-12-13","1695000","","2533","1873"
"73036671","28 Sunset Rd 4 2","28 SUNSET RD 4 2","2022-09-13","2022-09-16","2023-01-12","1695000","","2792","1936"
"73000729","3 Fuller Brook Rd 4 2","3 FULLER BROOK RD 4 2","2022-06-19","2022-07-05","2022-09-08","1695000","","2952","1940"
"72990604","31 Alba 5 3","31 ALBA 5 3","2022-05-31","2022-08-05","2022-09-07","1695000","","4050","1950"
"72951132","71 Fuller Brook Rd 4 3","71 FULLER BROOK RD 4 3","2022-03-08","2022-03-12","2022-06-01","1695000","","2418","1940"
"72946845","17 Belair Rd 4 3","17 BELAIR RD 4 3","2022-02-27","2022-03-04","2022-04-14","1695000","","2397","1909"
"72945529","33 Upson Rd 5 3","33 UPSON RD 5 3","2022-02-22","2022-02-27","2022-04-28","1695000","","3826","2001"
"72944809","14 Saunders Ter 4 2","14 SAUNDERS TER 4 2","2022-02-20","2022-02-24","2022-05-30","1695000","","2586","1927"
"72854941","17 Shirley Rd 4 2","17 SHIRLEY RD 4 2","2021-06-22","2021-06-26","2021-08-16","1695000","","3328","1950"
"72830791","29 Benvenue St 4 3","29 BENVENUE ST 4 3","2021-05-12","2021-05-13","2021-06-23","1695000","","3238","1956"
"72798488","131 Grove St 4 3","131 GROVE ST 4 3","2021-03-14","2021-03-19","2021-07-01","1695000","","2652","1920"
"72789460","55 Arnold Rd 3 2","55 ARNOLD RD 3 2","2021-02-23","2021-02-27","2021-07-01","1695000","","2314","1949"
"72723541","61 Whittier Rd 5 3","61 WHITTIER RD 5 3","2020-09-08","2020-09-27","2020-11-17","1695000","","3326","1931"
"72716719","19 Shelley Road 5 4","19 SHELLEY RD 5 4","2020-08-26","2020-08-28","2020-10-22","1695000","","3511","1978"
"72709112","28 Hillside Rd 4 3","28 HILLSIDE RD 4 3","2020-08-12","2020-12-14","2021-01-20","1695000","","3404","1940"
"72627531","55 Cottage St 5 4","55 COTTAGE ST 5 4","2020-03-03","2020-06-02","2020-08-02","1695000","","3800","1920"
"72620225","80 Audubon Road 4 3","80 AUDUBON RD 4 3","2020-02-16","2020-02-29","2020-06-23","1695000","","3979","1933"
"72600000","19 Woodridge Rd 4 2","19 WOODRIDGE RD 4 2","2019-12-10","2019-12-11","2020-01-29","1695000","","3236","1937"
"72904867","15 Pleasant St. 4 3","15 PLEASANT ST 4 3","2021-10-05","2021-11-03","2022-01-10","1690000","","2610","1917"
"72777468","196 Cedar Street 6 5","196 CEDAR ST 6 5","2021-01-20","2021-02-04","2021-03-22","1685000","","4804","2006"
"72983256","21 Appleby Road 4 3","21 APPLEBY RD 4 3","2022-05-17","2022-05-21","2022-06-26","1675000","","2378","1937"
"72918596","38 Dover Rd 4 3","38 DOVER RD 4 3","2021-11-09","2021-11-20","2022-01-13","1675000","","3014","1896"
"72877340","3 Strathmore Rd 3 2","3 STRATHMORE RD 3 2","2021-08-04","2021-08-09","2021-11-28","1675000","","3000","2017"
"72870765","3 Garrison Rd 4 3","3 GARRISON RD 4 3","2021-07-22","2021-09-17","2021-10-21","1675000","","2545","1930"
"72835805","7 Hodges Avenue 4 2","7 HODGES AVE 4 2","2021-05-19","2021-05-24","2021-07-22","1675000","","2750","1996"
"72731740","8 Solon St 5 3","8 SOLON ST 5 3","2020-09-23","2020-09-25","2020-11-16","1675000","","3641","2010"
"72626988","17 Westwood Rd 5 3","17 WESTWOOD RD 5 3","2020-03-02","2020-03-04","2020-06-14","1675000","","3991","1941"
"72708993","49 Longfellow Rd 4 3","49 LONGFELLOW RD 4 3","2020-08-12","2020-08-17","2020-10-29","1670000","","4769","1989"
"72945452","9 Marvin Rd 4 2","9 MARVIN RD 4 2","2022-02-22","2022-02-26","2022-04-14","1650000","","2532","1936"
"72829181","20 Oakland St lot 1 6 3","20 OAKLAND ST LOT 1 6 3","2021-05-10","2021-06-05","2021-08-16","1650000","","5212","1848"
"72814885","18 Tennyson Road 5 3","18 TENNYSON RD 5 3","2021-04-14","2021-04-17","2021-06-27","1650000","","3070","1929"
"72746443","43 Amherst Road 4 2","43 AMHERST RD 4 2","2020-10-20","2020-10-29","2020-12-09","1650000","","3132","1934"
"73042025","22 Cavanaugh Rd 4 3","22 CAVANAUGH RD 4 3","2022-09-27","2022-10-01","2022-12-15","1649000","","2804","1929"
"72736502","117 Albion Road 5 3","117 ALBION RD 5 3","2020-10-01","2020-10-08","2020-12-02","1649000","","3339","1960"
"72694142","26 Redwing Road 4 4","26 REDWING RD 4 4","2020-07-17","2020-08-10","2020-10-18","1649000","","3673","2014"
"72613251","78 Westgate Rd 6 4","78 WESTGATE RD 6 4","2020-01-28","2020-02-14","2020-03-15","1649000","","4019","1960"
"72778766","10 Seaver St 5 2","10 SEAVER ST 5 2","2021-01-25","2021-01-30","2021-03-17","1645000","","3158","1936"
"72668571","102 Great Plain Ave 6 4","102 GREAT PLAIN AVE 6 4","2020-06-04","2020-07-14","2020-08-27","1645000","","4640","1881"
"72624468","8 Fiske Rd 4 3","8 FISKE RD 4 3","2020-02-25","2020-05-16","2020-07-14","1645000","","2700","1933"
"72792057","70 High Ledge Ave 5 3","70 HIGH LEDGE AVE 5 3","2021-03-01","2021-03-07","2021-04-07","1639000","","3817","2001"
"72862853","35 Haven Road 4 2","35 HAVEN RD 4 2","2021-07-07","2021-07-31","2021-10-07","1635000","","2716","1965"
"72655427","90 Overbrook Dr 5 4","90 OVERBROOK DR 5 4","2020-05-12","2020-07-05","2020-09-21","1629900","","4169","2020"
"72696728","58 Washburn Ave 4 3","58 WASHBURN AVE 4 3","2020-07-22","2020-07-24","2020-09-08","1629000","","3491","1977"
"72759185","11 Shelley Road 3 2","11 SHELLEY RD 3 2","2020-11-18","2020-11-21","2021-01-14","1625000","","2944","1936"
"72742907","50 Madison Rd 4 3","50 MADISON RD 4 3","2020-10-13","2020-10-17","2020-11-30","1625000","","3173","1952"
"72722941","40 Pleasant St 4 4","40 PLEASANT ST 4 4","2020-09-08","2020-09-08","2020-10-07","1625000","","3386","2014"
"72990061","59 Fairbanks Ave 4 3","59 FAIRBANKS AVE 4 3","2022-05-31","2022-06-05","2022-07-20","1599000","","2891","1965"
"72980724","189 Bristol Rd 4 2","189 BRISTOL RD 4 2","2022-05-11","2022-05-14","2022-07-14","1599000","","2664","1957"
"72928796","3 MAPLE RD 4 4","3 MAPLE RD 4 4","2021-12-17","2022-01-03","2022-03-27","1599000","","3000","1946"
"72819229","30 Paine St 4 2","30 PAINE ST 4 2","2021-04-21","2021-05-16","2021-06-30","1599000","","3252","1915"
"72500923","15 Tanglewood Rd 5 3","15 TANGLEWOOD RD 5 3","2019-05-14","2019-10-21","2020-01-09","1599000","","3320","1960"
"73018081","4 Arnold Rd 4 3","4 ARNOLD RD 4 3","2022-07-26","2022-08-17","2022-09-19","1595000","","3156","1864"
"72857750","48 Shirley Rd 4 2","48 SHIRLEY RD 4 2","2021-06-27","2021-07-01","2021-09-06","1595000","","3036","1957"
"72830638","17 Berkeley Rd 4 2","17 BERKELEY RD 4 2","2021-05-11","2021-05-15","2021-08-11","1595000","","3138","1941"
"72811776","27 Brookfield Rd 4 2","27 BROOKFIELD RD 4 2","2021-04-07","2021-04-08","2021-06-21","1595000","","2450","1947"
"72732333","62 Leighton Rd 3 2","62 LEIGHTON RD 3 2","2020-09-23","2020-11-27","2021-01-21","1595000","","3100","1930"
"72728560","22 Cushing Rd 5 3","22 CUSHING RD 5 3","2020-09-22","2020-09-23","2020-10-29","1595000","","3163","1909"
"72664914","22 Wilde Rd 5 3","22 WILDE RD 5 3","2020-05-31","2020-07-06","2020-08-30","1595000","","3454","1947"
"72660383","71 Suffolk Rd 4 3","71 SUFFOLK RD 4 3","2020-05-21","2020-05-23","2020-08-17","1595000","","3005","1954"
"72637832","64 Oak Street 4 3","64 OAK ST 4 3","2020-03-25","2020-03-28","2020-05-28","1595000","","3340","1955"
"72563468","64 Fuller Brook Rd 4 3","64 FULLER BROOK RD 4 3","2019-09-10","2020-01-22","2020-04-29","1595000","","2650","1941"
"72819366","110 Suffolk Road 5 2","110 SUFFOLK RD 5 2","2021-04-21","2021-04-25","2021-06-14","1585000","","3045","1965"
"72803287","81 Bristol Rd 4 2","81 BRISTOL RD 4 2","2021-03-23","2021-03-27","2021-05-11","1585000","","2838","1983"
"72789794","71 Westgate Rd 4 2","71 WESTGATE RD 4 2","2021-02-24","2021-02-28","2021-04-14","1585000","","2726","1959"
"72959620","6 Boulder Brook Rd 4 3","6 BOULDER BROOK RD 4 3","2022-03-29","2022-03-31","2022-07-28","1575000","","2813","1940"
"72753917","36 Skyline Drive 4 2","36 SKYLINE DR 4 2","2020-11-05","2020-11-07","2020-12-14","1575000","","3680","1953"
"73003392","39 Fairbanks Ave 3 2","39 FAIRBANKS AVE 3 2","2022-06-22","2022-06-29","2022-08-09","1550000","","2129","1930"
"72959936","20 Riverdale Rd 3 2","20 RIVERDALE RD 3 2","2022-03-29","2022-04-02","2022-05-31","1550000","","2942","1916"
"72941398","20 Durant Road 4 2","20 DURANT RD 4 2","2022-02-08","2022-02-12","2022-03-24","1550000","","3324","1965"
"72934995","61 Chesterton Road 4 2","61 CHESTERTON RD 4 2","2022-01-16","2022-01-19","2022-03-03","1550000","","2764","1950"
"72870828","16 Hickory Rd 5 2","16 HICKORY RD 5 2","2021-07-22","2021-07-24","2021-08-29","1550000","","3113","2002"
"72797149","35 Old Colony Rd 5 3","35 OLD COLONY RD 5 3","2021-03-10","2021-03-15","2021-03-29","1550000","","2623","1936"
"72658917","29 Summit Rd 4 2","29 SUMMIT RD 4 2","2020-05-19","2020-05-21","2020-08-13","1550000","","2919","1900"
"72615996","15 Woodfield Rd 5 2","15 WOODFIELD RD 5 2","2020-02-04","2020-02-06","2020-04-14","1550000","","2915","1941"
"72951278","6 Mulherin Lane 4 2","6 MULHERIN LN 4 2","2022-03-09","2022-04-01","2022-05-19","1549000","","2642","1974"
"72825958","2 Cavanagh Road 3 2","2 CAVANAGH RD 3 2","2021-05-04","2021-05-10","2021-08-26","1549000","","3448","1940"
"72694775","42 Longfellow Rd 4 3","42 LONGFELLOW RD 4 3","2020-07-21","2020-07-26","2020-09-09","1549000","","3306","1938"
"72656712","60 Thackeray Rd 4 3","60 THACKERAY RD 4 3","2020-05-13","2020-06-06","2020-07-16","1549000","","3267","1948"
"72731485","72 Emerson Road 4 2","72 EMERSON RD 4 2","2020-09-22","2020-09-28","2020-12-03","1539000","","3284","1939"
"72558811","22 Chatham Circle 4 4","22 CHATHAM CIR 4 4","2019-09-03","2019-11-06","2020-01-05","1539000","","3882","1947"
"73036124","7 Garden Rd 4 2","7 GARDEN RD 4 2","2022-09-12","2022-09-21","2022-11-27","1530000","","3410","1986"
"72947519","194 Oakland Street 5 3","194 OAKLAND ST 5 3","2022-03-01","2022-03-07","2022-04-10","1525000","","3064","1952"
"72940421","266 Weston Rd 3 2","266 WESTON RD 3 2","2022-02-06","2022-02-11","2022-03-13","1525000","","2887","1988"
"72879954","29 Croton Street 6 2","29 CROTON ST 6 2","2021-08-10","2021-08-24","2021-12-02","1500000","","4110","1915"
"72804211","8 Deerfield Rd 5 3","8 DEERFIELD RD 5 3","2021-03-24","2021-03-29","2021-05-03","1500000","","3205","1955"
"72782662","20 Edgewater Drive 4 2","20 EDGEWATER DR 4 2","2021-02-03","2021-02-08","2021-05-05","1500000","","2806","1955"
"72729772","28 Boulder Rd 4 3","28 BOULDER RD 4 3","2020-09-23","2020-09-26","2020-12-10","1500000","","2574","1938"
"72649843","27 Hunnewell St 4 4","27 HUNNEWELL ST 4 4","2020-04-30","2020-06-13","2020-08-03","1500000","","4248","2013"
"72623107","38 Edgemoor Ave 4 3","38 EDGEMOOR AVE 4 3","2020-02-23","2020-02-24","2020-06-15","1500000","","3568","2004"
"73052332","131 Overbrook Drive 4 3","131 OVERBROOK DR 4 3","2022-10-25","2022-10-29","2022-12-05","1499000","","3529","1997"
"73006943","31 Forest St 6 3","31 FOREST ST 6 3","2022-07-04","2022-07-11","2022-09-01","1499000","","3131","1893"
"72994214","9 Hunting Street 4 2","9 HUNTING ST 4 2","2022-06-07","2022-08-29","2022-12-01","1499000","","2214","1900"
"72947530","85 Washburn Ave 4 4","85 WASHBURN AVE 4 4","2022-03-01","2022-03-03","2022-04-13","1499000","","3502","1980"
"72649429","12 Pine Plain Rd 6 4","12 PINE PLAIN RD 6 4","2020-04-29","2020-06-04","2020-07-01","1499000","","3120","1935"
"72625482","140 Benvenue Street 5 3","140 BENVENUE ST 5 3","2020-02-27","2020-03-02","2020-03-31","1499000","","4068","1956"
"73054340","38 Garrison Rd 4 2","38 GARRISON RD 4 2","2022-11-01","2022-11-05","2023-01-05","1495000","","3056","1939"
"72963312","12 Northgate Rd 3 2","12 NORTHGATE RD 3 2","2022-04-05","2022-04-10","2022-05-25","1495000","","2400","1953"
"72912692","29 Poplar Rd 4 2","29 POPLAR RD 4 2","2021-10-25","2021-10-29","2021-12-14","1495000","","1922","1960"
"72912317","8 Partridge Road 3 3","8 PARTRIDGE RD 3 3","2021-10-24","2021-10-27","2021-12-13","1495000","","3502","1940"
"72909810","62 Arnold Rd 3 2","62 ARNOLD RD 3 2","2021-10-17","2021-11-18","2022-03-01","1495000","","2407","1950"
"72884435","196 Washington St 4 2","196 WASHINGTON ST 4 2","2021-08-19","2021-09-18","2021-11-04","1495000","","2855","1869"
"72876171","14 Francis Rd 4 3","14 FRANCIS RD 4 3","2021-08-03","2021-08-08","2021-10-07","1495000","","2806","1941"
"72815715","75 Croton St 4 3","75 CROTON ST 4 3","2021-04-14","2021-05-10","2021-06-20","1495000","","3115","1981"
"72804732","43 Overbrook Dr 6 4","43 OVERBROOK DR 6 4","2021-03-25","2021-03-28","2021-05-19","1495000","","4364","1919"
"72799944","10 Thomas Rd 5 4","10 THOMAS RD 5 4","2021-03-16","2021-03-21","2021-05-13","1495000","","2830","1924"
"72716877","1 Chatham Circle 4 2","1 CHATHAM CIR 4 2","2020-08-26","2020-10-18","2020-11-30","1495000","","3601","1940"
"72712645","23 Meadowbrook Road 4 2","23 MEADOWBROOK RD 4 2","2020-08-18","2020-08-24","2020-10-29","1495000","","3000","1953"
"72652600","35 Pinewood Rd 4 3","35 PINEWOOD RD 4 3","2020-05-05","2020-06-04","2020-08-26","1495000","","2990","2013"
"72652368","112 Bristol Rd 4 2","112 BRISTOL RD 4 2","2020-05-05","2020-05-07","2020-06-15","1495000","","2689","1950"
"72632262","79 Donizetti Street 5 4","79 DONIZETTI ST 5 4","2020-03-10","2020-03-25","2020-04-29","1495000","","3565","1923"
"72612615","3 Brookmere Ave 3 2","3 BROOKMERE AVE 3 2","2020-01-27","2020-02-06","2020-04-07","1495000","","3650","1994"
"72610742","2 Auburn Rd 4 2","2 AUBURN RD 4 2","2020-01-21","2020-01-25","2020-03-03","1495000","","2586","1952"
"72540803","4 Oakdale Ave 5 3","4 OAKDALE AVE 5 3","2019-07-25","2019-11-07","2020-02-05","1495000","","4200","2000"
"72941465","45 Wareland Rd 4 2","45 WARELAND RD 4 2","2022-02-09","2022-02-10","2022-03-22","1490000","","2697","1956"
"72839830","33 Benvenue St 5 3","33 BENVENUE ST 5 3","2021-05-30","2021-06-06","2021-08-01","1485000","","2700","1936"
"72849492","35 Riverdale Rd 5 3","35 RIVERDALE RD 5 3","2021-06-13","2021-06-25","2021-08-26","1475000","","3241","1913"
"72840372","72 Dover Rd 3 3","72 DOVER RD 3 3","2021-05-31","2021-06-02","2021-09-20","1475000","","1914","1925"
"72792757","10 West Riding St 4 2","10 WEST RIDING ST 4 2","2021-03-02","2021-03-07","2021-05-17","1475000","","2435","1924"
"72782184","14 Woodridge Road 3 2","14 WOODRIDGE RD 3 2","2021-02-03","2021-03-07","2021-04-29","1475000","","2318","1938"
"72671412","11 Arnold Rd 4 2","11 ARNOLD RD 4 2","2020-06-09","2020-06-29","2020-08-30","1475000","","2700","1936"
"72846621","10 Berkeley Rd 3 2","10 BERKELEY RD 3 2","2021-06-08","2021-06-13","2021-09-19","1465000","","2750","1948"
"72597943","16 Croton Street 4 3","16 CROTON ST 4 3","2019-12-03","2019-12-09","2020-01-12","1465000","","3092","1937"
"72944135","53 Bancroft Rd 4 3","53 BANCROFT RD 4 3","2022-02-17","2022-02-19","2022-03-21","1459000","","3406","1930"
"73032254","24 S Woodside Ave 4 3","24 S WOODSIDE AVE 4 3","2022-09-04","2022-09-07","2022-10-12","1450000","","2352","1992"
"72972194","11 Riverdale Road 3 1","11 RIVERDALE RD 3 1","2022-04-26","2022-05-02","2022-06-16","1450000","","2137","1915"
"72872914","11 Comeau Street 4 2","11 COMEAU ST 4 2","2021-07-27","2021-07-29","2021-08-23","1450000","","2398","1941"
"72796670","53 Mayo Rd 4 3","53 MAYO RD 4 3","2021-03-10","2021-03-13","2021-06-07","1450000","","2393","1950"
"72787527","53 Cottonwood Rd 5 3","53 COTTONWOOD RD 5 3","2021-02-17","2021-02-22","2021-04-29","1450000","","2909","1981"
"72718085","80 Mayo Road 4 2","80 MAYO RD 4 2","2020-08-30","2020-09-01","2020-10-14","1449000","","2697","1952"
"72935377","96 Glen Rd 4 2","96 GLEN RD 4 2","2022-01-18","2022-01-23","2022-02-24","1425000","","2463","1951"
"72763066","148 Oakland Street 4 4","148 OAKLAND ST 4 4","2020-12-01","2020-12-06","2021-02-04","1425000","","2856","1924"
"72736090","37 Fox Hill Rd 4 3","37 FOX HILL RD 4 3","2020-09-30","2020-12-05","2021-02-15","1425000","","2598","1945"
"72677093","2 Barnstable Road 4 3","2 BARNSTABLE RD 4 3","2020-06-18","2020-07-02","2020-08-20","1425000","","2718","1942"
"72652379","257 Oakland St 4 3","257 OAKLAND ST 4 3","2020-05-05","2020-05-21","2020-07-16","1425000","","2909","1950"
"72624472","402 Linden St 4 2","402 LINDEN ST 4 2","2020-02-25","2020-02-27","2020-05-04","1425000","","3552","1848"
"72584475","85 Washington St 4 2","85 WASHINGTON ST 4 2","2019-10-23","2019-10-27","2020-01-20","1425000","","2718","1898"
"72969299","85 Glen Cross Rd 4 3","85 GLEN CROSS RD 4 3","2022-04-19","2022-05-05","2022-06-30","1400000","","2326","1896"
"72899160","44 Mayo Rd 3 2","44 MAYO RD 3 2","2021-09-22","2021-09-26","2021-11-29","1399999","","2000","1948"
"72990136","60 Washburn Ave. 4 2","60 WASHBURN AVE 4 2","2022-05-31","2022-06-12","2022-07-24","1399000","","2382","1940"
"72899827","49 Pilgrim Road 4 2","49 PILGRIM RD 4 2","2021-09-22","2021-09-25","2021-11-04","1399000","","2954","1941"
"72755210","146 Lowell Rd 5 4","146 LOWELL RD 5 4","2020-11-09","2020-11-09","2021-01-28","1399000","","3515","1950"
"72661046","3 Wilson Street 4 2","3 WILSON ST 4 2","2020-05-23","2020-05-25","2020-06-15","1398000","","3328","1950"
"72998445","4 Chesterton Road 3 1","4 CHESTERTON RD 3 1","2022-06-14","2022-06-17","2022-07-28","1395000","","2284","1940"
"72997105","10 Jackson Road 4 2","10 JACKSON RD 4 2","2022-06-13","2022-07-02","2022-08-10","1395000","","2798","1947"
"72941394","72 Fuller Brook 4 4","72 FULLER BROOK 4 4","2022-02-08","2022-02-12","2022-03-29","1395000","","2848","1945"
"72917832","8 Tappan Rd 4 1","8 TAPPAN RD 4 1","2021-11-07","2021-11-11","2021-12-20","1395000","","1775","1925"
"72905095","8 Skyline Dr 4 2","8 SKYLINE DR 4 2","2021-10-05","2021-10-10","2021-12-14","1395000","","2359","1963"
"72901811","41 Atwood St 4 2","41 ATWOOD ST 4 2","2021-09-28","2021-10-02","2021-11-30","1395000","","2184","1876"
"72899680","20 Chatham Cir 5 4","20 CHATHAM CIR 5 4","2021-09-22","2021-09-24","2021-12-07","1395000","","2893","1949"
"72879791","4 Strathmore Rd 4 2","4 STRATHMORE RD 4 2","2021-08-10","2021-08-16","2021-11-03","1395000","","2592","1928"
"72855369","2 Woodlawn Ave 5 3","2 WOODLAWN AVE 5 3","2021-06-22","2021-06-25","2021-08-17","1395000","","3005","1890"
"72846633","78 Whittier Road 5 3","78 WHITTIER RD 5 3","2021-06-08","2021-06-10","2021-07-11","1395000","","2468","1932"
"72831469","12 Madison Road 3 3","12 MADISON RD 3 3","2021-05-12","2021-05-17","2021-08-11","1395000","","2422","1941"
"72831097","71 Kingsbury Street 5 5","71 KINGSBURY ST 5 5","2021-05-12","2021-06-27","2021-08-12","1395000","","4171","1893"
"72826241","58 Seaver Pl 5 3","58 SEAVER PL 5 3","2021-05-04","2021-05-06","2021-07-08","1395000","","2337","1987"
"72804051","17 Bryn Mawr Road 3 2","17 BRYN MAWR RD 3 2","2021-03-24","2021-03-28","2021-05-11","1395000","","2776","1937"
"72781935","15 Beverly Rd 4 2","15 BEVERLY RD 4 2","2021-02-02","2021-02-07","2021-03-10","1395000","","2472","1936"
"72781368","50 Wall St 3 2","50 WALL ST 3 2","2021-02-01","2021-02-03","2021-03-29","1395000","","2558","1945"
"72692037","21 Chestnut Street 4 2","21 CHESTNUT ST 4 2","2020-07-14","2020-07-17","2020-08-27","1395000","","2644","1880"
"72690205","106 Great Plain Avenue 4 4","106 GREAT PLAIN AVE 4 4","2020-07-12","2020-09-28","2020-11-18","1395000","","3753","1985"
"72681634","26 Skyline Drive 4 4","26 SKYLINE DR 4 4","2020-06-25","2020-08-08","2020-09-17","1395000","","2905","1955"
"72700134","47 Maugus Hill Road 4 2","47 MAUGUS HILL RD 4 2","2020-07-28","2020-08-02","2020-10-19","1390000","","2846","1961"
"72439540","95 Parker Rd 4 3","95 PARKER RD 4 3","2019-01-09","2019-04-06","2020-06-15","1389000","","3095","1940"
"72628139","4 Carver Rd 4 2","4 CARVER RD 4 2","2020-03-03","2020-03-06","2020-05-06","1385000","","2858","1950"
"72806854","10 Marigold Ave 4 2","10 MARIGOLD AVE 4 2","2021-03-30","2021-04-04","2021-05-06","1379000","","3836","1968"
"72868952","81 Parker Rd 4 2","81 PARKER RD 4 2","2021-07-20","2021-07-23","2021-09-14","1375000","","2504","1940"
"72704893","9 Berkeley Rd 4 2","9 BERKELEY RD 4 2","2020-08-04","2020-08-08","2020-09-13","1375000","","2269","1948"
"72634766","5 Tappan Rd 4 2","5 TAPPAN RD 4 2","2020-03-16","2020-03-22","2020-05-10","1375000","","2354","1926"
"72629297","53 Madison Rd 4 2","53 MADISON RD 4 2","2020-03-05","2020-03-28","2020-05-14","1375000","","2514","1952"
"72617616","28 Longfellow Rd 5 5","28 LONGFELLOW RD 5 5","2020-02-09","2020-02-28","2020-06-16","1375000","","3926","1898"
"73047677","30 Sunset Rd 3 2","30 SUNSET RD 3 2","2022-10-12","2022-10-14","2022-11-16","1350000","","1564","1936"
"73021933","68 Seaver Street 3 2","68 SEAVER ST 3 2","2022-08-04","2022-08-07","2022-09-19","1350000","","2262","1953"
"73012085","22 Ingersoll Rd 3 2","22 INGERSOLL RD 3 2","2022-07-13","2022-07-15","2022-09-14","1350000","","2184","1905"
"72987558","32 Hillside Rd 3 1","32 HILLSIDE RD 3 1","2022-05-24","2022-06-19","2022-08-03","1350000","","1728","1927"
"72980066","12 Crescent St 3 2","12 CRESCENT ST 3 2","2022-05-10","2022-05-14","2022-06-29","1350000","","2399","1924"
"72941324","24 Lantern Ln 3 2","24 LANTERN LN 3 2","2022-02-08","2022-02-13","2022-05-08","1350000","","2785","1940"
"72924093","27 Standish Road 3 3","27 STANDISH RD 3 3","2021-11-30","2021-12-05","2022-01-13","1350000","","2703","1945"
"72851312","96 Seaver Street 4 2","96 SEAVER ST 4 2","2021-06-15","2021-06-22","2021-08-01","1350000","","2738","1928"
"72847195","23 Overbrook Dr 4 2","23 OVERBROOK DR 4 2","2021-06-09","2021-06-30","2021-09-02","1350000","","2950","1957"
"72844374","84 Standish Road 4 2","84 STANDISH RD 4 2","2021-06-05","2021-06-13","2021-07-14","1350000","","2222","1963"
"72810328","10 Fuller Brook 3 3","10 FULLER BROOK 3 3","2021-04-06","2021-04-11","2021-05-25","1350000","","2406","1941"
"72729955","18 Lanark Rd 5 3","18 LANARK RD 5 3","2020-09-20","2020-10-19","2020-12-15","1350000","","3207","1964"
"72693101","15 Orchard St 3 3","15 ORCHARD ST 3 3","2020-07-15","2020-10-15","2020-11-17","1350000","","4240","1938"
"72670464","6 Boulder Brook Rd 4 3","6 BOULDER BROOK RD 4 3","2020-06-08","2020-06-10","2020-07-27","1350000","","2393","1940"
"72608157","44 Mansfield Rd. 4 2","44 MANSFIELD RD 4 2","2020-01-14","2020-01-19","2020-03-17","1350000","","2610","1962"
"72984359","102 Edgemoor Ave 4 2","102 EDGEMOOR AVE 4 2","2022-05-17","2022-05-19","2022-06-27","1349000","","3079","1958"
"72855080","21 Cunningham Rd 4 2","21 CUNNINGHAM RD 4 2","2021-06-22","2021-06-25","2021-07-29","1349000","","2855","1930"
"72841915","22 Heckle St 3 3","22 HECKLE ST 3 3","2021-06-01","2021-06-07","2021-08-19","1349000","","2532","1950"
"72799765","47 Twitchell St 4 3","47 TWITCHELL ST 4 3","2021-03-16","2021-03-21","2021-05-05","1349000","","2670","1985"
"72656018","39 Skyline Dr 4 2","39 SKYLINE DR 4 2","2020-05-13","2020-08-27","2020-10-15","1349000","","2422","1955"
"72796373","23 Thomas Rd 4 4","23 THOMAS RD 4 4","2021-03-09","2021-03-10","2021-05-27","1335000","","3691","2016"
"72885382","36 Marshall Road 3 3","36 MARSHALL RD 3 3","2021-08-22","2021-09-01","2021-09-26","1329000","","2119","1950"
"72855564","7 Atwood St. 3 3","7 ATWOOD ST 3 3","2021-06-22","2021-08-05","2021-09-02","1329000","","2536","1915"
"72973361","98 Overbrook Drive 4 2","98 OVERBROOK DR 4 2","2022-04-27","2022-05-02","2022-06-14","1328000","","2964","2001"
"72958705","4 Solon St 3 1","4 SOLON ST 3 1","2022-03-28","2022-04-01","2022-05-25","1325000","","1911","1910"
"72996392","16 Bluebird Rd 3 3","16 BLUEBIRD RD 3 3","2022-06-10","2022-07-19","2022-08-25","1319000","","3542","1954"
"72945305","7 Springdale Ave 4 2","7 SPRINGDALE AVE 4 2","2022-02-22","2022-02-24","2022-04-21","1315000","","2159","1938"
"72998101","113 Brook St 4 2","113 BROOK ST 4 2","2022-06-14","2022-06-22","2022-09-11","1300000","","1878","1925"
"72836425","30 Summit Rd 4 1","30 SUMMIT RD 4 1","2021-05-20","2021-05-22","2021-07-27","1300000","","2217","1932"
"72792282","5 Hardy Rd. 3 3","5 HARDY RD 3 3","2021-03-02","2021-03-09","2021-04-20","1300000","","2109","1927"
"72763034","45 Ivy Road 4 2","45 IVY RD 4 2","2020-12-01","2020-12-05","2021-02-11","1300000","","2260","1977"
"72661926","6 Juniper Rd 4 3","6 JUNIPER RD 4 3","2020-05-25","2020-07-02","2020-08-16","1299999","","2719","1983"
"73052474","85 Benvenue Street 4 2","85 BENVENUE ST 4 2","2022-10-26","2022-10-29","2023-01-08","1299000","","2608","1976"
"73035650","11 Evergreen Ave 4 2","11 EVERGREEN AVE 4 2","2022-09-12","2022-09-12","2022-11-01","1299000","","2230","1986"
"73020143","52 Riverdale Rd 4 2","52 RIVERDALE RD 4 2","2022-08-01","2022-08-18","2022-10-11","1299000","","2636","1927"
"73014966","24 Carver Rd 3 2","24 CARVER RD 3 2","2022-07-19","2022-07-20","2022-08-31","1299000","","2222","1948"
"72979346","110 Oak St 4 3","110 OAK ST 4 3","2022-05-10","2022-05-12","2022-07-26","1299000","","1938","1947"
"72894960","17 Putney Rd 3 3","17 PUTNEY RD 3 3","2021-09-14","2021-09-18","2021-12-14","1299000","","2400","1955"
"72851325","30 Leighton Rd 3 1","30 LEIGHTON RD 3 1","2021-06-15","2021-07-02","2021-09-15","1299000","","1496","1926"
"72778044","48 Hundreds Rd 4 2","48 HUNDREDS RD 4 2","2021-01-22","2021-01-24","2021-02-25","1299000","","2480","1927"
"72688307","119 Westgate Road 4 3","119 WESTGATE RD 4 3","2020-07-08","2020-07-14","2020-08-24","1299000","","2754","1965"
"72674244","9 NORTHGATE ROAD 4 2","9 NORTHGATE RD 4 2","2020-06-14","2020-09-17","2020-11-15","1299000","","2836","1952"
"72668734","102 Wellesley Ave 4 2","102 WELLESLEY AVE 4 2","2020-06-04","2020-06-27","2020-08-30","1299000","","2550","1928"
"72666711","18 Benvenue 4 3","18 BENVENUE 4 3","2020-06-02","2020-06-08","2020-08-09","1299000","","2260","1890"
"72659443","9 Granite 3 2","9 GRANITE 3 2","2020-05-19","2020-05-24","2020-07-01","1299000","","2240","1926"
"73017824","149 Great Plain Ave 4 4","149 GREAT PLAIN AVE 4 4","2022-07-26","2022-07-31","2022-08-31","1298000","","2533","1966"
"73044934","29 Martin Road 5 2","29 MARTIN RD 5 2","2022-10-04","2022-10-21","2022-12-14","1295000","","2236","1937"
"73038812","45 Howe Street 3 1","45 HOWE ST 3 1","2022-09-19","2022-09-22","2022-11-15","1295000","","2428","1921"
"73033483","22 Standish Road 3 2","22 STANDISH RD 3 2","2022-09-06","2022-09-20","2022-11-02","1295000","","2020","1939"
"72998642","45 Seaward Rd 4 3","45 SEAWARD RD 4 3","2022-06-14","2022-06-17","2022-09-01","1295000","","2048","1953"
"72979830","22 Boulder Road 4 2","22 BOULDER RD 4 2","2022-05-10","2022-05-15","2022-06-23","1295000","","2526","1923"
"72972423","14 Standish Rd 4 2","14 STANDISH RD 4 2","2022-04-26","2022-04-30","2022-07-31","1295000","","2670","1938"
"72950490","17 Garrison Rd. 3 2","17 GARRISON RD 3 2","2022-03-07","2022-03-11","2022-04-14","1295000","","2066","1940"
"72907950","5 Alhambra Rd 4 3","5 ALHAMBRA RD 4 3","2021-10-12","2021-10-14","2021-12-14","1295000","","2659","1935"
"72865687","20 Wedgwood Rd 4 3","20 WEDGWOOD RD 4 3","2021-07-13","2021-07-21","2021-09-26","1295000","","3335","1961"
"72861348","26 Woodridge Road 4 2","26 WOODRIDGE RD 4 2","2021-07-06","2021-08-01","2021-09-14","1295000","","2597","1940"
"72841574","63 Washburn Avenue 4 2","63 WASHBURN AVE 4 2","2021-06-01","2021-06-10","2021-07-15","1295000","","2394","1950"
"72814847","24 Bradford Road 4 2","24 BRADFORD RD 4 2","2021-04-13","2021-04-19","2021-06-16","1295000","","2532","1940"
"72804545","39 River Glen Rd 4 2","39 RIVER GLEN RD 4 2","2021-03-25","2021-03-28","2021-07-14","1295000","","2646","1954"
"72802635","27 Fells Rd 4 2","27 FELLS RD 4 2","2021-03-22","2021-03-25","2021-05-26","1295000","","2222","1963"
"72734588","9 Dunedin Rd 4 3","9 DUNEDIN RD 4 3","2020-09-29","2020-10-01","2020-11-17","1295000","","2607","1928"
"72725446","33 Ingraham Road 4 2","33 INGRAHAM RD 4 2","2020-09-11","2020-09-13","2020-10-14","1295000","","2198","1925"
"72717431","82 Washington Street 6 3","82 WASHINGTON ST 6 3","2020-08-27","2020-09-18","2020-10-25","1295000","","3900","1861"
"72714002","26 Eisenhower Cir 4 3","26 EISENHOWER CIR 4 3","2020-08-20","2020-11-19","2021-01-10","1295000","","2648","1974"
"72693110","6 Shadow Lane 4 3","6 SHADOW LN 4 3","2020-07-15","2020-07-30","2020-09-16","1295000","","2538","1942"
"72624493","8 Pilgrim Cir 4 2","8 PILGRIM CIR 4 2","2020-02-25","2020-02-29","2020-04-13","1295000","","2318","1953"
"72616145","289 Walnut St 3 3","289 WALNUT ST 3 3","2020-02-04","2020-02-07","2020-04-12","1295000","","2721","1875"
"72843049","7 Heckle St 3 2","7 HECKLE ST 3 2","2021-06-02","2021-06-11","2021-07-26","1289000","","1916","1923"
"72591028","79 Leighton Rd 4 2","79 LEIGHTON RD 4 2","2019-11-10","2019-11-17","2020-01-01","1285000","","2428","1954"
"72822386","11 Saunders Terrace 4 2","11 SAUNDERS TER 4 2","2021-04-27","2021-05-02","2021-07-18","1275000","","2188","1926"
"72789456","19 Fife Rd 4 2","19 FIFE RD 4 2","2021-02-23","2021-02-28","2021-04-29","1275000","","2900","1950"
"72771728","122 Great Plain Ave 4 3","122 GREAT PLAIN AVE 4 3","2021-01-04","2021-01-06","2021-02-11","1275000","","3122","1830"
"72734796","26 Cavanagh Rd 4 2","26 CAVANAGH RD 4 2","2020-09-29","2020-10-05","2020-12-13","1275000","","2532","1930"
"72639569","54 Radcliffe Rd 4 3","54 RADCLIFFE RD 4 3","2020-03-30","2020-04-01","2020-06-09","1275000","","2631","1955"
"72636119","19 Aberdeen Rd 3 2","19 ABERDEEN RD 3 2","2020-03-18","2020-03-21","2020-05-17","1275000","","2598","1935"
"72631753","45 Sheridan Rd 4 3","45 SHERIDAN RD 4 3","2020-03-10","2020-05-02","2020-06-16","1269000","","2522","1941"
"72896342","50 Pine Plain Road 3 2","50 PINE PLAIN RD 3 2","2021-09-15","2021-09-20","2021-11-09","1250000","","1876","1935"
"72883543","22 Fisher Ave 4 2","22 FISHER AVE 4 2","2021-08-17","2021-08-25","2021-10-14","1250000","","2080","1991"
"72865632","100 Wellesley Ave 3 2","100 WELLESLEY AVE 3 2","2021-07-13","2021-08-09","2021-09-23","1250000","","2190","1862"
"72830519","17 Oakland St 3 2","17 OAKLAND ST 3 2","2021-05-11","2021-07-27","2021-09-15","1250000","","1858","1940"
"72688327","9 Franklin Road 3 2","9 FRANKLIN RD 3 2","2020-07-08","2020-07-08","2020-08-20","1250000","","2261","1960"
"72987734","16 Northgate 3 2","16 NORTHGATE 3 2","2022-05-25","2022-05-30","2022-07-13","1249500","","1962","1951"
"72796285","14 Lafayette Cir 3 2","14 LAFAYETTE CIR 3 2","2021-03-09","2021-03-14","2021-04-25","1249000","","2012","1934"
"72779918","19 Oakland Cir 4 2","19 OAKLAND CIR 4 2","2021-01-27","2021-01-31","2021-05-05","1249000","","3252","1890"
"72646770","18 Oxford Rd 3 2","18 OXFORD RD 3 2","2020-04-21","2020-05-29","2020-07-07","1249000","","1923","1952"
"72633307","31 Avon Rd 3 3","31 AVON RD 3 3","2020-03-12","2020-03-13","2020-06-17","1249000","","1836","1939"
"73052932","34 Earle Road 3 2","34 EARLE RD 3 2","2022-10-26","2022-11-18","2022-12-18","1245000","","2174","1941"
"72746348","5 Shelley Rd 3 2","5 SHELLEY RD 3 2","2020-10-20","2020-10-22","2020-11-30","1240000","","2410","1937"
"72878885","2 Oakdale Ave 4 2","2 OAKDALE AVE 4 2","2021-08-09","2021-08-26","2021-10-26","1239000","","2778","1991"
"72963573","2 Shirley Rd 3 2","2 SHIRLEY RD 3 2","2022-04-05","2022-04-08","2022-06-02","1225000","","1985","1940"
"72891849","6 Ivy Circle 3 2","6 IVY CIR 3 2","2021-09-07","2021-09-11","2021-11-02","1225000","","2356","1962"
"72842535","126 Great Plain Ave 4 2","126 GREAT PLAIN AVE 4 2","2021-06-02","2021-09-10","2021-10-31","1225000","","2111","1953"
"72819341","5 Berkeley Rd 4 2","5 BERKELEY RD 4 2","2021-04-21","2021-04-25","2021-06-13","1225000","","2067","1930"
"72624046","7 Madison 4 2","7 MADISON 4 2","2020-02-25","2020-03-01","2020-04-21","1225000","","1959","1941"
"72749488","10 Durant Road 3 3","10 DURANT RD 3 3","2020-10-27","2021-01-17","2021-03-04","1224999","","2592","1940"
"72687201","20 Cliff Road 3 2","20 CLIFF RD 3 2","2020-07-07","2020-07-20","2020-10-19","1220000","","2532","1955"
"72994098","141 Great Plain Ave 3 2","141 GREAT PLAIN AVE 3 2","2022-06-07","2022-06-25","2022-08-07","1215000","","1896","1960"
"72986783","126 Glen Rd 4 2","126 GLEN RD 4 2","2022-05-23","2022-05-30","2022-08-01","1200000","","2058","1950"
"72945987","66 Pilgrim Road 3 2","66 PILGRIM RD 3 2","2022-02-23","2022-02-28","2022-04-28","1200000","","2313","1951"
"72723229","6 Maugus Avenue 5 2","6 MAUGUS AVE 5 2","2020-09-08","2020-09-17","2020-11-15","1200000","","2372","1930"
"72641986","115 Woodside Ave 4 3","115 WOODSIDE AVE 4 3","2020-04-07","2020-04-17","2020-05-27","1199900","","2960","1986"
"72982325","19 Hunting St 3 2","19 HUNTING ST 3 2","2022-05-15","2022-05-16","2022-06-29","1199000","","1945","1950"
"72815144","24 Cedar St 5 3","24 CEDAR ST 5 3","2021-04-14","2021-05-23","2021-07-21","1199000","","3145","1870"
"72801255","5 Great Plain Ave 4 3","5 GREAT PLAIN AVE 4 3","2021-03-18","2021-03-21","2021-05-16","1199000","","2929","1955"
"72780320","112 Wellesley Ave 4 1","112 WELLESLEY AVE 4 1","2021-01-28","2021-02-01","2021-03-31","1199000","","2403","1928"
"73015689","6 Fisher Ave 4 3","6 FISHER AVE 4 3","2022-07-20","2022-08-18","2022-10-05","1195000","","1966","1980"
"73002421","175 Walnut St 3 2","175 WALNUT ST 3 2","2022-06-21","2022-06-24","2022-08-14","1195000","","1841","1926"
"73000865","75 Standish Rd 3 2","75 STANDISH RD 3 2","2022-06-20","2022-06-23","2022-08-31","1195000","","1850","1941"
"72996939","20 Tappan Rd 4 2","20 TAPPAN RD 4 2","2022-06-12","2022-06-17","2022-07-21","1195000","","1965","1928"
"72994659","6 Fuller Brook Rd 4 2","6 FULLER BROOK RD 4 2","2022-06-07","2022-06-13","2022-07-31","1195000","","2170","1946"
"72963887","9 Standish Road 4 2","9 STANDISH RD 4 2","2022-04-06","2022-04-24","2022-05-25","1195000","","1741","1940"
"72943107","30 Standish Rd 3 2","30 STANDISH RD 3 2","2022-02-15","2022-02-18","2022-03-20","1195000","","2525","1945"
"72917481","197 Bristol Rd 4 1","197 BRISTOL RD 4 1","2021-11-07","2021-11-11","2022-01-13","1195000","","1876","1959"
"72910611","21 Stonecleve Road 2 2","21 STONECLEVE RD 2 2","2021-10-19","2021-10-23","2022-02-15","1195000","","1454","1930"
"72855721","15 Squirrel Rd 3 3","15 SQUIRREL RD 3 3","2021-06-23","2021-07-27","2021-09-15","1195000","","1488","1913"
"72851027","6 Francis Road 5 4","6 FRANCIS RD 5 4","2021-06-15","2021-06-20","2021-08-02","1195000","","2946","1921"
"72779949","14 Oakland Street 4 2","14 OAKLAND ST 4 2","2021-01-27","2021-02-01","2021-06-14","1195000","","2452","1914"
"72752108","54 Northgate Rd 4 2","54 NORTHGATE RD 4 2","2020-11-02","2020-11-05","2021-01-12","1195000","","2018","1952"
"72749900","31 Fells Road 5 2","31 FELLS RD 5 2","2020-10-27","2020-11-02","2020-12-16","1195000","","2600","1958"
"72738173","65 Crest Road 3 1","65 CREST RD 3 1","2020-10-05","2020-10-16","2020-11-24","1195000","","1237","1878"
"72662389","50 Avon Road 3 2","50 AVON RD 3 2","2020-05-26","2020-07-09","2020-09-02","1195000","","2400","1941"
"72643321","31 Edmunds Rd 3 2","31 EDMUNDS RD 3 2","2020-04-12","2020-05-19","2020-07-06","1195000","","2265","1928"
"72631970","74 Leighton Road 4 2","74 LEIGHTON RD 4 2","2020-03-10","2020-06-26","2020-08-02","1195000","","2331","1930"
"72599326","4 Framar Rd 4 1","4 FRAMAR RD 4 1","2019-12-08","2020-01-08","2020-02-27","1195000","","2643","1926"
"72984426","395 Weston 3 1","395 WESTON 3 1","2022-05-17","2022-06-05","2022-07-14","1190000","","2125","1924"
"72953629","3 Beverly Road 3 2","3 BEVERLY RD 3 2","2022-03-15","2022-03-19","2022-05-10","1190000","","2174","1935"
"72933431","24 Durant Rd 3 2","24 DURANT RD 3 2","2022-01-11","2022-01-15","2022-02-23","1189000","","1975","1930"
"72589124","45 Avon Rd 3 2","45 AVON RD 3 2","2019-11-05","2019-11-10","2020-01-08","1189000","","2149","1929"
"72810218","8 Bay View Rd 4 2","8 BAY VIEW RD 4 2","2021-04-06","2021-04-11","2021-07-12","1185000","","2152","1941"
"72835760","25 Maurice Rd 3 2","25 MAURICE RD 3 2","2021-05-19","2021-05-24","2021-06-27","1175000","","2119","1956"
"72700562","11 Riverdale Rd 3 1","11 RIVERDALE RD 3 1","2020-07-28","2020-08-01","2020-09-23","1175000","","2137","1915"
"72624464","24 Denton Rd 3 1","24 DENTON RD 3 1","2020-02-25","2020-02-29","2020-04-28","1175000","","2331","1884"
"72736821","7 Lovewell Road 4 2","7 LOVEWELL RD 4 2","2020-10-01","2020-10-04","2020-12-02","1169000","","2231","1930"
"72703418","6 Willow Park 4 4","6 WILLOW PARK 4 4","2020-08-03","2020-08-09","2020-09-22","1169000","","3253","1951"
"72685972","42 Shirley Rd 4 1","42 SHIRLEY RD 4 1","2020-07-06","2020-07-13","2020-08-19","1165000","","1874","1950"
"72663229","17 Hill Top Rd 4 2","17 HILL TOP RD 4 2","2020-05-27","2020-06-14","2020-07-30","1165000","","1994","1926"
"72624644","2 Pilgrim Rd 4 4","2 PILGRIM RD 4 4","2020-02-25","2020-03-01","2020-04-22","1165000","","3128","1976"
"72835674","4 Skyline Dr 5 2","4 SKYLINE DR 5 2","2021-05-19","2021-06-06","2021-08-03","1159000","","2890","1961"
"73033729","21 Pine Ridge Rd 4 2","21 PINE RIDGE RD 4 2","2022-09-06","2022-10-02","2022-11-17","1150000","","1816","1920"
"72895568","77 Kingsbury Street 3 2","77 KINGSBURY ST 3 2","2021-09-14","2021-09-29","2021-10-13","1150000","","2425","1938"
"72826358","130 Great Plain Avenue 3 2","130 GREAT PLAIN AVE 3 2","2021-05-04","2021-05-11","2021-07-29","1150000","","1844","1950"
"72767015","11 Oakencroft Rd 4 3","11 OAKENCROFT RD 4 3","2020-12-13","2021-01-17","2021-02-22","1150000","","2052","1937"
"72761424","56 Seaver Place 3 3","56 SEAVER PL 3 3","2020-11-26","2020-12-25","2021-01-31","1150000","","2194","1968"
"72729397","106 Edgemoor Ave 3 2","106 EDGEMOOR AVE 3 2","2020-09-18","2020-11-26","2020-12-17","1150000","","2936","2016"
"72728639","39 Washburn Ave 3 2","39 WASHBURN AVE 3 2","2020-09-16","2020-10-18","2020-12-14","1150000","","2223","1940"
"72716645","26 Putney Rd 4 2","26 PUTNEY RD 4 2","2020-08-26","2020-09-19","2020-10-29","1150000","","2406","1958"
"72713416","32 Pine Ridge Rd 3 2","32 PINE RIDGE RD 3 2","2020-08-19","2020-08-28","2020-10-19","1150000","","2248","1939"
"72711656","39 Standish Rd 3 2","39 STANDISH RD 3 2","2020-08-17","2020-08-22","2020-10-20","1150000","","2190","1939"
"72680933","23 Glen Road 4 2","23 GLEN RD 4 2","2020-06-24","2020-07-11","2020-08-06","1149000","","2300","1918"
"72628005","26 Roberts Road 3 1","26 ROBERTS RD 3 1","2020-03-03","2020-05-17","2020-06-25","1149000","","2109","1957"
"72615921","10 Kimlo Road 3 2","10 KIMLO RD 3 2","2020-02-04","2020-03-10","2020-06-24","1139000","","2211","1937"
"72971250","73 Prospect St 4 1","73 PROSPECT ST 4 1","2022-04-24","2022-04-29","2022-07-18","1135000","","1920","1901"
"72765790","111 Great Plain Ave 4 3","111 GREAT PLAIN AVE 4 3","2020-12-09","2020-12-12","2021-02-25","1135000","","2172","1960"
"72719657","51 Northgate Rd 4 1","51 NORTHGATE RD 4 1","2020-09-01","2020-09-03","2020-11-15","1130000","","1920","1950"
"73042674","81 Seaver Street 3 2","81 SEAVER ST 3 2","2022-09-28","2022-10-25","2022-12-01","1125000","","2100","1975"
"72982357","74 Curve St 3 1","74 CURVE ST 3 1","2022-05-15","2022-05-17","2022-07-24","1125000","","1440","1960"
"72976770","2 Woodfield Rd 4 2","2 WOODFIELD RD 4 2","2022-05-04","2022-05-08","2022-08-30","1125000","","2001","1952"
"72709460","17 Ledyard Street 3 2","17 LEDYARD ST 3 2","2020-08-12","2020-08-27","2020-09-20","1125000","","1927","1928"
"72610858","24 Northgate Rd 3 2","24 NORTHGATE RD 3 2","2020-01-21","2020-01-25","2020-03-29","1125000","","1650","1951"
"72607248","19 Kirkland Cir 2 3","19 KIRKLAND CIR 2 3","2020-01-12","2020-01-16","2020-04-14","1125000","","2235","1940"
"73028586","164 Walnut Street 3 2","164 WALNUT ST 3 2","2022-08-23","2022-08-28","2022-10-06","1100000","","1876","1920"
"72915872","48 Fuller Brook Rd 2 1","48 FULLER BROOK RD 2 1","2021-11-02","2021-11-04","2021-12-08","1100000","","1492","1941"
"72838585","1 Vista Road 4 2","1 VISTA RD 4 2","2021-05-26","2021-11-15","2021-12-22","1100000","","1152","1957"
"72836590","16 Summit Rd 3 2","16 SUMMIT RD 3 2","2021-05-25","2021-05-29","2021-08-02","1100000","","1700","1933"
"72814691","16 Granite St 4 1","16 GRANITE ST 4 1","2021-04-13","2021-04-15","2021-05-09","1100000","","1701","1937"
"72804602","49 Leighton Rd 3 2","49 LEIGHTON RD 3 2","2021-03-25","2021-03-27","2021-05-02","1100000","","1701","1910"
"72738800","20 Chesterton Rd 3 1","20 CHESTERTON RD 3 1","2020-10-06","2020-10-06","2020-11-15","1100000","","1440","1951"
"72717251","17 Paine 3 2","17 PAINE 3 2","2020-08-27","2020-09-03","2020-10-05","1100000","","1716","1915"
"73023954","15 Lexington Rd 3 2","15 LEXINGTON RD 3 2","2022-08-09","2022-09-20","2022-11-01","1099000","","1717","1953"
"72740295","10 Oakland Cir 3 2","10 OAKLAND CIR 3 2","2020-10-07","2020-12-02","2021-01-18","1099000","","1880","1890"
"72625431","93 Brook St 4 2","93 BROOK ST 4 2","2020-02-27","2020-03-01","2020-03-12","1099000","","1844","1880"
"73041888","68 Standish Rd 2 2","68 STANDISH RD 2 2","2022-09-27","2022-10-01","2022-10-27","1095000","","1574","1949"
"72975540","8 Hampden St 4 2","8 HAMPDEN ST 4 2","2022-05-02","2022-05-08","2022-06-15","1095000","","2260","1924"
"72946849","41 Brook St 3 1","41 BROOK ST 3 1","2022-02-27","2022-03-03","2022-03-28","1095000","","1687","1935"
"72939620","127 Prospect St 3 2","127 PROSPECT ST 3 2","2022-02-02","2022-02-05","2022-06-13","1095000","","2140","1935"
"72865652","13 Donizetti St 3 2","13 DONIZETTI ST 3 2","2021-07-13","2021-07-17","2021-08-17","1095000","","1899","1920"
"72796826","4 Southwick Cir 3 1","4 SOUTHWICK CIR 3 1","2021-03-10","2021-03-15","2021-04-19","1095000","","2014","1942"
"72746584","555 Worcester St 4 4","555 WORCESTER ST 4 4","2020-10-20","2020-10-28","2021-01-14","1095000","","4300","1998"
"72713323","45 Howe Street 3 1","45 HOWE ST 3 1","2020-08-19","2020-08-20","2020-10-12","1095000","","2428","1920"
"72618648","68 Washburn Ave 3 2","68 WASHBURN AVE 3 2","2020-02-11","2020-05-31","2020-07-14","1095000","","1955","1949"
"72611596","65 Longfellow Road 3 2","65 LONGFELLOW RD 3 2","2020-01-23","2020-01-26","2020-04-01","1095000","","2447","1896"
"72547484","92 Washburn Ave 4 2","92 WASHBURN AVE 4 2","2019-08-08","2020-01-09","2020-02-19","1095000","","2500","1980"
"72562232","71 Fuller Brook Road 4 2","71 FULLER BROOK RD 4 2","2019-09-09","2020-04-17","2020-05-28","1090000","","2418","1940"
"72966639","59 Russell Road 3 2","59 RUSSELL RD 3 2","2022-04-13","2022-04-18","2022-05-01","1075000","","1911","2009"
"72940974","8 Vista Rd 3 1","8 VISTA RD 3 1","2022-02-08","2022-02-13","2022-04-03","1075000","","1934","1940"
"72855740","4 Hastings Street 4 2","4 HASTINGS ST 4 2","2021-06-23","2021-06-28","2021-08-11","1075000","","1780","1923"
"72631881","40 Upwey Rd 4 2","40 UPWEY RD 4 2","2020-03-10","2020-07-31","2020-09-24","1075000","","2344","1938"
"72694194","11 Brookmere Ave 4 2","11 BROOKMERE AVE 4 2","2020-07-18","2020-08-06","2020-10-08","1065000","","2392","1978"
"72647749","13 Willow Road 4 2","13 WILLOW RD 4 2","2020-04-24","2020-04-25","2020-06-28","1065000","","2197","1928"
"72639541","15 Ivy Road 4 2","15 IVY RD 4 2","2020-03-30","2020-05-05","2020-06-10","1065000","","2329","1951"
"72986424","60 McLean St 4 2","60 MCLEAN ST 4 2","2022-05-22","2022-06-14","2022-07-13","1050000","","2508","1957"
"72980716","8 Bradley Avenue 3 1","8 BRADLEY AVE 3 1","2022-05-11","2022-07-06","2022-08-17","1050000","","1452","1950"
"72818507","61 Sheridan Rd 3 2","61 SHERIDAN RD 3 2","2021-04-20","2021-04-23","2021-07-05","1050000","","2570","1940"
"72782081","2 Pinewood Rd 4 2","2 PINEWOOD RD 4 2","2021-02-02","2021-02-07","2021-04-07","1050000","","2182","1974"
"72744840","9 Sylvan Rd 4 2","9 SYLVAN RD 4 2","2020-10-17","2020-11-16","2021-01-24","1050000","","2630","1922"
"72956531","20 Saunders Ter 3 1","20 SAUNDERS TER 3 1","2022-03-22","2022-03-28","2022-05-08","1049900","","1452","1926"
"72772264","14 Fife Rd 4 2","14 FIFE RD 4 2","2021-01-06","2021-01-09","2021-02-10","1049000","","1726","1940"
"72742557","33 Avon Rd 3 1","33 AVON RD 3 1","2020-10-13","2020-10-31","2021-01-11","1049000","","1694","1928"
"72732158","7 Kirkland Circle 5 2","7 KIRKLAND CIR 5 2","2020-09-23","2020-10-11","2020-11-22","1049000","","1992","1939"
"72714016","12 Pinevale Avenue 3 2","12 PINEVALE AVE 3 2","2020-08-20","2020-08-24","2020-10-22","1049000","","1973","1950"
"72939189","11 Hill Top Road 3 2","11 HILL TOP RD 3 2","2022-02-01","2022-02-07","2022-04-10","1029900","","2008","1936"
"72959518","44 Pinewood Rd 4 1","44 PINEWOOD RD 4 1","2022-03-29","2022-04-03","2022-05-05","1025000","","1612","1912"
"72620493","35 Rice St 3 1","35 RICE ST 3 1","2020-02-16","2020-03-02","2020-04-29","1000000","","1557","1911"
"72854973","50 Washburn Ave 3 1","50 WASHBURN AVE 3 1","2021-06-22","2021-06-26","2021-07-26","999900","","1510","1958"
"72845953","302 Weston Rd 3 2","302 WESTON RD 3 2","2021-06-08","2021-06-10","2021-08-08","999900","","2094","1928"
"72822008","11 Duxbury Road 3 2","11 DUXBURY RD 3 2","2021-04-27","2021-05-08","2021-06-29","999900","","1671","1950"
"72911811","14 Brookdale Ave 3 2","14 BROOKDALE AVE 3 2","2021-10-21","2021-12-10","2022-01-18","999500","","2440","1949"
"73036624","7 Pleasant St 3 2","7 PLEASANT ST 3 2","2022-09-13","2022-09-17","2022-12-28","999000","","1920","1917"
"73029663","12 Eaton Court 4 2","12 EATON CT 4 2","2022-08-24","2022-08-29","2022-10-06","999000","","2764","1900"
"72861997","27 Lantern Ln 4 2","27 LANTERN LN 4 2","2021-07-06","2021-09-28","2021-11-04","999000","","3321","1980"
"72842533","8 Fells Rd 4 2","8 FELLS RD 4 2","2021-06-02","2021-06-27","2021-08-05","999000","","2296","1934"
"72838507","7 Fife Rd 3 1","7 FIFE RD 3 1","2021-05-26","2021-05-29","2021-08-15","999000","","1814","1910"
"72811537","5 Dexter Rd 3 2","5 DEXTER RD 3 2","2021-04-07","2021-04-11","2021-08-30","999000","","1836","1943"
"72739194","10 Windemere Rd 4 1","10 WINDEMERE RD 4 1","2020-10-06","2020-10-13","2020-12-08","999000","","1786","1940"
"72535602","7 Cedar Brook Rd 4 2","7 CEDAR BROOK RD 4 2","2019-07-16","2020-02-16","2020-04-28","999000","","2588","1997"
"72830600","229 Weston Rd 3 1","229 WESTON RD 3 1","2021-05-11","2021-05-15","2021-08-05","998000","","2807","1930"
"73044990","15 Howe Street 3 1","15 HOWE ST 3 1","2022-10-04","2022-11-06","2022-12-11","995000","","1535","1900"
"73013032","3 Rockland St 3 1","3 ROCKLAND ST 3 1","2022-07-17","2022-07-24","2022-11-02","995000","","1810","1887"
"73011144","1 Bow St 3 2","1 BOW ST 3 2","2022-07-12","2022-07-15","2022-09-14","995000","","1650","1958"
"72977138","25 Geraldine Dr. 6 4","25 GERALDINE DR 6 4","2022-05-04","2022-05-09","2022-06-08","995000","","2468","1969"
"72975311","39 College Road 3 2","39 COLLEGE RD 3 2","2022-05-02","2022-05-11","2022-07-19","995000","","1698","1947"
"72969391","87 Parker Rd 4 1","87 PARKER RD 4 1","2022-04-19","2022-04-26","2022-05-30","995000","","1746","1940"
"72964464","12 Cottonwood Rd 3 1","12 COTTONWOOD RD 3 1","2022-04-06","2022-04-10","2022-06-26","995000","","1233","1939"
"72964257","39 Elmwood Rd 3 2","39 ELMWOOD RD 3 2","2022-04-06","2022-04-12","2022-05-11","995000","","1617","1933"
"72834494","41 Pine Ridge Road 3 2","41 PINE RIDGE RD 3 2","2021-05-18","2021-05-24","2021-07-14","995000","","1540","1938"
"72827095","277 Weston Rd 3 2","277 WESTON RD 3 2","2021-05-05","2021-05-15","2021-08-05","990000","","1960","1927"
"72659209","47 Colburn Road 2 2","47 COLBURN RD 2 2","2020-05-19","2020-05-30","2020-06-11","990000","","2090","1928"
"72944331","6 Oakland Cir 3 2","6 OAKLAND CIR 3 2","2022-02-17","2022-05-05","2022-07-24","985000","","1521","1890"
"72787107","28 Grantland Rd 3 1","28 GRANTLAND RD 3 1","2021-02-16","2021-02-22","2021-05-04","985000","","1556","1929"
"72949586","102 Evergreen Ave 3 1","102 EVERGREEN AVE 3 1","2022-03-06","2022-03-31","2022-05-12","980000","","1965","1984"
"72902095","31 Clifford St 3 1","31 CLIFFORD ST 3 1","2021-09-28","2021-10-02","2021-11-03","975000","","1736","1932"
"72884858","103 Mayo Road 3 1","103 MAYO RD 3 1","2021-08-21","2021-08-30","2021-10-21","975000","","1380","1948"
"72652479","69 Donizetti St 3 2","69 DONIZETTI ST 3 2","2020-05-05","2020-05-06","2020-06-17","975000","","2828","1954"
"73036919","6 Redwing Rd 3 2","6 REDWING RD 3 2","2022-09-13","2022-10-08","2022-12-04","969900","","1823","1955"
"72915968","15 Oriole Rd 3 2","15 ORIOLE RD 3 2","2021-11-02","2021-11-16","2022-01-09","965000","","1408","1955"
"72662235","4 Bryn Mawr Rd 3 2","4 BRYN MAWR RD 3 2","2020-05-26","2020-06-07","2020-07-13","965000","","1669","1924"
"72658211","39 Mayo Rd 3 2","39 MAYO RD 3 2","2020-05-18","2020-05-18","2020-08-26","965000","","1725","1948"
"73045697","36 Bay View Road 3 1","36 BAY VIEW RD 3 1","2022-10-06","2022-10-11","2022-11-13","950000","","1562","1938"
"73034634","62 River Street 3 1","62 RIVER ST 3 1","2022-09-08","2022-10-17","2022-12-14","950000","","1514","1930"
"72888879","20 Marshall Rd 3 2","20 MARSHALL RD 3 2","2021-08-31","2021-09-07","2021-10-05","950000","","1432","1953"
"72747130","19 Priscilla Road 5 2","19 PRISCILLA RD 5 2","2020-10-21","2020-10-28","2020-12-15","950000","","1850","1950"
"72619452","60 Audubon Rd 3 2","60 AUDUBON RD 3 2","2020-02-12","2020-02-14","2020-04-14","950000","","1706","1952"
"72803425","9 Stonecleve Road 4 2","9 STONECLEVE RD 4 2","2021-03-23","2021-03-28","2021-06-01","949900","","2100","1960"
"72811545","31 Atwood St 3 2","31 ATWOOD ST 3 2","2021-04-07","2021-04-13","2021-05-24","949899","","1518","1910"
"72928515","20 Beechwood Terrace 3 1","20 BEECHWOOD TER 3 1","2021-12-16","2021-12-21","2022-02-17","949888","","1427","1950"
"72686675","12 Durant Road 3 2","12 DURANT RD 3 2","2020-07-06","2020-07-17","2020-08-30","949000","","1944","1940"
"72659527","15 Redwing Road 4 2","15 REDWING RD 4 2","2020-05-20","2020-05-25","2020-06-28","945000","","2100","1955"
"72826236","3 Fairbanks Ave 4 1","3 FAIRBANKS AVE 4 1","2021-05-04","2021-05-09","2021-06-22","940000","","1627","1920"
"72803558","5 Sessions St 3 2","5 SESSIONS ST 3 2","2021-03-23","2021-03-28","2021-05-27","935000","","1886","1920"
"72709979","30 Lexington Rd 3 2","30 LEXINGTON RD 3 2","2020-08-13","2020-10-08","2020-11-12","935000","","2193","1959"
"72604534","22 Grantland Rd 3 1","22 GRANTLAND RD 3 1","2020-01-04","2020-01-20","2020-03-01","930000","","1440","1928"
"72838373","71 Beechwood Rd 3 2","71 BEECHWOOD RD 3 2","2021-05-25","2021-06-14","2021-07-29","929000","","1626","1940"
"72702495","11 Wildon Road 3 1","11 WILDON RD 3 1","2020-08-01","2020-08-13","2020-09-20","929000","","1570","1945"
"72793811","27 Manor Ave 3 2","27 MANOR AVE 3 2","2021-03-04","2021-03-07","2021-05-27","925000","","1560","1957"
"72790094","14 Greenlawn Avenue 3 2","14 GREENLAWN AVE 3 2","2021-02-24","2021-03-01","2021-06-06","925000","","1934","1952"
"72702431","20 Clifford St 4 1","20 CLIFFORD ST 4 1","2020-08-01","2020-08-07","2020-09-30","925000","","1984","1862"
"72693445","32 Bobolink Rd 3 3","32 BOBOLINK RD 3 3","2020-07-16","2020-07-17","2020-09-03","925000","","1803","1955"
"72641874","4 Stevens Rd 4 1","4 STEVENS RD 4 1","2020-04-06","2020-08-09","2020-09-08","925000","","2521","1967"
"72891904","19 Turner Road 3 1","19 TURNER RD 3 1","2021-09-07","2021-09-11","2021-09-23","924900","","1100","1955"
"73016932","12 Pine Tree Rd 3 1","12 PINE TREE RD 3 1","2022-07-24","2022-07-25","2022-08-25","920000","","1525","1925"
"72806927","72 Martin Rd 3 1","72 MARTIN RD 3 1","2021-03-31","2021-04-06","2021-05-26","910000","","1721","1934"
"72995466","79 ALBA ROAD 3 1","79 ALBA RD 3 1","2022-06-08","2022-06-12","2022-07-21","899900","","1452","1948"
"72669269","5 Sylvester Ter 4 1","5 SYLVESTER TER 4 1","2020-06-06","2020-06-09","2020-07-30","899900","","1895","1880"
"72660738","6 Bethel Rd 3 2","6 BETHEL RD 3 2","2020-05-21","2020-06-14","2020-07-14","899900","","1780","1966"
"73052252","24 Martin Rd 3 1","24 MARTIN RD 3 1","2022-10-25","2022-11-20","2023-01-10","899000","","1646","1937"
"72945642","305 Linden Street 2 2","305 LINDEN ST 2 2","2022-02-22","2022-02-27","2022-04-28","899000","","1225","1940"
"72933794","36 Shore Rd 3 1","36 SHORE RD 3 1","2022-01-12","2022-01-17","2022-02-24","899000","","1252","1928"
"72916643","2 Alba Rd 2 1","2 ALBA RD 2 1","2021-11-03","2021-11-21","2022-01-02","899000","","1413","1950"
"72914005","15 HASTINGS STREET 5 2","15 HASTINGS ST 5 2","2021-10-27","2021-11-01","2021-12-27","899000","","1676","1986"
"72858024","20 Edgemoor Ave 4 2","20 EDGEMOOR AVE 4 2","2021-06-28","2021-07-05","2021-09-16","899000","","1674","1953"
"72823088","42 Martin Rd. 3 1","42 MARTIN RD 3 1","2021-04-28","2021-05-19","2021-06-29","899000","","1344","1937"
"72801096","9 Wilde Rd 3 1","9 WILDE RD 3 1","2021-03-18","2021-03-23","2021-05-12","899000","","1130","1937"
"72793824","23 Lawrence Rd 3 2","23 LAWRENCE RD 3 2","2021-03-04","2021-03-07","2021-05-09","899000","","1140","1955"
"72780961","28 Edgemoor Avenue 3 1","28 EDGEMOOR AVE 3 1","2021-01-31","2021-02-04","2021-04-19","899000","","1775","1917"
"72771923","35 Fells Rd 3 2","35 FELLS RD 3 2","2021-01-05","2021-01-09","2021-02-18","899000","","1728","1961"
"72762027","31 Pinewood Rd 3 3","31 PINEWOOD RD 3 3","2020-11-29","2020-12-08","2021-01-20","899000","","2064","1975"
"72749810","3 Stevens Rd 3 1","3 STEVENS RD 3 1","2020-10-27","2020-11-09","2020-12-15","899000","","1577","1913"
"72724834","319 Linden Street 2 2","319 LINDEN ST 2 2","2020-09-10","2020-10-24","2020-12-06","899000","","1408","1938"
"72687154","20 Cavanagh Rd. 3 1","20 CAVANAGH RD 3 1","2020-07-07","2020-07-11","2020-08-23","899000","","1808","1928"
"72660049","41 Oakland St 4 2","41 OAKLAND ST 4 2","2020-05-20","2020-05-23","2020-08-28","899000","","2800","1923"
"72659569","7 Ashmont Rd 3 2","7 ASHMONT RD 3 2","2020-05-20","2020-07-12","2020-10-29","899000","","1688","1966"
"72653871","73 Prospect St 4 1","73 PROSPECT ST 4 1","2020-05-08","2020-05-09","2020-07-14","899000","","1920","1901"
"72616018","24 Pine Plain Road 3 1","24 PINE PLAIN RD 3 1","2020-02-04","2020-06-04","2020-06-22","899000","","1873","1929"
"72990564","8 Spruce Park 3 2","8 SPRUCE PARK 3 2","2022-05-31","2022-06-06","2022-07-14","895000","","1696","1935"
"72645150","24 College Rd 3 2","24 COLLEGE RD 3 2","2020-04-16","2020-04-23","2020-06-17","895000","","1584","1947"
"72924185","5 Intervale Rd 2 2","5 INTERVALE RD 2 2","2021-11-30","2021-12-13","2022-01-13","888000","","2244","1923"
"72578025","89 Wellesley Avenue 4 3","89 WELLESLEY AVE 4 3","2019-10-09","2019-12-08","2020-01-30","888000","","2300","1955"
"72735595","7 Massasoit Rd 3 2","7 MASSASOIT RD 3 2","2020-09-30","2020-10-06","2020-11-15","885000","","1567","1956"
"72704882","89 Seaver St 3 2","89 SEAVER ST 3 2","2020-08-04","2020-08-09","2020-09-09","875000","","1837","1949"
"72696151","30 Pine Plain Rd 3 1","30 PINE PLAIN RD 3 1","2020-07-21","2020-08-16","2020-10-01","875000","","1757","1933"
"72648207","5 Greenlawn Ave 3 1","5 GREENLAWN AVE 3 1","2020-04-26","2020-05-23","2020-06-14","875000","","1568","1930"
"72666225","61 Donizetti Street 4 2","61 DONIZETTI ST 4 2","2020-06-01","2020-06-25","2020-07-16","874999","","1715","1937"
"72712111","12 Ashmont Rd 4 2","12 ASHMONT RD 4 2","2020-08-18","2020-08-24","2020-09-27","870000","","1750","1956"
"72754451","110 Great Plain Ave 3 2","110 GREAT PLAIN AVE 3 2","2020-11-06","2020-11-11","2020-12-22","869900","","2300","1952"
"72686764","22 Geraldine Drive 3 2","22 GERALDINE DR 3 2","2020-07-07","2020-09-09","2020-10-14","865000","","1532","1969"
"72616391","41 Manor Ave 4 2","41 MANOR AVE 4 2","2020-02-05","2020-02-08","2020-03-22","860000","","1807","1950"
"72663339","41 Maurice Road 3 1","41 MAURICE RD 3 1","2020-05-27","2020-07-17","2020-08-27","859000","","1946","1954"
"72872739","103 Manor ave 3 1","103 MANOR AVE 3 1","2021-07-27","2021-09-27","2021-11-09","854900","","1378","1968"
"72952666","88 Crest Rd 4 1","88 CREST RD 4 1","2022-03-30","2022-06-20","2022-08-02","850000","","1876","1905"
"72881210","7 Sunnyside Ave 3 2","7 SUNNYSIDE AVE 3 2","2021-08-12","2021-08-26","2021-09-23","850000","","1408","1963"
"72613894","28 High Ledge Ave 3 1","28 HIGH LEDGE AVE 3 1","2020-01-29","2020-02-08","2020-03-26","850000","","1304","1935"
"72606233","23 Hastings Street 2 2","23 HASTINGS ST 2 2","2020-01-08","2020-01-27","2020-04-20","849000","","1582","1900"
"72573832","85 Kingsbury St 3 2","85 KINGSBURY ST 3 2","2019-10-01","2019-10-04","2020-03-22","849000","","1571","1938"
"72750189","243 WESTON RD 3 1","243 WESTON RD 3 1","2020-10-28","2020-11-01","2020-12-29","839000","","2224","1925"
"72729768","17 Roberts Rd 3 1","17 ROBERTS RD 3 1","2020-09-20","2020-10-31","2020-12-16","839000","","1559","1940"
"72712657","421 Weston Rd 3 1","421 WESTON RD 3 1","2020-08-18","2020-08-22","2020-09-29","839000","","1430","1930"
"73043331","1 Westerly St 3 1","1 WESTERLY ST 3 1","2022-09-30","2022-10-01","2022-11-07","829000","","1241","1915"
"72928380","19 Minuteman Ln 4 2","19 MINUTEMAN LN 4 2","2021-12-15","2021-12-19","2022-01-31","825000","","1728","1987"
"72831211","7 Oriole Rd 3 2","7 ORIOLE RD 3 2","2021-05-12","2021-05-16","2021-06-30","819000","","1386","1955"
"72859609","20 Duxbury Rd 3 2","20 DUXBURY RD 3 2","2021-07-01","2021-09-03","2021-11-16","815000","","1260","1941"
"72954679","6 Bryn Mawr Road 2 1","6 BRYN MAWR RD 2 1","2022-03-17","2022-03-20","2022-04-25","800000","","879","1929"
"72687775","22 Cunningham Rd 2 1","22 CUNNINGHAM RD 2 1","2020-07-08","2020-09-14","2020-10-27","800000","","1226","1940"
"72855271","311 Linden Street 4 1","311 LINDEN ST 4 1","2021-06-22","2021-09-08","2021-10-31","799000","","1266","1948"
"72813987","382 Worcester St 3 2","382 WORCESTER ST 3 2","2021-04-13","2021-04-22","2021-06-06","799000","","1905","1950"
"72784425","299 Weston Rd 3 1","299 WESTON RD 3 1","2021-02-09","2021-02-14","2021-03-28","799000","","2122","1929"
"72735545","10 Duxbury Rd 3 2","10 DUXBURY RD 3 2","2020-09-30","2020-11-02","2020-12-21","799000","","1992","1940"
"72723025","3 Garrison Rd 4 2","3 GARRISON RD 4 2","2020-09-08","2020-10-02","2020-12-01","799000","","1735","1949"
"72479947","387 Weston Road 3 1","387 WESTON RD 3 1","2019-04-09","2019-11-12","2020-02-12","799000","","1760","1924"
"72808043","14 Lexington Rd 3 1","14 LEXINGTON RD 3 1","2021-04-01","2021-04-06","2021-05-27","795000","","1082","1952"
"72777295","305 Weston Rd 5 1","305 WESTON RD 5 1","2021-01-20","2021-02-04","2021-03-28","795000","","1755","1929"
"72661252","46 River Ridge 2 2","46 RIVER RIDGE 2 2","2020-05-24","2020-07-13","2020-08-30","795000","","1314","1871"
"72869023","19 Hill Top Rd 2 1","19 HILL TOP RD 2 1","2021-07-20","2021-07-30","2021-09-15","789000","","926","1935"
"72687367","76 Great Plain Avenue 3 2","76 GREAT PLAIN AVE 3 2","2020-07-07","2021-01-28","2021-02-24","785000","","1569","1955"
"72913198","265 Weston Road 2 1","265 WESTON RD 2 1","2021-10-26","2021-10-30","2021-12-07","775000","","1056","1875"
"72694823","46 Overbrook Dr 3 2","46 OVERBROOK DR 3 2","2020-07-19","2020-09-01","2020-10-12","769000","","1818","1947"
"72885624","159 Weston Rd 4 1","159 WESTON RD 4 1","2021-08-23","2021-08-28","2021-10-03","750000","","1792","1890"
"72880744","161 Cedar St 3 1","161 CEDAR ST 3 1","2021-08-11","2021-08-13","2021-09-27","750000","","1186","1900"
"72920444","17 Russell Rd 3 1","17 RUSSELL RD 3 1","2021-11-15","2021-11-17","2021-12-14","749900","","1121","1955"
"72787474","34 Cedar St 3 2","34 CEDAR ST 3 2","2021-02-17","2021-02-18","2021-03-30","749900","","1657","1860"
"72701705","347 Weston Rd 3 1","347 WESTON RD 3 1","2020-07-30","2020-12-01","2020-12-30","749000","","1864","1938"
"72672745","38 Donizetti Street 3 1","38 DONIZETTI ST 3 1","2020-06-11","2020-07-08","2020-08-31","749000","","1181","1920"
"72633379","142 Oakland Street 3 1","142 OAKLAND ST 3 1","2020-03-12","2020-06-06","2020-07-21","749000","","1100","1939"
"72521290","8 Mellon Rd 4 2","8 MELLON RD 4 2","2019-06-18","2019-12-14","2020-02-11","749000","","1528","1920"
"72831591","460 Weston Rd 2 1","460 WESTON RD 2 1","2021-05-12","2021-08-01","2021-09-20","739000","","1214","1926"
"72635527","1 Standish Road 2 1","1 STANDISH RD 2 1","2020-03-17","2020-06-14","2020-07-29","735000","","1572","1938"
"72913277","147 Walnut St 2 1","147 WALNUT ST 2 1","2021-10-26","2021-10-31","2022-01-19","725000","","1069","1871"
"72709142","82 Wellesley Ave 3 1","82 WELLESLEY AVE 3 1","2020-08-12","2020-09-20","2020-10-29","725000","","1668","1852"
"73000690","56 Manor Ave 2 1","56 MANOR AVE 2 1","2022-06-19","2022-06-24","2022-08-02","720000","","928","1937"
"72491329","54 Prospect St 2 1","54 PROSPECT ST 2 1","2019-04-30","2019-11-03","2020-04-21","700000","","938","1946"
"73015416","271 Weston Rd 3 1","271 WESTON RD 3 1","2022-07-20","2022-08-02","2022-09-06","699900","","1497","1916"
"72967734","10 FIFE ROAD 3 1","10 FIFE RD 3 1","2022-04-17","2022-04-20","2022-05-12","699900","","1344","1940"
"72709889","9 Hill Top Rd 2 1","9 HILL TOP RD 2 1","2020-08-13","2020-09-01","2020-09-29","675000","","792","1923"
"72570412","139 Overbrook Dr 3 2","139 OVERBROOK DR 3 2","2019-09-24","2020-01-12","2020-11-05","675000","","1482","1900"
"72585700","1 Sunnyside Ave 3 2","1 SUNNYSIDE AVE 3 2","2019-10-27","2020-10-12","2021-04-15","640000","","1968","1955"
"73048271","96 Woodside Ave 2 1","96 WOODSIDE AVE 2 1","2022-10-13","2022-10-16","2022-10-30","599999","","708","1928"
"72662397","75 High Ledge Ave 3 1","75 HIGH LEDGE AVE 3 1","2020-05-26","2020-09-20","2020-11-05","599900","","1008","1962"
"72688352","83 Edgemoor Ave 2 2","83 EDGEMOOR AVE 2 2","2020-07-08","2020-08-17","2020-10-05","568888","","1500","1930"
"72887167","2 Dale St 2 1","2 DALE ST 2 1","2021-08-25","2022-01-11","2022-03-28","549900","","1009","1930"
"72715709","65 High Ledge Ave 2 1","65 HIGH LEDGE AVE 2 1","2020-08-25","2020-09-10","2022-05-31","525000","","572","1899"
"72600007","10 Oakland Circle 2 1","10 OAKLAND CIR 2 1","2019-12-10","2019-12-19","2020-01-13","499000","","798","1890"
"72941878","2 Buckingham Terrace","2 BUCKINGHAM TER","2022-02-09","2022-02-12","2022-02-27","2695000","","",""
"72759310","2 Buckingham Ter","2 BUCKINGHAM TER","2020-11-18","2020-12-30","2021-01-28","2250000","","",""
"72946330","60 Livingston Rd","60 LIVINGSTON RD","2022-02-24","2022-02-28","2022-04-14","2195000","","",""
"72627539","8 Lowell Rd","8 LOWELL RD","2020-03-03","2020-07-20","2020-09-08","1945000","","",""
"72729247","40 Park Ave","40 PARK AVE","2020-09-17","2020-11-11","2021-01-19","1495000","","",""
"72829190","20 Oakland St Lot 3L","20 OAKLAND ST LOT 3L","2021-05-10","2021-06-24","2021-08-19","1350000","","",""
"72829188","20 Oakland St lot 2L","20 OAKLAND ST LOT 2L","2021-05-10","2021-06-24","2021-08-19","1200000","","",""
"72929478","1 Sunnyside","1 SUNNYSIDE","2021-12-23","2021-12-28","2022-02-01","799000","","",""
"72571149","15 The Waterway","15 THE WATERWAY","2019-09-25","2019-12-15","2022-10-13","749000","","",""
"72581563","251 Weston Road","251 WESTON RD","2019-10-16","2020-03-02","2020-07-22","719000","","",""
"72554441","26 Lantern Lane","26 LANTERN LN","2019-08-22","2020-06-18","2021-04-29","629000","","",""
"72906042","917 Worcester St","917 WORCESTER ST","2021-10-06","2022-01-27","2022-03-29","600000","","",""